id,chinese,english,old_part_of_speech,new_part_of_speech,reason
6,保险箱,a safe,adjective,noun,"Names an object, person, food, field, or nominal concept; the whole expression is not adjectival or verbal."
8,离婚,divorce,noun,verb,Action or mental process; not a noun in the listed sense.
9,创业,entrepreneurship,noun,verb,Action or mental process; not a noun in the listed sense.
12,黄金,gold,adjective,noun,"Names an object, person, food, field, or nominal concept; the whole expression is not adjectival or verbal."
19,担心,anxious;worried,noun,verb,Action or mental process; not a noun in the listed sense.
22,说服,persuade,noun,verb,Action or mental process; not a noun in the listed sense.
29,推迟,postpone,noun,verb,Action or mental process; not a noun in the listed sense.
32,爱国,patriotic,noun,verb,Action or mental process; not a noun in the listed sense.
33,自大,arrogant,noun,adjective,Describes a quality or state; not a noun.
34,天真,innocent;naive,noun,adjective,Describes a quality or state; not a noun.
35,完美,perfect,noun,adjective,Describes a quality or state; not a noun.
36,可爱,cute,noun,adjective,Describes a quality or state; not a noun.
38,可行,feasible,noun,adjective,Describes a quality or state; not a noun.
39,可回收,recyclable,noun,adjective,Describes a quality or state; not a noun.
41,易燃,flammable,noun,adjective,Describes a quality or state; not a noun.
42,易爆,explosive,noun,adjective,Describes a quality or state; not a noun.
50,受欢迎,popular,noun,adjective,Describes a quality or state; not a noun.
51,假装,pretend;to feign,noun,verb,Action or mental process; not a noun in the listed sense.
57,新闻,news,adjective,noun,"Names an object, person, food, field, or nominal concept; the whole expression is not adjectival or verbal."
58,公平,fair,noun,adjective,Describes a quality or state; not a noun.
105,安心,peace of mind;at ease; relieved,noun,adjective,Describes a quality or state; not a noun.
107,俄罗斯方块,Tetris,noun,proper_noun,"Names a specific person, place, organization, or titled work."
108,全面,thorough;all-around,noun,adjective,Describes a quality or state; not a noun.
112,看情况,it depends;depending on the situation,noun,phrase,"Multiword constituent or fragment rather than a standalone lexical noun, verb, adjective, or adverb."
113,十分,very;extremely,noun,adverb,"Modifies a predicate, degree, or sentence rather than naming a thing."
119,地道,typical;authentic,noun,adjective,Describes a quality or state; not a noun.
123,具体,specific,noun,adjective,Describes a quality or state; not a noun.
126,几十,dozens,noun,numeral,Numerical quantity rather than ordinary noun.
132,好转,improve,noun,verb,Action or mental process; not a noun in the listed sense.
133,主动,initiative;voluntarily,noun,adjective,Describes a quality or state; not a noun.
134,主观,subjective,noun,adjective,Describes a quality or state; not a noun.
138,立马,immediately,noun,adverb,"Modifies a predicate, degree, or sentence rather than naming a thing."
140,重新装修,renovation,noun,phrase,"Multiword constituent or fragment rather than a standalone lexical noun, verb, adjective, or adverb."
141,自动,automatic,noun,adjective,Describes a quality or state; not a noun.
142,自觉,conscious;aware,noun,adjective,Describes a quality or state; not a noun.
143,自私,selfish,noun,adjective,Describes a quality or state; not a noun.
145,自愿,voluntary,noun,adjective,Describes a quality or state; not a noun.
165,狗熊,black bear,adjective,noun,"Names an object, person, food, field, or nominal concept; the whole expression is not adjectival or verbal."
256,羽毛球,badminton,adjective,noun,"Names an object, person, food, field, or nominal concept; the whole expression is not adjectival or verbal."
259,菜花,cauliflower,adjective,noun,"Names an object, person, food, field, or nominal concept; the whole expression is not adjectival or verbal."
298,成分,ingredients,adjective,noun,"Names an object, person, food, field, or nominal concept; the whole expression is not adjectival or verbal."
308,等于,equals,noun,verb,Action or mental process; not a noun in the listed sense.
312,明王朝,Ming dynasty,noun,proper_noun,"Names a specific person, place, organization, or titled work."
313,强大,powerful,noun,adjective,Describes a quality or state; not a noun.
315,坏处,harm;trouble;disadvantage;con,adjective,noun,"Names an object, person, food, field, or nominal concept; the whole expression is not adjectival or verbal."
317,其实,actually,noun,adverb,"Modifies a predicate, degree, or sentence rather than naming a thing."
321,自信,confident,noun,adjective,Describes a quality or state; not a noun.
322,独立,independent,noun,adjective,Describes a quality or state; not a noun.
343,出色,remarkable;outstanding,noun,adjective,Describes a quality or state; not a noun.
354,片面,unilateral;one-sided,noun,adjective,Describes a quality or state; not a noun.
356,独特,unique;distinct,noun,adjective,Describes a quality or state; not a noun.
362,发车,departure,noun,verb,Action or mental process; not a noun in the listed sense.
364,自由职业者,freelancer,adjective,noun,"Names an object, person, food, field, or nominal concept; the whole expression is not adjectival or verbal."
370,神秘,mysterious;mystery,noun,adjective,Describes a quality or state; not a noun.
372,难怪,no wonder,noun,adverb,"Modifies a predicate, degree, or sentence rather than naming a thing."
378,可口可乐,Coca Cola,noun,proper_noun,"Names a specific person, place, organization, or titled work."
379,百事可乐,Pepsi,noun,proper_noun,"Names a specific person, place, organization, or titled work."
392,马上,immediately;at once;right away,noun,adverb,"Modifies a predicate, degree, or sentence rather than naming a thing."
404,复印机,photocopier;copy machine,adjective,noun,"Names an object, person, food, field, or nominal concept; the whole expression is not adjectival or verbal."
410,花言巧语,flowery speech;insincere words,adjective,idiom,"Established idiom: classify the expression as a whole rather than by its literal noun, adjective, or verb gloss."
462,无私,unselfish;selfless,noun,adjective,Describes a quality or state; not a noun.
468,吹牛,brag or boast,noun,verb,Action or mental process; not a noun in the listed sense.
474,杀鸡吓猴,make an example out of someone;punish one to scare the rest,verb,idiom,"Established idiom: classify the expression as a whole rather than by its literal noun, adjective, or verb gloss."
476,摸鱼,slacking off,noun,verb,Action or mental process; not a noun in the listed sense.
479,闭嘴,shut up,noun,verb,Action or mental process; not a noun in the listed sense.
481,长舌妇,busybody;gossip,adjective,noun,"Names an object, person, food, field, or nominal concept; the whole expression is not adjectival or verbal."
494,分不清,can't tell,noun,verb,Action or mental process; not a noun in the listed sense.
496,凉快,pleasantly cool,noun,adjective,Describes a quality or state; not a noun.
497,非常,very,noun,adverb,"Modifies a predicate, degree, or sentence rather than naming a thing."
498,零钱,small change;change,adjective,noun,"Names an object, person, food, field, or nominal concept; the whole expression is not adjectival or verbal."
499,信用卡,credit card,adjective,noun,"Names an object, person, food, field, or nominal concept; the whole expression is not adjectival or verbal."
515,难受,uncomfortable;to feel unwell,noun,adjective,Describes a quality or state; not a noun.
518,轻松,relaxed;light;uncomplicated,noun,adjective,Describes a quality or state; not a noun.
524,比如说,for example,noun,phrase,"Multiword constituent or fragment rather than a standalone lexical noun, verb, adjective, or adverb."
530,金毛,golden retriever,adjective,noun,"Names an object, person, food, field, or nominal concept; the whole expression is not adjectival or verbal."
533,不可思议,inconceivable;unimaginable,noun,idiom,Established idiom rather than an ordinary noun.
544,划算,cost-effective,noun,adjective,Describes a quality or state; not a noun.
545,实用,practical;useful,noun,adjective,Describes a quality or state; not a noun.
559,告别,bid farewell;say goodbye,adjective,verb,The entry denotes an action rather than a noun or adjective.
560,告白,confession,noun,verb,Action or mental process; not a noun in the listed sense.
561,表白,confession,noun,verb,Action or mental process; not a noun in the listed sense.
563,敏感,sensitive,noun,adjective,Describes a quality or state; not a noun.
565,出轨,cheating,noun,verb,Action or mental process; not a noun in the listed sense.
568,偷偷,stealthily;secretly;covertly,noun,adverb,"Modifies a predicate, degree, or sentence rather than naming a thing."
572,破坏,damage;break;destroy,noun,verb,Action or mental process; not a noun in the listed sense.
584,毕业,graduate,noun,verb,Action or mental process; not a noun in the listed sense.
585,同情,sympathy,noun,verb,Action or mental process; not a noun in the listed sense.
588,宽容,lenient;tolerant,noun,adjective,Describes a quality or state; not a noun.
591,看上,like;interested;fancy,noun,verb,Action or mental process; not a noun in the listed sense.
597,据我所知,as far as I know,noun,phrase,"Multiword constituent or fragment rather than a standalone lexical noun, verb, adjective, or adverb."
599,贴心,intimate;close;considerate,noun,adjective,Describes a quality or state; not a noun.
611,弱点,weakness,adjective,noun,"Names an object, person, food, field, or nominal concept; the whole expression is not adjectival or verbal."
612,不在乎,don't care,noun,phrase,"Multiword constituent or fragment rather than a standalone lexical noun, verb, adjective, or adverb."
614,过度自信,overconfident,noun,phrase,"Multiword constituent or fragment rather than a standalone lexical noun, verb, adjective, or adverb."
616,粗话,bad language;vulgar,adjective,noun,"Names an object, person, food, field, or nominal concept; the whole expression is not adjectival or verbal."
617,搞笑,funny;hilarious,noun,adjective,Describes a quality or state; not a noun.
625,没错,right;that's right,noun,sentence,"Complete statement, question, directive, or conventional utterance; classify the entire Chinese entry."
629,高血压,high blood pressure;hypertension,adjective,noun,"Names an object, person, food, field, or nominal concept; the whole expression is not adjectival or verbal."
638,好奇,curious,noun,adjective,Describes a quality or state; not a noun.
639,合法,legal,noun,adjective,Describes a quality or state; not a noun.
641,合理,reasonable,noun,adjective,Describes a quality or state; not a noun.
644,胡说,nonsense,noun,verb,Action or mental process; not a noun in the listed sense.
646,灰心,discouraged,noun,verb,Action or mental process; not a noun in the listed sense.
656,健身,fitness,noun,verb,Action or mental process; not a noun in the listed sense.
657,懂事,sensible,noun,adjective,Describes a quality or state; not a noun.
659,开明,open-minded;enlightened,noun,adjective,Describes a quality or state; not a noun.
680,辛苦,exhausting;hard work,noun,adjective,Describes a quality or state; not a noun.
683,分别,respectively,noun,adverb,Adverbial sense given in the English gloss.
684,难处,difficulties;trouble,adjective,noun,"Names an object, person, food, field, or nominal concept; the whole expression is not adjectival or verbal."
687,流利,fluent,noun,adjective,Describes a quality or state; not a noun.
692,可怕,horrible,noun,adjective,Describes a quality or state; not a noun.
695,睡着了,fall asleep,noun,sentence,"Complete statement, question, directive, or conventional utterance; classify the entire Chinese entry."
700,说不定,maybe;can't say for sure,noun,adverb,"Modifies a predicate, degree, or sentence rather than naming a thing."
702,随身的行李,carry-on luggage,noun,phrase,"Multiword constituent or fragment rather than a standalone lexical noun, verb, adjective, or adverb."
706,不小心,accidentally,noun,phrase,"Multiword constituent or fragment rather than a standalone lexical noun, verb, adjective, or adverb."
709,扭伤,sprain,noun,verb,Action or mental process; not a noun in the listed sense.
710,满意,satisfied;pleased,noun,adjective,Describes a quality or state; not a noun.
712,淘气,naughty;mischievous,noun,adjective,Describes a quality or state; not a noun.
717,多次,repeatedly;many times,noun,phrase,"Multiword constituent or fragment rather than a standalone lexical noun, verb, adjective, or adverb."
731,高铁,high speed rail,adjective,noun,"Names an object, person, food, field, or nominal concept; the whole expression is not adjectival or verbal."
739,冷萃,cold brew,adjective,noun,"Names an object, person, food, field, or nominal concept; the whole expression is not adjectival or verbal."
766,迷人,fascinating;enchanting;charming,noun,adjective,Describes a quality or state; not a noun.
778,随地吐痰,spit;spitting anywhere,noun,phrase,"Multiword constituent or fragment rather than a standalone lexical noun, verb, adjective, or adverb."
780,熬夜,stay up late;stay up all night,noun,verb,Action or mental process; not a noun in the listed sense.
781,宝贵,valuable; precious,noun,adjective,Describes a quality or state; not a noun.
789,恶心,nausea;feel sick;disgusting,noun,adjective,Describes a quality or state; not a noun.
797,有害,destructive;harmful;damaging,noun,adjective,Describes a quality or state; not a noun.
821,弄清楚,figure out,noun,verb,Action or mental process; not a noun in the listed sense.
823,举一反三,learn by analogy,verb,idiom,"Established idiom: classify the expression as a whole rather than by its literal noun, adjective, or verb gloss."
824,根深蒂固,deep-rooted;ingrained,adjective,idiom,"Established idiom: classify the expression as a whole rather than by its literal noun, adjective, or verb gloss."
826,高效,efficient,noun,adjective,Describes a quality or state; not a noun.
831,满月,full moon,adjective,noun,"Names an object, person, food, field, or nominal concept; the whole expression is not adjectival or verbal."
841,难得,rare;seldom,noun,adjective,Describes a quality or state; not a noun.
843,感人,touching;moving,noun,adjective,Describes a quality or state; not a noun.
845,肥胖,obese;obesity,noun,adjective,Describes a quality or state; not a noun.
849,即将,upcoming;coming soon;on the verge of,noun,adverb,"Modifies a predicate, degree, or sentence rather than naming a thing."
866,顺便,conveniently;in passing,noun,adverb,"Modifies a predicate, degree, or sentence rather than naming a thing."
867,逐步,progressively;step by step;gradually,noun,adverb,"Modifies a predicate, degree, or sentence rather than naming a thing."
869,小丑,clown,adjective,noun,"Names an object, person, food, field, or nominal concept; the whole expression is not adjectival or verbal."
872,精彩,wonderful;marvelous,noun,adjective,Describes a quality or state; not a noun.
891,富二代,rich second generation,adjective,noun,"Names an object, person, food, field, or nominal concept; the whole expression is not adjectival or verbal."
900,超重,overweight,noun,adjective,Describes a quality or state; not a noun.
904,暗地里,secretly,noun,adverb,"Modifies a predicate, degree, or sentence rather than naming a thing."
912,一再,repeatedly,noun,adverb,"Modifies a predicate, degree, or sentence rather than naming a thing."
932,老化,outdated;aging,noun,verb,Action or mental process; not a noun in the listed sense.
935,求婚,proposal;to propose marriage,noun,verb,Action or mental process; not a noun in the listed sense.
936,可惜,what a pity;unfortunately,noun,adjective,Describes a quality or state; not a noun.
937,优美,graceful;elegant,noun,adjective,Describes a quality or state; not a noun.
938,先进,advanced; progressive,noun,adjective,Describes a quality or state; not a noun.
941,有利,favorable;advantageous,noun,adjective,Describes a quality or state; not a noun.
951,停产,discontinued;stop production,noun,verb,Action or mental process; not a noun in the listed sense.
952,无论,regardless;no matter what,noun,conjunction,Connects clauses or alternatives.
956,熟练,skilled;practiced,noun,adjective,Describes a quality or state; not a noun.
959,困境,dilemma;predicament,adjective,noun,"Names an object, person, food, field, or nominal concept; the whole expression is not adjectival or verbal."
961,自然灾害,natural disaster,adjective,noun,"Names an object, person, food, field, or nominal concept; the whole expression is not adjectival or verbal."
962,再三,repeatedly;over and over;again and again,noun,adverb,"Modifies a predicate, degree, or sentence rather than naming a thing."
963,加工的,processed,noun,phrase,"Multiword constituent or fragment rather than a standalone lexical noun, verb, adjective, or adverb."
964,酒后驾车,drinking and driving,noun,phrase,"Multiword constituent or fragment rather than a standalone lexical noun, verb, adjective, or adverb."
973,改编,adaptation;to adapt;reorganize;rearrange,noun,verb,Action or mental process; not a noun in the listed sense.
989,人人,everyone,noun,pronoun,Pronominal expression.
991,不正常,abnormal,noun,adjective,Describes a quality or state; not a noun.
992,不正确,incorrect,noun,adjective,Describes a quality or state; not a noun.
996,滑雪,ski,noun,verb,Action or mental process; not a noun in the listed sense.
1014,有毒,poisonous,noun,adjective,Describes a quality or state; not a noun.
1031,流量,flow rate; traffic volume; data usage,adjective,noun,"Names an object, person, food, field, or nominal concept; the whole expression is not adjectival or verbal."
1032,听天由命,to leave things to fate; to resign oneself to fate,verb,idiom,"Established idiom: classify the expression as a whole rather than by its literal noun, adjective, or verb gloss."
1036,住院,hospitalized;inpatient,noun,verb,Action or mental process; not a noun in the listed sense.
1045,周到,thoughtful;considerate,noun,adjective,Describes a quality or state; not a noun.
1055,资源,resource;natural resource,adjective,noun,"Names an object, person, food, field, or nominal concept; the whole expression is not adjectival or verbal."
1058,没意识到,didn't realize,noun,phrase,"Multiword constituent or fragment rather than a standalone lexical noun, verb, adjective, or adverb."
1059,总算,finally;at long last,noun,adverb,"Modifies a predicate, degree, or sentence rather than naming a thing."
1063,看病人,see a patient,noun,phrase,"Multiword constituent or fragment rather than a standalone lexical noun, verb, adjective, or adverb."
1064,请假,request leave;ask for leave,noun,verb,The entry denotes an action rather than a noun or adjective.
1067,难免,inevitable;hard to avoid,noun,adjective,Describes a quality or state; not a noun.
1075,考研,graduate school entrance exam,noun,verb,Action or mental process; not a noun in the listed sense.
1076,考公,civil service exam,noun,verb,Action or mental process; not a noun in the listed sense.
1081,按照,according to,adverb,preposition,Introduces a prepositional phrase.
1085,可再生能源,renewable energy,adjective,noun,"Names an object, person, food, field, or nominal concept; the whole expression is not adjectival or verbal."
1092,从不,never,noun,adverb,"Modifies a predicate, degree, or sentence rather than naming a thing."
1096,成名,rise to fame;become famous,adjective,verb,Action or process; incorrect adjective/adverb label.
1100,心疼,concerned;feel sorry for someone,noun,verb,Action or mental process; not a noun in the listed sense.
1102,一半一半,half and half,noun,phrase,"Multiword constituent or fragment rather than a standalone lexical noun, verb, adjective, or adverb."
1113,晒太阳,sunbathing,noun,verb,Action or mental process; not a noun in the listed sense.
1115,晒伤,sunburn,noun,verb,Action or mental process; not a noun in the listed sense.
1122,破产,bankrupt;bankruptcy,noun,verb,Action or mental process; not a noun in the listed sense.
1126,抽象,abstract,noun,adjective,Describes a quality or state; not a noun.
1129,生动,vivid;lively,noun,adjective,Describes a quality or state; not a noun.
1131,失眠,insomnia,noun,verb,Action or mental process; not a noun in the listed sense.
1132,失业,unemployment;to lose one's job,noun,verb,Action or mental process; not a noun in the listed sense.
1133,城堡,castle,proper_noun,noun,"Names an object, person, food, field, or nominal concept; the whole expression is not adjectival or verbal."
1135,黄金时代,golden age,adjective,noun,"Names an object, person, food, field, or nominal concept; the whole expression is not adjectival or verbal."
1136,难忘,unforgettable,noun,adjective,Describes a quality or state; not a noun.
1139,始终,all along;throughout;always,noun,adverb,"Modifies a predicate, degree, or sentence rather than naming a thing."
1142,出院,discharge from hospital,noun,verb,Action or mental process; not a noun in the listed sense.
1145,青提,green grapes,adjective,noun,"Names an object, person, food, field, or nominal concept; the whole expression is not adjectival or verbal."
1146,红提,red grapes,adjective,noun,"Names an object, person, food, field, or nominal concept; the whole expression is not adjectival or verbal."
1148,理所当然,natural and right; only to be expected; as a matter of course,adjective,idiom,"Established idiom: classify the expression as a whole rather than by its literal noun, adjective, or verb gloss."
1149,傲慢,arrogant,noun,adjective,Describes a quality or state; not a noun.
1152,明明,obviously,adjective,adverb,Adverbial entry rather than adjective.
1156,宠爱,pamper;to dote on,noun,verb,Action or mental process; not a noun in the listed sense.
1171,流浪,wandering;to wander,noun,verb,Action or mental process; not a noun in the listed sense.
1180,花园,garden,proper_noun,noun,"Names an object, person, food, field, or nominal concept; the whole expression is not adjectival or verbal."
1183,天线宝宝,Teletubbies,noun,proper_noun,"Names a specific person, place, organization, or titled work."
1184,海绵宝宝,SpongeBob SquarePants,noun,proper_noun,"Names a specific person, place, organization, or titled work."
1195,刚好,just;exactly;happen to,noun,adverb,"Modifies a predicate, degree, or sentence rather than naming a thing."
1202,掉头,U-turn,noun,verb,Action or mental process; not a noun in the listed sense.
1203,绕道,detour,noun,verb,Action or mental process; not a noun in the listed sense.
1211,持怀疑态度,skeptical,noun,phrase,"Multiword constituent or fragment rather than a standalone lexical noun, verb, adjective, or adverb."
1217,发球,serve (ball),noun,verb,Action or mental process; not a noun in the listed sense.
1219,自杀,suicide,noun,verb,Action or mental process; not a noun in the listed sense.
1220,棉花糖,marshmallow;cotton candy,adjective,noun,"Names an object, person, food, field, or nominal concept; the whole expression is not adjectival or verbal."
1231,堵车,traffic jam,noun,verb,Action or mental process; not a noun in the listed sense.
1232,清新,fresh (air),noun,adjective,Describes a quality or state; not a noun.
1240,自给自足,self-sufficient,noun,idiom,Established idiom rather than an ordinary noun.
1248,退化,deteriorate;degeneration,noun,verb,Action or mental process; not a noun in the listed sense.
1250,盲目自信,blind confidence,noun,phrase,"Multiword constituent or fragment rather than a standalone lexical noun, verb, adjective, or adverb."
1255,耳熟,sound familiar,noun,adjective,Describes a quality or state; not a noun.
1256,眼熟,look familiar;seem familiar,verb,adjective,Describes familiarity of appearance.
1257,延毕,Delayed graduation,noun,verb,Action or mental process; not a noun in the listed sense.
1265,性感,sexy,noun,adjective,Describes a quality or state; not a noun.
1266,卖完了,sold out,adjective,sentence,"Complete statement, question, directive, or conventional utterance; classify the entire Chinese entry."
1267,老友,old friend,adjective,noun,"Names an object, person, food, field, or nominal concept; the whole expression is not adjectival or verbal."
1268,老友记,Friends (TV show),noun,proper_noun,"Names a specific person, place, organization, or titled work."
1274,未必,not necessarily,noun,adverb,"Modifies a predicate, degree, or sentence rather than naming a thing."
1283,悲观,pessimistic,noun,adjective,Describes a quality or state; not a noun.
1287,成熟,ripen;mature,noun,adjective,Describes a quality or state; not a noun.
1288,亲密,close;intimate,noun,adjective,Describes a quality or state; not a noun.
1293,安家,settle down,noun,verb,Action or mental process; not a noun in the listed sense.
1296,育儿,childcare,noun,verb,Action or mental process; not a noun in the listed sense.
1302,必选项,required item; mandatory selection,adjective,noun,"Names an object, person, food, field, or nominal concept; the whole expression is not adjectival or verbal."
1303,提到,mentioned,noun,verb,Action or mental process; not a noun in the listed sense.
1307,鼓励,encourage,noun,verb,Action or mental process; not a noun in the listed sense.
1316,分享,share,noun,verb,Action or mental process; not a noun in the listed sense.
1318,非法,illegal,noun,adjective,Describes a quality or state; not a noun.
1334,出租,for rent,noun,verb,Action or mental process; not a noun in the listed sense.
1337,定制,customize;custom made,noun,verb,Action or mental process; not a noun in the listed sense.
1338,租金,rent (amount),verb,noun,"Names an object, person, food, field, or nominal concept; the whole expression is not adjectival or verbal."
1339,排序,sort,noun,verb,Action or mental process; not a noun in the listed sense.
1341,强暴,rape,noun,verb,Action or mental process; not a noun in the listed sense.
1342,火化,cremation,noun,verb,Action or mental process; not a noun in the listed sense.
1343,落后,backwards (thinking);to fall behind;lagging,noun,adjective,Describes a quality or state; not a noun.
1347,三十几岁,thirties;thirty-something,noun,phrase,"Multiword constituent or fragment rather than a standalone lexical noun, verb, adjective, or adverb."
1349,上传,upload,noun,verb,Action or mental process; not a noun in the listed sense.
1352,激化,intensify,noun,verb,Action or mental process; not a noun in the listed sense.
1357,典型,typical,noun,adjective,Describes a quality or state; not a noun.
1362,甜言蜜语,sweet words;sweet talk;sweet nothings,noun,idiom,Established idiom rather than an ordinary noun.
1363,引述,quote,noun,verb,Action or mental process; not a noun in the listed sense.
1364,尽可能,as much as possible,adjective,phrase,"Multiword constituent or fragment rather than a standalone lexical noun, verb, adjective, or adverb."
1365,忍受,endure;bear;put up with,noun,verb,Action or mental process; not a noun in the listed sense.
1368,脱离,escape;breakaway,noun,verb,Action or mental process; not a noun in the listed sense.
1370,裁员,layoff,noun,verb,Action or mental process; not a noun in the listed sense.
1371,隐形,invisibility,noun,adjective,Describes a quality or state; not a noun.
1375,安装,install,noun,verb,Action or mental process; not a noun in the listed sense.
1378,女性化的,feminine,noun,phrase,"Multiword constituent or fragment rather than a standalone lexical noun, verb, adjective, or adverb."
1381,无知,ignorant,noun,adjective,Describes a quality or state; not a noun.
1382,他妈的,damn it;fuck,noun,interjection,Conventional exclamation rather than a noun.
1385,保守,conservative,noun,adjective,Describes a quality or state; not a noun.
1392,脱水,dehydrated;dehydration,noun,verb,Action or mental process; not a noun in the listed sense.
1393,烧香,burn incense,noun,verb,Action or mental process; not a noun in the listed sense.
1400,大使,ambassador,adjective,noun,"Names an object, person, food, field, or nominal concept; the whole expression is not adjectival or verbal."
1404,高级,advanced;senior (title),noun,adjective,Describes a quality or state; not a noun.
1408,焦虑,anxiety,noun,adjective,Describes a quality or state; not a noun.
1410,入住,check-in (hotel),adjective,verb,Action or process; incorrect adjective/adverb label.
1411,单身,single;unmarried,noun,adjective,Describes a quality or state; not a noun.
1419,预防,prevention,noun,verb,Action or mental process; not a noun in the listed sense.
1420,枕头,pillow,adjective,noun,"Names an object, person, food, field, or nominal concept; the whole expression is not adjectival or verbal."
1422,烦人,annoying,noun,adjective,Describes a quality or state; not a noun.
1435,发烧,(to have) fever,noun,verb,Action or mental process; not a noun in the listed sense.
1437,随性,casual,noun,adjective,Describes a quality or state; not a noun.
1439,乐观,optimistic,noun,adjective,Describes a quality or state; not a noun.
1440,首都,capital (city),proper_noun,noun,"Names an object, person, food, field, or nominal concept; the whole expression is not adjectival or verbal."
1445,其次,secondly,noun,adverb,"Modifies a predicate, degree, or sentence rather than naming a thing."
1448,高速公路,highway,adjective,noun,"Names an object, person, food, field, or nominal concept; the whole expression is not adjectival or verbal."
1450,尤其是,especially,noun,phrase,"Multiword constituent or fragment rather than a standalone lexical noun, verb, adjective, or adverb."
1453,恶评,bad review,adjective,noun,"Names an object, person, food, field, or nominal concept; the whole expression is not adjectival or verbal."
1474,核污染,nuclear contamination,adjective,noun,"Names an object, person, food, field, or nominal concept; the whole expression is not adjectival or verbal."
1477,想喷,to want to rant or lash out; to want to spray (literal),verb,phrase,"Multiword constituent or fragment rather than a standalone lexical noun, verb, adjective, or adverb."
1478,发达,developed,noun,adjective,Describes a quality or state; not a noun.
1480,只好,to have to,verb,adverb,Adverbial entry describing necessity or degree.
1485,一下子,all of a sudden,noun,adverb,"Modifies a predicate, degree, or sentence rather than naming a thing."
1486,不自觉地,unconsciously,noun,adverb,"Modifies a predicate, degree, or sentence rather than naming a thing."
1491,体力不支,physical exhaustion,noun,phrase,"Multiword constituent or fragment rather than a standalone lexical noun, verb, adjective, or adverb."
1493,停留,stay;to stop over,noun,verb,Action or mental process; not a noun in the listed sense.
1500,半斤八两,about the same,noun,idiom,Established idiom rather than an ordinary noun.
1508,可怜,pitiful;pathetic,noun,adjective,Describes a quality or state; not a noun.
1509,吐字,pronunciation,noun,verb,Action or mental process; not a noun in the listed sense.
1511,售罄,sold out,adjective,verb,Action or process; incorrect adjective/adverb label.
1512,唯一,the only,noun,adjective,Describes a quality or state; not a noun.
1516,困惑,confused,noun,adjective,Describes a quality or state; not a noun.
1526,封锁,lockdown;blockade,noun,verb,Action or mental process; not a noun in the listed sense.
1530,心有灵犀,to understand each other intuitively; to be on the same wavelength,verb,idiom,"Established idiom: classify the expression as a whole rather than by its literal noun, adjective, or verb gloss."
1531,怀孕,pregnant,noun,verb,Action or mental process; not a noun in the listed sense.
1536,扭曲,distorted;to twist,noun,verb,Action or mental process; not a noun in the listed sense.
1540,捂脸,facepalm;cover your face,noun,verb,Action or mental process; not a noun in the listed sense.
1541,探索,explore,noun,verb,Action or mental process; not a noun in the listed sense.
1543,搜索,search,noun,verb,Action or mental process; not a noun in the listed sense.
1548,整理,organize;to tidy,noun,verb,Action or mental process; not a noun in the listed sense.
1549,无辜,innocent,noun,adjective,Describes a quality or state; not a noun.
1551,暗淡,dim,noun,adjective,Describes a quality or state; not a noun.
1552,暧昧对象,someone one has an ambiguous romantic relationship with,adjective,noun,"Names an object, person, food, field, or nominal concept; the whole expression is not adjectival or verbal."
1553,暴躁,irritable,noun,adjective,Describes a quality or state; not a noun.
1555,果断,decisive,noun,adjective,Describes a quality or state; not a noun.
1557,检查,inspection;to examine,noun,verb,Action or mental process; not a noun in the listed sense.
1565,滑稽,comical; funny; ludicrous,noun,adjective,Describes a quality or state; not a noun.
1566,激烈,intense;fierce,noun,adjective,Describes a quality or state; not a noun.
1568,灵魂共鸣,spiritual compatibility;soul resonance,noun,phrase,"Multiword constituent or fragment rather than a standalone lexical noun, verb, adjective, or adverb."
1569,烦躁,irritable,noun,adjective,Describes a quality or state; not a noun.
1572,登记,registration,noun,verb,Action or mental process; not a noun in the listed sense.
1573,白嫖,freeload,adjective,verb,Action or process; incorrect adjective/adverb label.
1574,白嫖党,freeloader,adjective,noun,"Names an object, person, food, field, or nominal concept; the whole expression is not adjectival or verbal."
1583,自习室,study room,verb,noun,"Names an object, person, food, field, or nominal concept; the whole expression is not adjectival or verbal."
1584,舍不得,reluctant;begrudge,noun,verb,Action or mental process; not a noun in the listed sense.
1589,街头摄影,street photography,adjective,noun,"Names an object, person, food, field, or nominal concept; the whole expression is not adjectival or verbal."
1592,讨厌,dislike;hate,noun,verb,Action or mental process; not a noun in the listed sense.
1595,详细,detailed,noun,adjective,Describes a quality or state; not a noun.
1597,谨慎,cautious,noun,adjective,Describes a quality or state; not a noun.
1600,赶紧,hurry up;hurriedly,noun,adverb,"Modifies a predicate, degree, or sentence rather than naming a thing."
1601,辨别,discern;distinguish,noun,verb,The entry denotes an action rather than a noun or adjective.
1602,过于,too;excessive,noun,adverb,"Modifies a predicate, degree, or sentence rather than naming a thing."
1604,追求,pursue,noun,verb,Action or mental process; not a noun in the listed sense.
1607,避免,avoid;avert,noun,verb,Action or mental process; not a noun in the listed sense.
1612,顺利,smoothly,noun,adjective,Describes a quality or state; not a noun.
1616,大约,about;approximately,noun,adverb,"Modifies a predicate, degree, or sentence rather than naming a thing."
1619,兑换外币,exchange foreign currency,noun,phrase,"Multiword constituent or fragment rather than a standalone lexical noun, verb, adjective, or adverb."
1620,进口出口,import and export,noun,phrase,"Multiword constituent or fragment rather than a standalone lexical noun, verb, adjective, or adverb."
1622,自相矛盾,self-contradicting,noun,idiom,Established idiom rather than an ordinary noun.
1628,用户名或密码错误,wrong username or password,phrase,sentence,"Complete statement, question, directive, or conventional utterance; classify the entire Chinese entry."
1629,浪费钱,waste money,noun,phrase,"Multiword constituent or fragment rather than a standalone lexical noun, verb, adjective, or adverb."
1630,其余,the rest,noun,pronoun,Pronominal expression.
1631,不均,uneven (ly distributed),noun,adjective,Describes a quality or state; not a noun.
1632,大难题,big problem,adjective,noun,"Names an object, person, food, field, or nominal concept; the whole expression is not adjectival or verbal."
1639,发福,gain weight,noun,verb,Action or mental process; not a noun in the listed sense.
1642,垂直,vertical,noun,adjective,Describes a quality or state; not a noun.
1650,分心,distraction;distracted,noun,verb,Action or mental process; not a noun in the listed sense.
1652,睁开眼,open your eyes,verb,sentence,"Complete statement, question, directive, or conventional utterance; classify the entire Chinese entry."
1653,我勒个去,shoot;dang,noun,interjection,Conventional exclamation rather than a noun.
1654,受不了,can't stand it,noun,phrase,"Multiword constituent or fragment rather than a standalone lexical noun, verb, adjective, or adverb."
1657,大腿,thigh,adjective,noun,"Names an object, person, food, field, or nominal concept; the whole expression is not adjectival or verbal."
1663,欢迎光临,welcome;honored for your presence,adjective,sentence,"Complete statement, question, directive, or conventional utterance; classify the entire Chinese entry."
1664,我一月底来了中国,I came to China at the end of January,phrase,sentence,"Complete statement, question, directive, or conventional utterance; classify the entire Chinese entry."
1665,共和党,Republican Party,noun,proper_noun,"Names a specific person, place, organization, or titled work."
1666,民主党,Democratic Party,noun,proper_noun,"Names a specific person, place, organization, or titled work."
1667,共产党,Communist Party,noun,proper_noun,"Names a specific person, place, organization, or titled work."
1668,网上搜索,search online,verb,phrase,"Multiword constituent or fragment rather than a standalone lexical noun, verb, adjective, or adverb."
1669,更喜欢,prefer,noun,phrase,"Multiword constituent or fragment rather than a standalone lexical noun, verb, adjective, or adverb."
1670,宁愿,would rather,noun,adverb,"Modifies a predicate, degree, or sentence rather than naming a thing."
1672,刷手机,scroll on phone,noun,verb,Action or mental process; not a noun in the listed sense.
1674,世界和平,world peace,noun,phrase,"Multiword constituent or fragment rather than a standalone lexical noun, verb, adjective, or adverb."
1675,不要惊讶,don't be surprised,noun,sentence,"Complete statement, question, directive, or conventional utterance; classify the entire Chinese entry."
1676,麻烦了,sorry for the trouble,noun,sentence,"Complete statement, question, directive, or conventional utterance; classify the entire Chinese entry."
1677,汇率下降了,The exchange rate has fallen,noun,sentence,"Complete statement, question, directive, or conventional utterance; classify the entire Chinese entry."
1678,气氛很好,great atmosphere,noun,phrase,"Multiword constituent or fragment rather than a standalone lexical noun, verb, adjective, or adverb."
1680,他有多重,How heavy is he?,noun,sentence,"Complete statement, question, directive, or conventional utterance; classify the entire Chinese entry."
1682,八十年代早期,early 1980s,noun,phrase,"Multiword constituent or fragment rather than a standalone lexical noun, verb, adjective, or adverb."
1683,七十年代末期,late 1970s,noun,phrase,"Multiword constituent or fragment rather than a standalone lexical noun, verb, adjective, or adverb."
1686,阴,shade,noun,adjective,Describes a quality or state; not a noun.
1689,我要去方便,I'm going to go to the bathroom,noun,sentence,"Complete statement, question, directive, or conventional utterance; classify the entire Chinese entry."
1690,千万不要,must not;never,verb,phrase,"Multiword constituent or fragment rather than a standalone lexical noun, verb, adjective, or adverb."
1693,我好像感冒了,I think I have a cold,adjective,sentence,"Complete statement, question, directive, or conventional utterance; classify the entire Chinese entry."
1695,醒,wake up,noun,verb,Action or mental process; not a noun in the listed sense.
1696,准时到达,arrive on time,verb,phrase,"Multiword constituent or fragment rather than a standalone lexical noun, verb, adjective, or adverb."
1698,我很期待,I'm looking forward to it,noun,sentence,"Complete statement, question, directive, or conventional utterance; classify the entire Chinese entry."
1699,我做不到,I can't do it,noun,sentence,"Complete statement, question, directive, or conventional utterance; classify the entire Chinese entry."
1700,差点儿,almost,noun,adverb,"Modifies a predicate, degree, or sentence rather than naming a thing."
1702,老说小孩话,Talking like a kid,noun,phrase,"Multiword constituent or fragment rather than a standalone lexical noun, verb, adjective, or adverb."
1703,我想吃清淡的菜,I want to eat light food,noun,sentence,"Complete statement, question, directive, or conventional utterance; classify the entire Chinese entry."
1706,好不容易,"with great difficulty; finally, after much effort",adjective,adverb,Adverbial entry rather than adjective.
1709,地铁优先,subway priority,noun,phrase,"Multiword constituent or fragment rather than a standalone lexical noun, verb, adjective, or adverb."
1710,换乘少,fewer transfers,noun,phrase,"Multiword constituent or fragment rather than a standalone lexical noun, verb, adjective, or adverb."
1711,时间短,shorter time,noun,phrase,"Multiword constituent or fragment rather than a standalone lexical noun, verb, adjective, or adverb."
1712,较拥挤,More crowded,adverb,phrase,"Multiword constituent or fragment rather than a standalone lexical noun, verb, adjective, or adverb."
1713,首站发车约8分钟/趟,Departures from the first station about every 8 minutes,phrase,sentence,"Complete statement, question, directive, or conventional utterance; classify the entire Chinese entry."
1714,大众常选,Popular Choice,noun,phrase,"Multiword constituent or fragment rather than a standalone lexical noun, verb, adjective, or adverb."
1718,地图选点,Map select point,noun,phrase,"Multiword constituent or fragment rather than a standalone lexical noun, verb, adjective, or adverb."
1719,公寓式酒店,apartment-style hotels,adjective,noun,"Names an object, person, food, field, or nominal concept; the whole expression is not adjectival or verbal."
1720,榜第2名,ranked no. 2,noun,phrase,"Multiword constituent or fragment rather than a standalone lexical noun, verb, adjective, or adverb."
1721,离店,Check-out,noun,verb,Action or mental process; not a noun in the listed sense.
1722,免费取消,free cancellation,adjective,phrase,"Multiword constituent or fragment rather than a standalone lexical noun, verb, adjective, or adverb."
1723,立即确认,immediate confirmation,noun,phrase,"Multiword constituent or fragment rather than a standalone lexical noun, verb, adjective, or adverb."
1724,含早餐,Breakfast included,noun,phrase,"Multiword constituent or fragment rather than a standalone lexical noun, verb, adjective, or adverb."
1725,入住当天,Check-in day,noun,phrase,"Multiword constituent or fragment rather than a standalone lexical noun, verb, adjective, or adverb."
1726,"自由美利坚,枪击每一天","Free America, shooting every day",phrase,sentence,"Complete statement, question, directive, or conventional utterance; classify the entire Chinese entry."
1727,"上车睡觉,下车拍照",Sleep on the bus and take photos when you get off,phrase,sentence,"Complete statement, question, directive, or conventional utterance; classify the entire Chinese entry."
1728,阿姨跳舞做饭 叔叔喝酒抽烟,"Auntie dances and cooks, uncle drinks and smokes",phrase,sentence,"Complete statement, question, directive, or conventional utterance; classify the entire Chinese entry."
1729,为人民服务,Serve the people,noun,phrase,"Multiword constituent or fragment rather than a standalone lexical noun, verb, adjective, or adverb."
1730,向前一小步 文明一大步,"One small step forward, one giant leap for civility (restroom slogan).",phrase,sentence,"Complete statement, question, directive, or conventional utterance; classify the entire Chinese entry."
1731,红灯停 绿灯行,"Stop at red light, go at green light",phrase,sentence,"Complete statement, question, directive, or conventional utterance; classify the entire Chinese entry."
1732,六两黄金，六十万，不洗衣服不做饭,"Six taels of gold, six hundred thousand, no doing laundry or cooking.",phrase,sentence,"Complete statement, question, directive, or conventional utterance; classify the entire Chinese entry."
1733,每天就只打麻将，饿了婆婆还送饭,"I just play mahjong every day, and my mother-in-law brings me food when I'm hungry.",phrase,sentence,"Complete statement, question, directive, or conventional utterance; classify the entire Chinese entry."
1734,重男轻女,Preference for sons over daughters,noun,idiom,Established idiom rather than an ordinary noun.
1735,只许州官放火不许百姓点灯哪,"The governor is allowed to set fires, but the people are not allowed to light lamps.",phrase,sentence,"Complete statement, question, directive, or conventional utterance; classify the entire Chinese entry."
1736,我有权保持沉默,I have the right to remain silent,noun,sentence,"Complete statement, question, directive, or conventional utterance; classify the entire Chinese entry."
1737,东升西降,rising in the east and setting in the west; the East rising and the West declining (geopolitical slogan),noun,phrase,"Multiword constituent or fragment rather than a standalone lexical noun, verb, adjective, or adverb."
1739,恐婚恐孕,Fear of marriage and pregnancy,verb,phrase,"Multiword constituent or fragment rather than a standalone lexical noun, verb, adjective, or adverb."
1740,上下楼第注意安全,Pay attention to safety when going up and down stairs,phrase,sentence,"Complete statement, question, directive, or conventional utterance; classify the entire Chinese entry."
1741,吃不到葡萄说葡萄酸,sour grapes,phrase,sentence,"Complete statement, question, directive, or conventional utterance; classify the entire Chinese entry."
1742,小赌怡情 大赌伤身,"Small gambling is good for your mood, but big gambling is harmful to your health",phrase,sentence,"Complete statement, question, directive, or conventional utterance; classify the entire Chinese entry."
1743,相爱容易相处难,It's easy to love but hard to live together,adjective,sentence,"Complete statement, question, directive, or conventional utterance; classify the entire Chinese entry."
1744,三十六计 走为上计,"Of the thirty-six strategies, running away is the best",phrase,sentence,"Complete statement, question, directive, or conventional utterance; classify the entire Chinese entry."
1745,三人行必有我师,"When I walk with two others, at least one can be my teacher.",noun,sentence,"Complete statement, question, directive, or conventional utterance; classify the entire Chinese entry."
1746,有朋自远方来不亦乐乎,It is a great pleasure to have friends coming from afar,phrase,sentence,"Complete statement, question, directive, or conventional utterance; classify the entire Chinese entry."
1747,己所不欲勿施于人,Do not do to others what you do not want others to do to you,phrase,sentence,"Complete statement, question, directive, or conventional utterance; classify the entire Chinese entry."
1749,睁一只眼闭一只眼,turn a blind eye,phrase,idiom,Established figurative expression rather than a literal place or fragment.
1750,心动不如行动,Better to act than just wish for it.,noun,sentence,"Complete statement, question, directive, or conventional utterance; classify the entire Chinese entry."
1752,男大当婚 女大当嫁,"Men should marry when they are old enough, and women should marry when they are old enough",phrase,sentence,"Complete statement, question, directive, or conventional utterance; classify the entire Chinese entry."
1753,你吃错药了吗,Did you take the wrong medicine?; What's gotten into you?,noun,sentence,"Complete statement, question, directive, or conventional utterance; classify the entire Chinese entry."
1754,君子报仇十年不晚,"For a gentleman seeking revenge, even ten years is not too late; revenge can wait.",phrase,sentence,"Complete statement, question, directive, or conventional utterance; classify the entire Chinese entry."
1755,你喜欢爸爸还是妈妈,Do you like dad or mom?,phrase,sentence,"Complete statement, question, directive, or conventional utterance; classify the entire Chinese entry."
1760,大学生不如狗 研究生遍地走,"College students are worse than dogs, and postgraduate students are everywhere",phrase,sentence,"Complete statement, question, directive, or conventional utterance; classify the entire Chinese entry."
1761,千分之九点六,9.6 out of a thousand,noun,numeral,"Numerical value or numerical range, not an ordinary noun."
1763,体现,reflect;embodies,noun,verb,Action or mental process; not a noun in the listed sense.
1764,持续的支持,Ongoing Support,noun,phrase,"Multiword constituent or fragment rather than a standalone lexical noun, verb, adjective, or adverb."
1765,我自己学中文,I learn Chinese by myself,noun,sentence,"Complete statement, question, directive, or conventional utterance; classify the entire Chinese entry."
1766,确实,indeed;true,noun,adverb,"Modifies a predicate, degree, or sentence rather than naming a thing."
1767,我十分钟后到,I'll be there in ten minutes,noun,sentence,"Complete statement, question, directive, or conventional utterance; classify the entire Chinese entry."
1768,过去一周,for the past week,noun,phrase,"Multiword constituent or fragment rather than a standalone lexical noun, verb, adjective, or adverb."
1769,个人选择,personal choice,noun,phrase,"Multiword constituent or fragment rather than a standalone lexical noun, verb, adjective, or adverb."
1770,大声说话,speak loudly,verb,phrase,"Multiword constituent or fragment rather than a standalone lexical noun, verb, adjective, or adverb."
1772,赚钱的机器,money-making machine,noun,phrase,"Multiword constituent or fragment rather than a standalone lexical noun, verb, adjective, or adverb."
1773,空闲时间,free time,adjective,noun,"Names an object, person, food, field, or nominal concept; the whole expression is not adjectival or verbal."
1774,什么毛病都没有,have no illnesses,verb,sentence,"Complete statement, question, directive, or conventional utterance; classify the entire Chinese entry."
1775,你一点都不独立,you're not independent,noun,sentence,"Complete statement, question, directive, or conventional utterance; classify the entire Chinese entry."
1776,一个空座位都没有,There's not a single empty seat.,phrase,sentence,"Complete statement, question, directive, or conventional utterance; classify the entire Chinese entry."
1777,比其他地方贵两块,Two bucks more expensive than other places,phrase,sentence,"Complete statement, question, directive, or conventional utterance; classify the entire Chinese entry."
1778,他对我发脾气,He lost his temper with me,noun,sentence,"Complete statement, question, directive, or conventional utterance; classify the entire Chinese entry."
1779,这让我伤心,This made me sad,adjective,sentence,"Complete statement, question, directive, or conventional utterance; classify the entire Chinese entry."
1780,他的收入只够租一个单间,His income is only enough to rent a single room,phrase,sentence,"Complete statement, question, directive, or conventional utterance; classify the entire Chinese entry."
1781,比赛被推迟了,The game was postponed,noun,sentence,"Complete statement, question, directive, or conventional utterance; classify the entire Chinese entry."
1782,由于天气原因,Due to weather,noun,phrase,"Multiword constituent or fragment rather than a standalone lexical noun, verb, adjective, or adverb."
1783,这种树的叶子一到秋天就会变红,The leaves of this tree turn red in autumn.,phrase,sentence,"Complete statement, question, directive, or conventional utterance; classify the entire Chinese entry."
1784,所有的航班都被取消了,All flights have been cancelled,phrase,sentence,"Complete statement, question, directive, or conventional utterance; classify the entire Chinese entry."
1786,他从来不打扫,He never cleans.,adjective,sentence,"Complete statement, question, directive, or conventional utterance; classify the entire Chinese entry."
1787,我以前呢很喜欢买衣服,I used to like buying clothes.,phrase,sentence,"Complete statement, question, directive, or conventional utterance; classify the entire Chinese entry."
1788,什么都不买,Buy nothing,verb,sentence,"Complete statement, question, directive, or conventional utterance; classify the entire Chinese entry."
1789,我还是老样子,I'm still the same as ever.,noun,sentence,"Complete statement, question, directive, or conventional utterance; classify the entire Chinese entry."
1790,谁知道呢,Who knows?,noun,sentence,"Complete statement, question, directive, or conventional utterance; classify the entire Chinese entry."
1791,那又怎么样呢,So what?,noun,sentence,"Complete statement, question, directive, or conventional utterance; classify the entire Chinese entry."
1792,小菜一碟,piece of cake,noun,idiom,Established idiom rather than an ordinary noun.
1793,没什么 大不了的,No big deal,phrase,sentence,"Complete statement, question, directive, or conventional utterance; classify the entire Chinese entry."
1794,好，我知道了,"Ok, I got it",phrase,sentence,"Complete statement, question, directive, or conventional utterance; classify the entire Chinese entry."
1795,不会吧,No way!,noun,sentence,"Complete statement, question, directive, or conventional utterance; classify the entire Chinese entry."
1796,别担心了，我相信你可以的,"Don't worry, I believe you can do it.",phrase,sentence,"Complete statement, question, directive, or conventional utterance; classify the entire Chinese entry."
1797,没问题,no problem,noun,sentence,"Complete statement, question, directive, or conventional utterance; classify the entire Chinese entry."
1798,没事儿,It's okay,noun,sentence,"Complete statement, question, directive, or conventional utterance; classify the entire Chinese entry."
1799,随便吧,Whatever (is ok),noun,sentence,"Complete statement, question, directive, or conventional utterance; classify the entire Chinese entry."
1801,我也是,me too,noun,sentence,"Complete statement, question, directive, or conventional utterance; classify the entire Chinese entry."
1802,那要看情况,that depends,noun,sentence,"Complete statement, question, directive, or conventional utterance; classify the entire Chinese entry."
1803,没门儿,no way,noun,sentence,"Complete statement, question, directive, or conventional utterance; classify the entire Chinese entry."
1805,你已经跟我说过了,You already told me,phrase,sentence,"Complete statement, question, directive, or conventional utterance; classify the entire Chinese entry."
1806,你在开玩笑吗,Are you joking?,noun,sentence,"Complete statement, question, directive, or conventional utterance; classify the entire Chinese entry."
1807,让我来看看,let me have a look,noun,sentence,"Complete statement, question, directive, or conventional utterance; classify the entire Chinese entry."
1808,我很高兴能帮到你,I'm glad I could help you,phrase,sentence,"Complete statement, question, directive, or conventional utterance; classify the entire Chinese entry."
1809,我不是很确定,I'm not sure,noun,sentence,"Complete statement, question, directive, or conventional utterance; classify the entire Chinese entry."
1810,没有 你误会我了,"No, you misunderstood me.",phrase,sentence,"Complete statement, question, directive, or conventional utterance; classify the entire Chinese entry."
1811,算了,nevermind;forget it,noun,sentence,"Complete statement, question, directive, or conventional utterance; classify the entire Chinese entry."
1812,是吗？那太搞笑了,Really? That's hilarious.,phrase,sentence,"Complete statement, question, directive, or conventional utterance; classify the entire Chinese entry."
1813,那太好了,That's great,noun,sentence,"Complete statement, question, directive, or conventional utterance; classify the entire Chinese entry."
1814,你吓了我一跳,you scared me! (gave me a jump),adjective,sentence,"Complete statement, question, directive, or conventional utterance; classify the entire Chinese entry."
1815,信不信由你,Believe it or not,verb,sentence,"Complete statement, question, directive, or conventional utterance; classify the entire Chinese entry."
1816,我不是故意的,I didn't mean it.,noun,sentence,"Complete statement, question, directive, or conventional utterance; classify the entire Chinese entry."
1817,要你管,none of your business!,noun,sentence,"Complete statement, question, directive, or conventional utterance; classify the entire Chinese entry."
1818,那太不公平了吧,That's so unfair.,noun,sentence,"Complete statement, question, directive, or conventional utterance; classify the entire Chinese entry."
1819,怎么可能,How is that possible?,adjective,sentence,"Complete statement, question, directive, or conventional utterance; classify the entire Chinese entry."
1820,都可以,any of them is fine; either is fine,noun,sentence,"Complete statement, question, directive, or conventional utterance; classify the entire Chinese entry."
1821,管他呢,Who cares?,noun,sentence,"Complete statement, question, directive, or conventional utterance; classify the entire Chinese entry."
1822,你把我给问住了,You got me (stuck),noun,sentence,"Complete statement, question, directive, or conventional utterance; classify the entire Chinese entry."
1823,无所谓了,It doesn't matter,noun,sentence,"Complete statement, question, directive, or conventional utterance; classify the entire Chinese entry."
1824,难怪你这么饿,No wonder you're so hungry,noun,sentence,"Complete statement, question, directive, or conventional utterance; classify the entire Chinese entry."
1825,人无完人嘛,No one is perfect.,noun,sentence,"Complete statement, question, directive, or conventional utterance; classify the entire Chinese entry."
1826,我还没想好,I haven't decided yet,noun,sentence,"Complete statement, question, directive, or conventional utterance; classify the entire Chinese entry."
1827,我去查一下,I'll go check,noun,sentence,"Complete statement, question, directive, or conventional utterance; classify the entire Chinese entry."
1828,请稍等,Please wait a moment,noun,sentence,"Complete statement, question, directive, or conventional utterance; classify the entire Chinese entry."
1829,不怎么样,not so good,adjective,sentence,"Complete statement, question, directive, or conventional utterance; classify the entire Chinese entry."
1830,一般,so-so,noun,adjective,Describes a quality or state; not a noun.
1831,还不错,not bad,adjective,sentence,"Complete statement, question, directive, or conventional utterance; classify the entire Chinese entry."
1832,你说的对,you're right,noun,sentence,"Complete statement, question, directive, or conventional utterance; classify the entire Chinese entry."
1833,我也觉得,I think so too,noun,sentence,"Complete statement, question, directive, or conventional utterance; classify the entire Chinese entry."
1834,哦这样啊,Oh I see,noun,sentence,"Complete statement, question, directive, or conventional utterance; classify the entire Chinese entry."
1835,别催我,Don't rush me,noun,sentence,"Complete statement, question, directive, or conventional utterance; classify the entire Chinese entry."
1838,鸡汤小馄饨,small wontons in chicken broth,adjective,noun,"Names an object, person, food, field, or nominal concept; the whole expression is not adjectival or verbal."
1843,赤豆粽子,red bean zongzi,adjective,noun,"Names an object, person, food, field, or nominal concept; the whole expression is not adjectival or verbal."
1850,金牌虾仁,Gold Medal Shrimp,adjective,noun,"Names an object, person, food, field, or nominal concept; the whole expression is not adjectival or verbal."
1851,青椒腰花面(饭),Green pepper and kidney noodles (rice),phrase,noun,"Names an object, person, food, field, or nominal concept; the whole expression is not adjectival or verbal."
1853,香干肉丝面,Dried Tofu and Shredded Pork Noodles,adjective,noun,"Names an object, person, food, field, or nominal concept; the whole expression is not adjectival or verbal."
1854,青椒回锅肉面,Green pepper pork (twice-cooked) noodles,adjective,noun,"Names an object, person, food, field, or nominal concept; the whole expression is not adjectival or verbal."
1855,麻辣,mala; spicy and numbing,noun,adjective,Describes a quality or state; not a noun.
1856,干辣肉丝面,Dry Spicy Shredded Pork Noodles,adjective,noun,"Names an object, person, food, field, or nominal concept; the whole expression is not adjectival or verbal."
1857,鱼香茄子面,Fish-flavored eggplant noodles,adjective,noun,"Names an object, person, food, field, or nominal concept; the whole expression is not adjectival or verbal."
1860,青菜炒肉丝饭,Fried pork with green vegetables and rice,adjective,noun,"Names an object, person, food, field, or nominal concept; the whole expression is not adjectival or verbal."
1861,榨菜肉丝面,Pickled mustard greens with shredded pork noodles,adjective,noun,"Names an object, person, food, field, or nominal concept; the whole expression is not adjectival or verbal."
1870,芹菜肉丝面,Celery and Shredded Pork Noodles,adjective,noun,"Names an object, person, food, field, or nominal concept; the whole expression is not adjectival or verbal."
1872,雪菜面,noodles with preserved mustard greens,adjective,noun,"Names an object, person, food, field, or nominal concept; the whole expression is not adjectival or verbal."
1877,杭州名小吃,Hangzhou famous snacks,adjective,noun,"Names an object, person, food, field, or nominal concept; the whole expression is not adjectival or verbal."
1879,有名的杭州菜,Famous Hangzhou dishes,adjective,phrase,"Multiword constituent or fragment rather than a standalone lexical noun, verb, adjective, or adverb."
1884,龙井,Longjing green tea,adjective,noun,"Names an object, person, food, field, or nominal concept; the whole expression is not adjectival or verbal."
1885,虾仁10克,10 grams of shrimp,noun,phrase,"Multiword constituent or fragment rather than a standalone lexical noun, verb, adjective, or adverb."
1890,扫码下单,Scan the QR code to place an order,noun,sentence,"Complete statement, question, directive, or conventional utterance; classify the entire Chinese entry."
1893,加料,add-ons,noun,verb,Action or mental process; not a noun in the listed sense.
1895,推荐,recommended,noun,verb,Action or mental process; not a noun in the listed sense.
1899,超厚芋泥奶绿,Super thick taro paste green milk tea,adjective,noun,"Names an object, person, food, field, or nominal concept; the whole expression is not adjectival or verbal."
1900,薄荷奶绿,mint milk green tea,adjective,noun,"Names an object, person, food, field, or nominal concept; the whole expression is not adjectival or verbal."
1902,茉香奶绿典,jasmine milk green tea classic,adjective,noun,"Names an object, person, food, field, or nominal concept; the whole expression is not adjectival or verbal."
1904,可更换为椰果,Can be substituted with coconut jelly (nata de coco).,verb,sentence,"Complete statement, question, directive, or conventional utterance; classify the entire Chinese entry."
1911,小程序下单更优惠,mini program orders more discount,phrase,sentence,"Complete statement, question, directive, or conventional utterance; classify the entire Chinese entry."
1912,1元可升级零卡糖,1 yuan to upgrade to zero-calorie sugar,phrase,sentence,"Complete statement, question, directive, or conventional utterance; classify the entire Chinese entry."
1918,草鸡蛋,free-range eggs,adjective,noun,"Names an object, person, food, field, or nominal concept; the whole expression is not adjectival or verbal."
1919,现烤现卖,Freshly baked and sold,adjective,phrase,"Multiword constituent or fragment rather than a standalone lexical noun, verb, adjective, or adverb."
1921,营养美味,Nutritious and delicious,noun,phrase,"Multiword constituent or fragment rather than a standalone lexical noun, verb, adjective, or adverb."
1922,有营养,Nutritious,noun,adjective,Describes a quality or state; not a noun.
1924,萧县卷凉皮,Xiaoxian (county) Rolled Cold Noodles,adjective,noun,"Names an object, person, food, field, or nominal concept; the whole expression is not adjectival or verbal."
1929,卤蛋另加2元,braised egg add 2 yuan,noun,sentence,"Complete statement, question, directive, or conventional utterance; classify the entire Chinese entry."
1935,除牛陆为任选一种肉,Any meat except beef,phrase,sentence,"Complete statement, question, directive, or conventional utterance; classify the entire Chinese entry."
1936,牛肚另加10,Add 10 for beef tripe.,verb,sentence,"Complete statement, question, directive, or conventional utterance; classify the entire Chinese entry."
1941,奥尔良鸡腿肉,Orleans Chicken Thighs,adjective,noun,"Names an object, person, food, field, or nominal concept; the whole expression is not adjectival or verbal."
1943,粉酸笋,sour bamboo shoots (source wording unclear),adjective,noun,"Names an object, person, food, field, or nominal concept; the whole expression is not adjectival or verbal."
1951,芝士碎,cheese shredded/crumbled,adjective,noun,"Names an object, person, food, field, or nominal concept; the whole expression is not adjectival or verbal."
1955,海带丝,shredded kelp,adjective,noun,"Names an object, person, food, field, or nominal concept; the whole expression is not adjectival or verbal."
1957,海苔碎,Shredded seaweed,adjective,noun,"Names an object, person, food, field, or nominal concept; the whole expression is not adjectival or verbal."
1966,清炒青菜,stir-fried green vegetables,adjective,noun,"Names an object, person, food, field, or nominal concept; the whole expression is not adjectival or verbal."
1969,干煸花菜,dry-fried cauliflower,adjective,noun,"Names an object, person, food, field, or nominal concept; the whole expression is not adjectival or verbal."
1973,询价,inquire price,noun,verb,Action or mental process; not a noun in the listed sense.
1975,无咖啡,no coffee; without coffee,noun,phrase,"Multiword constituent or fragment rather than a standalone lexical noun, verb, adjective, or adverb."
1977,含酒,including alcohol,noun,phrase,"Multiword constituent or fragment rather than a standalone lexical noun, verb, adjective, or adverb."
1983,谢绝外食,no outside food,noun,sentence,"Complete statement, question, directive, or conventional utterance; classify the entire Chinese entry."
1984,本店禁烟,This shop prohibits smoking,noun,sentence,"Complete statement, question, directive, or conventional utterance; classify the entire Chinese entry."
1985,落座点单,take a seat and order,verb,sentence,"Complete statement, question, directive, or conventional utterance; classify the entire Chinese entry."
1988,现做须等待35分钟,freshly made; must wait 35 minutes,phrase,sentence,"Complete statement, question, directive, or conventional utterance; classify the entire Chinese entry."
1989,详见展柜左上角清单,Details see display case upper left corner list,phrase,sentence,"Complete statement, question, directive, or conventional utterance; classify the entire Chinese entry."
1991,红赤豆,Red azuki beans,adjective,noun,"Names an object, person, food, field, or nominal concept; the whole expression is not adjectival or verbal."
2000,粗粉,thick starch noodles; thick rice noodles (depending on ingredients),adjective,noun,"Names an object, person, food, field, or nominal concept; the whole expression is not adjectival or verbal."
2001,细粉,thin starch noodles; rice vermicelli (depending on ingredients),adjective,noun,"Names an object, person, food, field, or nominal concept; the whole expression is not adjectival or verbal."
2008,秘制牛排,house-special steak prepared with a secret recipe,adjective,noun,"Names an object, person, food, field, or nominal concept; the whole expression is not adjectival or verbal."
2009,牛筋牛肚粗粉,beef tendon and tripe wide noodle,adjective,noun,"Names an object, person, food, field, or nominal concept; the whole expression is not adjectival or verbal."
2019,拌青菜,mixed greens,adjective,noun,"Names an object, person, food, field, or nominal concept; the whole expression is not adjectival or verbal."
2021,一分钱一分货,You get what you pay for,noun,sentence,"Complete statement, question, directive, or conventional utterance; classify the entire Chinese entry."
2022,不计成本用好料,"Regardless of cost, use good ingredients",adverb,phrase,"Multiword constituent or fragment rather than a standalone lexical noun, verb, adjective, or adverb."
2024,7颗虾立方,7 shrimp cubes,noun,phrase,"Multiword constituent or fragment rather than a standalone lexical noun, verb, adjective, or adverb."
2025,7颗目鱼膏,seven pieces of cuttlefish paste (probable menu meaning),noun,phrase,"Multiword constituent or fragment rather than a standalone lexical noun, verb, adjective, or adverb."
2029,纯虾,pure shrimp,noun,phrase,"Multiword constituent or fragment rather than a standalone lexical noun, verb, adjective, or adverb."
2033,每份10颗,"every serving, 10 pieces",noun,sentence,"Complete statement, question, directive, or conventional utterance; classify the entire Chinese entry."
2035,现串现卖,"Freshly skewered, freshly sold",adjective,phrase,"Multiword constituent or fragment rather than a standalone lexical noun, verb, adjective, or adverb."
2036,招牌肉多多肉夹馍,Signature lots of meat roujiamo,phrase,noun,"Names an object, person, food, field, or nominal concept; the whole expression is not adjectival or verbal."
2047,特调茶饮700cc系列,Special tea drinks 700cc series,phrase,noun,"Names an object, person, food, field, or nominal concept; the whole expression is not adjectival or verbal."
2050,绿豆沙牛奶(夏季),mung bean slush with milk (summer seasonal),phrase,noun,"Names an object, person, food, field, or nominal concept; the whole expression is not adjectival or verbal."
2051,梅子红茶,plum black tea,adjective,noun,"Names an object, person, food, field, or nominal concept; the whole expression is not adjectival or verbal."
2055,摆烂,let it rot;don't work hard,noun,verb,Action or mental process; not a noun in the listed sense.
2056,比方说,For example,noun,phrase,"Multiword constituent or fragment rather than a standalone lexical noun, verb, adjective, or adverb."
2060,工作又辛苦,work is hard,verb,sentence,"Complete statement, question, directive, or conventional utterance; classify the entire Chinese entry."
2062,这种心理,this kind of mentality,adjective,phrase,"Multiword constituent or fragment rather than a standalone lexical noun, verb, adjective, or adverb."
2063,努力了一段时间,Working hard for a while,noun,sentence,"Complete statement, question, directive, or conventional utterance; classify the entire Chinese entry."
2064,叫什么,what is it called?,noun,sentence,"Complete statement, question, directive, or conventional utterance; classify the entire Chinese entry."
2065,能不能举一个例子,Can you give me an example?,phrase,sentence,"Complete statement, question, directive, or conventional utterance; classify the entire Chinese entry."
2066,之前的,previous,noun,phrase,"Multiword constituent or fragment rather than a standalone lexical noun, verb, adjective, or adverb."
2067,我允诺给你,I promise you,noun,sentence,"Complete statement, question, directive, or conventional utterance; classify the entire Chinese entry."
2068,心情不好,bad mood,adjective,phrase,"Multiword constituent or fragment rather than a standalone lexical noun, verb, adjective, or adverb."
2069,大多数男性,most men,noun,phrase,"Multiword constituent or fragment rather than a standalone lexical noun, verb, adjective, or adverb."
2070,然后基本上,Then basically ...,noun,phrase,"Multiword constituent or fragment rather than a standalone lexical noun, verb, adjective, or adverb."
2071,哪一方面,Which aspect,noun,phrase,"Multiword constituent or fragment rather than a standalone lexical noun, verb, adjective, or adverb."
2072,那如果说,What if we say ... ?,noun,phrase,"Multiword constituent or fragment rather than a standalone lexical noun, verb, adjective, or adverb."
2075,我试过了,I tried it,noun,sentence,"Complete statement, question, directive, or conventional utterance; classify the entire Chinese entry."
2076,我想我明白,I think I understand,noun,sentence,"Complete statement, question, directive, or conventional utterance; classify the entire Chinese entry."
2077,尴尬,awkward,noun,adjective,Describes a quality or state; not a noun.
2079,共享办公室,shared office,adjective,noun,"Names an object, person, food, field, or nominal concept; the whole expression is not adjectival or verbal."
2081,别逼逼了,Shut up; stop talking crap (vulgar).,noun,sentence,"Complete statement, question, directive, or conventional utterance; classify the entire Chinese entry."
2082,预防金融诈骗,prevent financial fraud,noun,phrase,"Multiword constituent or fragment rather than a standalone lexical noun, verb, adjective, or adverb."
2084,卡被盗,stolen card,noun,sentence,"Complete statement, question, directive, or conventional utterance; classify the entire Chinese entry."
2087,我不知道我会旅行多久,I don't know how long I will travel,phrase,sentence,"Complete statement, question, directive, or conventional utterance; classify the entire Chinese entry."
2088,下一,the next,noun,phrase,"Multiword constituent or fragment rather than a standalone lexical noun, verb, adjective, or adverb."
2090,尾巴长长的,long tail,noun,sentence,"Complete statement, question, directive, or conventional utterance; classify the entire Chinese entry."
2091,我把它放在桌子之类的地方了,I put it on a table or a place like that,phrase,sentence,"Complete statement, question, directive, or conventional utterance; classify the entire Chinese entry."
2092,她挺善良的,She is quite kind,adjective,sentence,"Complete statement, question, directive, or conventional utterance; classify the entire Chinese entry."
2093,你真幸运,You are so lucky,noun,sentence,"Complete statement, question, directive, or conventional utterance; classify the entire Chinese entry."
2094,我给你发微信,I will send you a WeChat,noun,sentence,"Complete statement, question, directive, or conventional utterance; classify the entire Chinese entry."
2095,至少三个月,At least three months,adverb,phrase,"Multiword constituent or fragment rather than a standalone lexical noun, verb, adjective, or adverb."
2098,首先是,First of all,noun,phrase,"Multiword constituent or fragment rather than a standalone lexical noun, verb, adjective, or adverb."
2099,很疲劳,very tired; exhausted,adverb,phrase,"Multiword constituent or fragment rather than a standalone lexical noun, verb, adjective, or adverb."
2100,是正常的,it's normal,noun,sentence,"Complete statement, question, directive, or conventional utterance; classify the entire Chinese entry."
2102,待,stay;wait,noun,verb,Action or mental process; not a noun in the listed sense.
2103,带,carry;bring,noun,verb,Action or mental process; not a noun in the listed sense.
2106,我会在中国呆三个多月,I will stay in China for more than three months.,phrase,sentence,"Complete statement, question, directive, or conventional utterance; classify the entire Chinese entry."
2108,我没有收到水,I didn't receive water,noun,sentence,"Complete statement, question, directive, or conventional utterance; classify the entire Chinese entry."
2109,抱歉我迟到了,Sorry I'm late,noun,sentence,"Complete statement, question, directive, or conventional utterance; classify the entire Chinese entry."
2110,请原谅我,Please forgive me,noun,sentence,"Complete statement, question, directive, or conventional utterance; classify the entire Chinese entry."
2111,你别跟着我,Don't follow me,adjective,sentence,"Complete statement, question, directive, or conventional utterance; classify the entire Chinese entry."
2112,我对历史没有什么兴趣,I have little interest in history,phrase,sentence,"Complete statement, question, directive, or conventional utterance; classify the entire Chinese entry."
2114,其他语言,Other languages,noun,phrase,"Multiword constituent or fragment rather than a standalone lexical noun, verb, adjective, or adverb."
2115,不能用,does not work,noun,phrase,"Multiword constituent or fragment rather than a standalone lexical noun, verb, adjective, or adverb."
2116,我 不太 同意你的看法,I don’t quite agree with your opinion.,phrase,sentence,"Complete statement, question, directive, or conventional utterance; classify the entire Chinese entry."
2117,这个电影我 不怎么 感兴趣,I'm not that interested in this movie,phrase,sentence,"Complete statement, question, directive, or conventional utterance; classify the entire Chinese entry."
2118,复杂的游戏,complicated game,noun,phrase,"Multiword constituent or fragment rather than a standalone lexical noun, verb, adjective, or adverb."
2120,我从事反欺诈工作,I work in anti-fraud,phrase,sentence,"Complete statement, question, directive, or conventional utterance; classify the entire Chinese entry."
2121,我认为反欺诈工作很有趣,I think anti-fraud work is interesting,phrase,sentence,"Complete statement, question, directive, or conventional utterance; classify the entire Chinese entry."
2123,工作压力太大,the work is too stressful,noun,sentence,"Complete statement, question, directive, or conventional utterance; classify the entire Chinese entry."
2124,让我们坐在桌子的同一边,Let's sit on the same side of the table,phrase,sentence,"Complete statement, question, directive, or conventional utterance; classify the entire Chinese entry."
2125,我喜欢用数据制作图表,I like to make charts with data,phrase,sentence,"Complete statement, question, directive, or conventional utterance; classify the entire Chinese entry."
2126,我改变主意了,I changed my mind,noun,sentence,"Complete statement, question, directive, or conventional utterance; classify the entire Chinese entry."
2127,好几,several,noun,numeral,Numerical quantity rather than ordinary noun.
2128,我每天刷两次牙,I brush my teeth twice a day,noun,sentence,"Complete statement, question, directive, or conventional utterance; classify the entire Chinese entry."
2129,我是一个社交尴尬的人,I am a socially awkward person,phrase,sentence,"Complete statement, question, directive, or conventional utterance; classify the entire Chinese entry."
2132,注意不要被宰,Be careful not to get slaughtered;ripped off,verb,sentence,"Complete statement, question, directive, or conventional utterance; classify the entire Chinese entry."
2133,南极是世界上最冷的地方之一,Antarctica is one of the coldest places in the world,phrase,sentence,"Complete statement, question, directive, or conventional utterance; classify the entire Chinese entry."
2134,我喜欢阴天 因为我很容易晒伤,I like cloudy days because I get sunburned easily,phrase,sentence,"Complete statement, question, directive, or conventional utterance; classify the entire Chinese entry."
2135,阳光太亮,The sun is too bright,noun,phrase,"Multiword constituent or fragment rather than a standalone lexical noun, verb, adjective, or adverb."
2136,我是我们家年龄最小的孩子。,I am the youngest child in my family.,phrase,sentence,"Complete statement, question, directive, or conventional utterance; classify the entire Chinese entry."
2137,我几乎忘了你长什么样子,I almost forgot what you look like,phrase,sentence,"Complete statement, question, directive, or conventional utterance; classify the entire Chinese entry."
2138,令人讨厌的人,obnoxious person,noun,phrase,"Multiword constituent or fragment rather than a standalone lexical noun, verb, adjective, or adverb."
2139,快下课的时候,Before the end of class,adverb,phrase,"Multiword constituent or fragment rather than a standalone lexical noun, verb, adjective, or adverb."
2140,合理的价格,reasonable price,noun,phrase,"Multiword constituent or fragment rather than a standalone lexical noun, verb, adjective, or adverb."
2141,我考虑过这么做,I considered doing that,adjective,sentence,"Complete statement, question, directive, or conventional utterance; classify the entire Chinese entry."
2142,原则上的问题,a matter of principle,noun,phrase,"Multiword constituent or fragment rather than a standalone lexical noun, verb, adjective, or adverb."
2144,我个人觉得,I personally think,noun,phrase,"Multiword constituent or fragment rather than a standalone lexical noun, verb, adjective, or adverb."
2145,这是个人看法,This is a personal opinion,noun,sentence,"Complete statement, question, directive, or conventional utterance; classify the entire Chinese entry."
2146,不好说,hard to say,noun,phrase,"Multiword constituent or fragment rather than a standalone lexical noun, verb, adjective, or adverb."
2147,你要提高要求,You need to raise your standards,noun,sentence,"Complete statement, question, directive, or conventional utterance; classify the entire Chinese entry."
2148,不要对号入座,Don't take it personally,noun,sentence,"Complete statement, question, directive, or conventional utterance; classify the entire Chinese entry."
2149,我挺开明的,I'm quite open-minded,noun,sentence,"Complete statement, question, directive, or conventional utterance; classify the entire Chinese entry."
2151,很有年代感,very old-fashioned,adverb,phrase,"Multiword constituent or fragment rather than a standalone lexical noun, verb, adjective, or adverb."
2153,我需要给我的电脑充电,I need to charge my computer,phrase,sentence,"Complete statement, question, directive, or conventional utterance; classify the entire Chinese entry."
2154,你不在乎我的感受,You don't care about my feelings,phrase,sentence,"Complete statement, question, directive, or conventional utterance; classify the entire Chinese entry."
2157,男人的三从四德,The Three Obediences and Four Virtues for men,noun,phrase,"Multiword constituent or fragment rather than a standalone lexical noun, verb, adjective, or adverb."
2168,我很困惑,I'm confused,noun,sentence,"Complete statement, question, directive, or conventional utterance; classify the entire Chinese entry."
2169,红领巾,red scarf;young pioneer,adjective,noun,"Names an object, person, food, field, or nominal concept; the whole expression is not adjectival or verbal."
2170,可以吧,Is that ok?,noun,sentence,"Complete statement, question, directive, or conventional utterance; classify the entire Chinese entry."
2171,一定要跟老板还价,You must bargain with the shop owner,phrase,sentence,"Complete statement, question, directive, or conventional utterance; classify the entire Chinese entry."
2172,它不进去,It doesn't go in,noun,sentence,"Complete statement, question, directive, or conventional utterance; classify the entire Chinese entry."
2173,好尴尬,So embarrassing！,noun,phrase,"Multiword constituent or fragment rather than a standalone lexical noun, verb, adjective, or adverb."
2174,气死我了,I'm so mad,noun,sentence,"Complete statement, question, directive, or conventional utterance; classify the entire Chinese entry."
2175,搞不了,can't do it,noun,phrase,"Multiword constituent or fragment rather than a standalone lexical noun, verb, adjective, or adverb."
2178,我不好描述给你,I can't describe it to you.,noun,sentence,"Complete statement, question, directive, or conventional utterance; classify the entire Chinese entry."
2181,它叫,It's called,noun,phrase,"Multiword constituent or fragment rather than a standalone lexical noun, verb, adjective, or adverb."
2182,这里的高度,the height here; the altitude here,noun,phrase,"Multiword constituent or fragment rather than a standalone lexical noun, verb, adjective, or adverb."
2183,我来拍一张照先,Let me take a photo first,adjective,sentence,"Complete statement, question, directive, or conventional utterance; classify the entire Chinese entry."
2184,回家还得再吃一顿,I have to eat another meal when I get home.,phrase,sentence,"Complete statement, question, directive, or conventional utterance; classify the entire Chinese entry."
2190,浪费了好多时间,Wasted a lot of time,noun,sentence,"Complete statement, question, directive, or conventional utterance; classify the entire Chinese entry."
2192,捕鱼,fishing,noun,verb,Action or mental process; not a noun in the listed sense.
2193,游览,tour,noun,verb,Action or mental process; not a noun in the listed sense.
2194,一大堆,a lot (of),noun,phrase,"Multiword constituent or fragment rather than a standalone lexical noun, verb, adjective, or adverb."
2196,乱,chaos,noun,adjective,Describes a quality or state; not a noun.
2199,执法,law enforcement,noun,verb,Action or mental process; not a noun in the listed sense.
2202,穷人挺辛苦的,poor people are struggling,adjective,sentence,"Complete statement, question, directive, or conventional utterance; classify the entire Chinese entry."
2203,对华的态度有点极端,The attitude towards China is a bit extreme,phrase,sentence,"Complete statement, question, directive, or conventional utterance; classify the entire Chinese entry."
2206,高楼大厦,high-rise buildings,adjective,noun,"Names an object, person, food, field, or nominal concept; the whole expression is not adjectival or verbal."
2208,注重细节,Attention to detail (focus on),noun,phrase,"Multiword constituent or fragment rather than a standalone lexical noun, verb, adjective, or adverb."
2209,太乱了,too messy;chaotic,adverb,sentence,"Complete statement, question, directive, or conventional utterance; classify the entire Chinese entry."
2210,享受生活,Enjoy life,noun,phrase,"Multiword constituent or fragment rather than a standalone lexical noun, verb, adjective, or adverb."
2211,完全是不同的,totally different,adjective,phrase,"Multiword constituent or fragment rather than a standalone lexical noun, verb, adjective, or adverb."
2213,背了又忘,memorize and forget,noun,phrase,"Multiword constituent or fragment rather than a standalone lexical noun, verb, adjective, or adverb."
2215,宽松,loose (clothes),noun,adjective,Describes a quality or state; not a noun.
2216,想做什么就做什么,Do whatever you want,phrase,sentence,"Complete statement, question, directive, or conventional utterance; classify the entire Chinese entry."
2219,完全的自由,complete freedom,adjective,phrase,"Multiword constituent or fragment rather than a standalone lexical noun, verb, adjective, or adverb."
2221,不稳定的,unstable,noun,phrase,"Multiword constituent or fragment rather than a standalone lexical noun, verb, adjective, or adverb."
2222,政治局面,political situation,noun,phrase,"Multiword constituent or fragment rather than a standalone lexical noun, verb, adjective, or adverb."
2223,毒品泛滥,widespread drug use or trafficking; proliferation of illicit drugs,adjective,phrase,"Multiword constituent or fragment rather than a standalone lexical noun, verb, adjective, or adverb."
2225,国产品牌,domestic brands,noun,phrase,"Multiword constituent or fragment rather than a standalone lexical noun, verb, adjective, or adverb."
2227,技术打压,technological suppression; attempts to curb technological development,noun,phrase,"Multiword constituent or fragment rather than a standalone lexical noun, verb, adjective, or adverb."
2229,解释一下,please explain,noun,sentence,"Complete statement, question, directive, or conventional utterance; classify the entire Chinese entry."
2231,关注,focus on;to follow,adjective,verb,Action or process; incorrect adjective/adverb label.
2232,支持你,Support you,verb,phrase,"Multiword constituent or fragment rather than a standalone lexical noun, verb, adjective, or adverb."
2233,笨笨的,silly;stupid,noun,phrase,"Multiword constituent or fragment rather than a standalone lexical noun, verb, adjective, or adverb."
2235,请点赞,Please like,noun,sentence,"Complete statement, question, directive, or conventional utterance; classify the entire Chinese entry."
2237,订阅我们的频道,Subscribe to our channel,noun,sentence,"Complete statement, question, directive, or conventional utterance; classify the entire Chinese entry."
2238,离首都很近,Very close to the capital,adverb,phrase,"Multiword constituent or fragment rather than a standalone lexical noun, verb, adjective, or adverb."
2239,要不然,otherwise,noun,conjunction,Connects clauses or alternatives.
2241,我爱上了数据分析,I fell in love with data analysis,phrase,sentence,"Complete statement, question, directive, or conventional utterance; classify the entire Chinese entry."
2242,时差一个小时,One hour time difference,noun,sentence,"Complete statement, question, directive, or conventional utterance; classify the entire Chinese entry."
2244,严格,strict,noun,adjective,Describes a quality or state; not a noun.
2249,好冷淡,So cold,adjective,phrase,"Multiword constituent or fragment rather than a standalone lexical noun, verb, adjective, or adverb."
2250,对我来说很难,"For me, it's hard",noun,sentence,"Complete statement, question, directive, or conventional utterance; classify the entire Chinese entry."
2251,热闹,lively,noun,adjective,Describes a quality or state; not a noun.
2252,没有习惯,not used to it,noun,phrase,"Multiword constituent or fragment rather than a standalone lexical noun, verb, adjective, or adverb."
2253,没办法,no way to,noun,phrase,"Multiword constituent or fragment rather than a standalone lexical noun, verb, adjective, or adverb."
2254,办法总比困难多,There are always more solutions (methods) than problems (difficulties),adverb,sentence,"Complete statement, question, directive, or conventional utterance; classify the entire Chinese entry."
2255,发个朋友圈,Post to Moments,noun,phrase,"Multiword constituent or fragment rather than a standalone lexical noun, verb, adjective, or adverb."
2256,从这个之后,After this,adverb,phrase,"Multiword constituent or fragment rather than a standalone lexical noun, verb, adjective, or adverb."
2257,投诉一下,make a complaint,verb,phrase,"Multiword constituent or fragment rather than a standalone lexical noun, verb, adjective, or adverb."
2262,没有办法改变他的思想,There's no way to change his mind,phrase,sentence,"Complete statement, question, directive, or conventional utterance; classify the entire Chinese entry."
2263,线下认识,meet in real life,verb,phrase,"Multiword constituent or fragment rather than a standalone lexical noun, verb, adjective, or adverb."
2265,能力越大责任越大,With great power comes great responsibility,phrase,sentence,"Complete statement, question, directive, or conventional utterance; classify the entire Chinese entry."
2267,晚点见,see you later,noun,sentence,"Complete statement, question, directive, or conventional utterance; classify the entire Chinese entry."
2270,私人电风扇,personal fan,noun,phrase,"Multiword constituent or fragment rather than a standalone lexical noun, verb, adjective, or adverb."
2272,你对他有点有意思,You are interested in him,phrase,sentence,"Complete statement, question, directive, or conventional utterance; classify the entire Chinese entry."
2274,交往,dating,noun,verb,Action or mental process; not a noun in the listed sense.
2275,你必须要退掉,you must return it,noun,sentence,"Complete statement, question, directive, or conventional utterance; classify the entire Chinese entry."
2276,他会省钱,he is good at saving money,adjective,sentence,"Complete statement, question, directive, or conventional utterance; classify the entire Chinese entry."
2278,不理你,ignore you;won't talk to you,noun,phrase,"Multiword constituent or fragment rather than a standalone lexical noun, verb, adjective, or adverb."
2282,违法了,it's illegal,noun,sentence,"Complete statement, question, directive, or conventional utterance; classify the entire Chinese entry."
2283,骄傲自满,Pride and complacency,noun,idiom,Established idiom rather than an ordinary noun.
2284,辞掉,quit,noun,verb,Action or mental process; not a noun in the listed sense.
2289,互相,each other,noun,adverb,"Modifies a predicate, degree, or sentence rather than naming a thing."
2290,吃惊,surprised,noun,verb,Action or mental process; not a noun in the listed sense.
2292,低生育率,low birth rate,adjective,noun,"Names an object, person, food, field, or nominal concept; the whole expression is not adjectival or verbal."
2293,成长,growing up;to mature;grow,noun,verb,Action or mental process; not a noun in the listed sense.
2301,小鲜肉,"young, attractive man; young male heartthrob (slang)",adjective,noun,"Names an object, person, food, field, or nominal concept; the whole expression is not adjectival or verbal."
2302,先辈,ancestors;elders;predecessors,adjective,noun,"Names an object, person, food, field, or nominal concept; the whole expression is not adjectival or verbal."
2303,值得吐槽,worth complaining about,noun,phrase,"Multiword constituent or fragment rather than a standalone lexical noun, verb, adjective, or adverb."
2305,亚洲都卷,All of Asia is competitive,noun,sentence,"Complete statement, question, directive, or conventional utterance; classify the entire Chinese entry."
2306,人尽皆知,Everyone knows,noun,idiom,Established idiom rather than an ordinary noun.
2307,万万不行,absolutely not,noun,sentence,"Complete statement, question, directive, or conventional utterance; classify the entire Chinese entry."
2310,阴沟里的老鼠,despicable person,noun,phrase,"Multiword constituent or fragment rather than a standalone lexical noun, verb, adjective, or adverb."
2311,缅甸有电信诈骗,Myanmar has telecom fraud,noun,sentence,"Complete statement, question, directive, or conventional utterance; classify the entire Chinese entry."
2313,我不小心按到了,I accidentally pressed,noun,sentence,"Complete statement, question, directive, or conventional utterance; classify the entire Chinese entry."
2314,去拿冰块,Go get some ice,verb,sentence,"Complete statement, question, directive, or conventional utterance; classify the entire Chinese entry."
2316,当前订单,current orders,noun,phrase,"Multiword constituent or fragment rather than a standalone lexical noun, verb, adjective, or adverb."
2317,历史订单,Historical orders,noun,phrase,"Multiword constituent or fragment rather than a standalone lexical noun, verb, adjective, or adverb."
2318,点单,Order,noun,verb,Action or mental process; not a noun in the listed sense.
2319,季节限定,Seasonal limited,noun,phrase,"Multiword constituent or fragment rather than a standalone lexical noun, verb, adjective, or adverb."
2320,风味系列,Flavored (product) series,adjective,noun,"Names an object, person, food, field, or nominal concept; the whole expression is not adjectival or verbal."
2321,选择下单门店,Select the store to order,verb,sentence,"Complete statement, question, directive, or conventional utterance; classify the entire Chinese entry."
2323,减5元,5 yuan off,noun,phrase,"Multiword constituent or fragment rather than a standalone lexical noun, verb, adjective, or adverb."
2324,我会尝试,I will try,noun,sentence,"Complete statement, question, directive, or conventional utterance; classify the entire Chinese entry."
2325,剩1间,1 room left,noun,phrase,"Multiword constituent or fragment rather than a standalone lexical noun, verb, adjective, or adverb."
2326,在线付,Online payment,noun,phrase,"Multiword constituent or fragment rather than a standalone lexical noun, verb, adjective, or adverb."
2327,填写,fill in,noun,verb,Action or mental process; not a noun in the listed sense.
2329,新客专享,Exclusive for new customers,adjective,phrase,"Multiword constituent or fragment rather than a standalone lexical noun, verb, adjective, or adverb."
2330,已省,already saved,adverb,phrase,"Multiword constituent or fragment rather than a standalone lexical noun, verb, adjective, or adverb."
2332,2项优惠,2 offers,noun,phrase,"Multiword constituent or fragment rather than a standalone lexical noun, verb, adjective, or adverb."
2333,阅读并同意,Read and agree,verb,sentence,"Complete statement, question, directive, or conventional utterance; classify the entire Chinese entry."
2337,快递,express delivery,verb,noun,"Names an object, person, food, field, or nominal concept; the whole expression is not adjectival or verbal."
2338,家电维修,Home Appliance Repair,noun,phrase,"Multiword constituent or fragment rather than a standalone lexical noun, verb, adjective, or adverb."
2340,更,more,noun,adverb,"Modifies a predicate, degree, or sentence rather than naming a thing."
2343,回归自然,Back to Nature,noun,phrase,"Multiword constituent or fragment rather than a standalone lexical noun, verb, adjective, or adverb."
2344,景色宜人,Pleasant scenery,noun,phrase,"Multiword constituent or fragment rather than a standalone lexical noun, verb, adjective, or adverb."
2345,开园中,open (place),verb,phrase,"Multiword constituent or fragment rather than a standalone lexical noun, verb, adjective, or adverb."
2346,营业中,open (for business),verb,phrase,"Multiword constituent or fragment rather than a standalone lexical noun, verb, adjective, or adverb."
2348,舒适,comfortable; pleasant,noun,adjective,Describes a quality or state; not a noun.
2354,亮点特色,Highlights,adjective,noun,"Names an object, person, food, field, or nominal concept; the whole expression is not adjectival or verbal."
2356,满120减1,1 off a purchase of 120 or more,noun,sentence,"Complete statement, question, directive, or conventional utterance; classify the entire Chinese entry."
2357,省钱卡,save money card,verb,noun,"Names an object, person, food, field, or nominal concept; the whole expression is not adjectival or verbal."
2358,购买,(go) buy,noun,verb,Action or mental process; not a noun in the listed sense.
2359,可订明日,available (can be ordered) tomorrow,adjective,phrase,"Multiword constituent or fragment rather than a standalone lexical noun, verb, adjective, or adverb."
2360,指定日期,specified date,noun,phrase,"Multiword constituent or fragment rather than a standalone lexical noun, verb, adjective, or adverb."
2361,随时退,anytime refund,noun,phrase,"Multiword constituent or fragment rather than a standalone lexical noun, verb, adjective, or adverb."
2362,有条件退,Conditional Refund,noun,phrase,"Multiword constituent or fragment rather than a standalone lexical noun, verb, adjective, or adverb."
2363,极速出票,extreme speed ticket issuance,noun,phrase,"Multiword constituent or fragment rather than a standalone lexical noun, verb, adjective, or adverb."
2364,携程,Ctrip,noun,proper_noun,"Names a specific person, place, organization, or titled work."
2365,平均1分钟出票,Ticket issuance takes an average of 1 minute,noun,sentence,"Complete statement, question, directive, or conventional utterance; classify the entire Chinese entry."
2367,有效期至,valid period until,noun,phrase,"Multiword constituent or fragment rather than a standalone lexical noun, verb, adjective, or adverb."
2368,需预约,Reservation required,adjective,phrase,"Multiword constituent or fragment rather than a standalone lexical noun, verb, adjective, or adverb."
2369,超低价门票点我,Super low price tickets click here,adjective,sentence,"Complete statement, question, directive, or conventional utterance; classify the entire Chinese entry."
2370,仅行人,Pedestrians only,noun,phrase,"Multiword constituent or fragment rather than a standalone lexical noun, verb, adjective, or adverb."
2371,查找地点,find a location,noun,sentence,"Complete statement, question, directive, or conventional utterance; classify the entire Chinese entry."
2377,显示,display;to display,noun,verb,Action or mental process; not a noun in the listed sense.
2381,我的收藏,my collection,noun,phrase,"Multiword constituent or fragment rather than a standalone lexical noun, verb, adjective, or adverb."
2382,运动绿道,Sports Greenway,adjective,noun,"Names an object, person, food, field, or nominal concept; the whole expression is not adjectival or verbal."
2383,展开更多,Expand more,noun,sentence,"Complete statement, question, directive, or conventional utterance; classify the entire Chinese entry."
2386,热点区域,Hotspots,adjective,noun,"Names an object, person, food, field, or nominal concept; the whole expression is not adjectival or verbal."
2388,咨询官方,consult official (website),noun,sentence,"Complete statement, question, directive, or conventional utterance; classify the entire Chinese entry."
2389,直达,direct;nonstop,noun,verb,Action or mental process; not a noun in the listed sense.
2390,便捷可达,convenient access,noun,phrase,"Multiword constituent or fragment rather than a standalone lexical noun, verb, adjective, or adverb."
2394,预订,reservation;booking,noun,verb,Action or mental process; not a noun in the listed sense.
2396,距此,distance from here,noun,phrase,"Multiword constituent or fragment rather than a standalone lexical noun, verb, adjective, or adverb."
2397,查看全部,view all,noun,sentence,"Complete statement, question, directive, or conventional utterance; classify the entire Chinese entry."
2398,浏览,(number of) views;to browse,noun,verb,Action or mental process; not a noun in the listed sense.
2399,人流量情况,people flow volume conditions,adjective,phrase,"Multiword constituent or fragment rather than a standalone lexical noun, verb, adjective, or adverb."
2400,基于,based on;because of,noun,preposition,Introduces a prepositional phrase.
2401,过去2周,Last 2 weeks,noun,phrase,"Multiword constituent or fragment rather than a standalone lexical noun, verb, adjective, or adverb."
2407,姓名,full name,adjective,noun,"Names an object, person, food, field, or nominal concept; the whole expression is not adjectival or verbal."
2408,户籍,household registration (location),adjective,noun,"Names an object, person, food, field, or nominal concept; the whole expression is not adjectival or verbal."
2409,户口,registered residence,adjective,noun,"Names an object, person, food, field, or nominal concept; the whole expression is not adjectival or verbal."
2410,独子,only son,adverb,noun,"Names an object, person, food, field, or nominal concept; the whole expression is not adjectival or verbal."
2411,独生子女,only child,adverb,noun,"Names an object, person, food, field, or nominal concept; the whole expression is not adjectival or verbal."
2412,丧偶,widowed,noun,verb,Action or mental process; not a noun in the listed sense.
2416,相貌端正,"regular, pleasing features; decent-looking",noun,phrase,"Multiword constituent or fragment rather than a standalone lexical noun, verb, adjective, or adverb."
2417,体貌端庄大方,dignified and poised in appearance,noun,sentence,"Complete statement, question, directive, or conventional utterance; classify the entire Chinese entry."
2418,相貌堂堂,handsome and dignified; distinguished-looking,noun,idiom,Established idiom rather than an ordinary noun.
2419,相貌中上,above average appearance,noun,phrase,"Multiword constituent or fragment rather than a standalone lexical noun, verb, adjective, or adverb."
2420,中等以上,average or above; above the middle level,noun,phrase,"Multiword constituent or fragment rather than a standalone lexical noun, verb, adjective, or adverb."
2421,性格开朗,cheerful personality,noun,phrase,"Multiword constituent or fragment rather than a standalone lexical noun, verb, adjective, or adverb."
2422,正直诚实,upright and honest,noun,phrase,"Multiword constituent or fragment rather than a standalone lexical noun, verb, adjective, or adverb."
2426,均无贷款,No loans,noun,phrase,"Multiword constituent or fragment rather than a standalone lexical noun, verb, adjective, or adverb."
2427,无贷,(house) without loan,noun,phrase,"Multiword constituent or fragment rather than a standalone lexical noun, verb, adjective, or adverb."
2429,择偶标准,Select mate criteria;spouse requirements,verb,noun,"Names an object, person, food, field, or nominal concept; the whole expression is not adjectival or verbal."
2430,诚寻,sincerely seeking,noun,phrase,"Multiword constituent or fragment rather than a standalone lexical noun, verb, adjective, or adverb."
2432,身高适配,height should be suitable,noun,phrase,"Multiword constituent or fragment rather than a standalone lexical noun, verb, adjective, or adverb."
2433,五官端正,well-proportioned facial features,noun,phrase,"Multiword constituent or fragment rather than a standalone lexical noun, verb, adjective, or adverb."
2434,形体匀称,well-proportioned body;body shape symmetry,noun,phrase,"Multiword constituent or fragment rather than a standalone lexical noun, verb, adjective, or adverb."
2438,好沟通,Good communication,adjective,phrase,"Multiword constituent or fragment rather than a standalone lexical noun, verb, adjective, or adverb."
2439,易互动,Easy to interact,adjective,phrase,"Multiword constituent or fragment rather than a standalone lexical noun, verb, adjective, or adverb."
2440,相对稳定,relatively stable (job),noun,phrase,"Multiword constituent or fragment rather than a standalone lexical noun, verb, adjective, or adverb."
2441,安家过日子,settle down and live a good life,adjective,phrase,"Multiword constituent or fragment rather than a standalone lexical noun, verb, adjective, or adverb."
2442,父母有双保,Parents have double insurance,noun,sentence,"Complete statement, question, directive, or conventional utterance; classify the entire Chinese entry."
2443,温馨提示,warm reminder;kind tips,adjective,noun,"Names an object, person, food, field, or nominal concept; the whole expression is not adjectival or verbal."
2444,"谨慎联系,以防受骗",Contact carefully to avoid being deceived,phrase,sentence,"Complete statement, question, directive, or conventional utterance; classify the entire Chinese entry."
2445,过期作废,void if expired,adjective,sentence,"Complete statement, question, directive, or conventional utterance; classify the entire Chinese entry."
2446,大专学历,junior-college qualification; postsecondary diploma,noun,phrase,"Multiword constituent or fragment rather than a standalone lexical noun, verb, adjective, or adverb."
2447,正常职业,Normal occupation,noun,phrase,"Multiword constituent or fragment rather than a standalone lexical noun, verb, adjective, or adverb."
2452,年龄相仿,Similar age,adjective,phrase,"Multiword constituent or fragment rather than a standalone lexical noun, verb, adjective, or adverb."
2453,学历不限,No educational requirement,noun,sentence,"Complete statement, question, directive, or conventional utterance; classify the entire Chinese entry."
2454,文凭不限,No diploma required,adjective,sentence,"Complete statement, question, directive, or conventional utterance; classify the entire Chinese entry."
2455,婚否不限,regardless of marital history or status,adverb,sentence,"Complete statement, question, directive, or conventional utterance; classify the entire Chinese entry."
2456,条件地域不限,No restrictions on conditions and regions,noun,sentence,"Complete statement, question, directive, or conventional utterance; classify the entire Chinese entry."
2457,顾家,family oriented,noun,adjective,Describes a quality or state; not a noun.
2459,短婚未育,Short marriage without children,noun,phrase,"Multiword constituent or fragment rather than a standalone lexical noun, verb, adjective, or adverb."
2462,无不良嗜好,No bad habits,adjective,phrase,"Multiword constituent or fragment rather than a standalone lexical noun, verb, adjective, or adverb."
2463,寻,search;looking for,noun,verb,Action or mental process; not a noun in the listed sense.
2464,欲觅,seeking,noun,phrase,"Multiword constituent or fragment rather than a standalone lexical noun, verb, adjective, or adverb."
2466,通情达理,reasonable,noun,idiom,Established idiom rather than an ordinary noun.
2467,明理,reasonable,noun,adjective,Describes a quality or state; not a noun.
2468,持家,housekeeping,noun,verb,Action or mental process; not a noun in the listed sense.
2470,身心健康,Physically and mentally healthy,noun,phrase,"Multiword constituent or fragment rather than a standalone lexical noun, verb, adjective, or adverb."
2472,高中毕业,High school graduate,adjective,phrase,"Multiword constituent or fragment rather than a standalone lexical noun, verb, adjective, or adverb."
2474,体重不肥胖,Not obese;not overweight,noun,sentence,"Complete statement, question, directive, or conventional utterance; classify the entire Chinese entry."
2475,不超标,not exceeding the standard,noun,phrase,"Multiword constituent or fragment rather than a standalone lexical noun, verb, adjective, or adverb."
2476,不酗酒,not an alcoholic,noun,phrase,"Multiword constituent or fragment rather than a standalone lexical noun, verb, adjective, or adverb."
2477,不赌博,not a gambler,noun,phrase,"Multiword constituent or fragment rather than a standalone lexical noun, verb, adjective, or adverb."
2480,套,measure word for house,verb,classifier,Measure word in the supplied gloss.
2481,养老保险,pension insurance; old-age insurance,adjective,noun,"Names an object, person, food, field, or nominal concept; the whole expression is not adjectival or verbal."
2482,无遗传基因疾病,No genetic disease,noun,phrase,"Multiword constituent or fragment rather than a standalone lexical noun, verb, adjective, or adverb."
2484,肤白,fair-skinned; light complexion,adjective,phrase,"Multiword constituent or fragment rather than a standalone lexical noun, verb, adjective, or adverb."
2485,已购房,Purchased a house,noun,phrase,"Multiword constituent or fragment rather than a standalone lexical noun, verb, adjective, or adverb."
2486,责任心强,Strong sense of responsibility,adjective,phrase,"Multiword constituent or fragment rather than a standalone lexical noun, verb, adjective, or adverb."
2487,有上进心,Ambitious,noun,phrase,"Multiword constituent or fragment rather than a standalone lexical noun, verb, adjective, or adverb."
2488,上进男,"ambitious, motivated man",noun,phrase,"Multiword constituent or fragment rather than a standalone lexical noun, verb, adjective, or adverb."
2489,努力上进,hardworking;strive to improve,noun,phrase,"Multiword constituent or fragment rather than a standalone lexical noun, verb, adjective, or adverb."
2492,条件基本一致,The conditions are basically the same,noun,sentence,"Complete statement, question, directive, or conventional utterance; classify the entire Chinese entry."
2493,条件相当,The conditions are equivalent,noun,phrase,"Multiword constituent or fragment rather than a standalone lexical noun, verb, adjective, or adverb."
2494,稳定,stable,noun,adjective,Describes a quality or state; not a noun.
2496,牌不沾,not involved with cards,noun,phrase,"Multiword constituent or fragment rather than a standalone lexical noun, verb, adjective, or adverb."
2499,央企,centrally administered state-owned enterprise,adjective,noun,"Names an object, person, food, field, or nominal concept; the whole expression is not adjectival or verbal."
2501,人品好,Good character,adjective,phrase,"Multiword constituent or fragment rather than a standalone lexical noun, verb, adjective, or adverb."
2504,形象好,presentable; good appearance,adjective,phrase,"Multiword constituent or fragment rather than a standalone lexical noun, verb, adjective, or adverb."
2505,气质佳,good bearing; attractive presence,adjective,phrase,"Multiword constituent or fragment rather than a standalone lexical noun, verb, adjective, or adverb."
2506,气质高雅,Elegant temperament,noun,phrase,"Multiword constituent or fragment rather than a standalone lexical noun, verb, adjective, or adverb."
2507,阳光开朗,Sunny and cheerful,noun,phrase,"Multiword constituent or fragment rather than a standalone lexical noun, verb, adjective, or adverb."
2509,整洁,tidy,noun,adjective,Describes a quality or state; not a noun.
2511,私企经理,Private company manager,noun,phrase,"Multiword constituent or fragment rather than a standalone lexical noun, verb, adjective, or adverb."
2513,咨询,consulting;to consult,noun,verb,Action or mental process; not a noun in the listed sense.
2514,高级职称,Senior job title,noun,phrase,"Multiword constituent or fragment rather than a standalone lexical noun, verb, adjective, or adverb."
2515,高层管理,Senior Management,noun,phrase,"Multiword constituent or fragment rather than a standalone lexical noun, verb, adjective, or adverb."
2516,区域总监,Regional Director,noun,phrase,"Multiword constituent or fragment rather than a standalone lexical noun, verb, adjective, or adverb."
2517,收入具佳,Good income,adjective,phrase,"Multiword constituent or fragment rather than a standalone lexical noun, verb, adjective, or adverb."
2519,身材匀称,Well-proportioned body,noun,phrase,"Multiword constituent or fragment rather than a standalone lexical noun, verb, adjective, or adverb."
2520,活泼,lively,noun,adjective,Describes a quality or state; not a noun.
2521,善于人际沟通,Good at interpersonal communication,adjective,phrase,"Multiword constituent or fragment rather than a standalone lexical noun, verb, adjective, or adverb."
2522,为人处事好,Good at dealing with people,adjective,sentence,"Complete statement, question, directive, or conventional utterance; classify the entire Chinese entry."
2523,尊敬长辈,Respect for elders,verb,phrase,"Multiword constituent or fragment rather than a standalone lexical noun, verb, adjective, or adverb."
2525,谦逊,humble,noun,adjective,Describes a quality or state; not a noun.
2526,谦虚,modest,noun,adjective,Describes a quality or state; not a noun.
2527,不考虑,not considered,adjective,phrase,"Multiword constituent or fragment rather than a standalone lexical noun, verb, adjective, or adverb."
2528,也考虑,Also consider,adverb,phrase,"Multiword constituent or fragment rather than a standalone lexical noun, verb, adjective, or adverb."
2531,圈子干净简单,Social circle is clean and simple,adjective,sentence,"Complete statement, question, directive, or conventional utterance; classify the entire Chinese entry."
2533,清纯内秀,"innocent-looking, with inner intelligence and refinement",noun,phrase,"Multiword constituent or fragment rather than a standalone lexical noun, verb, adjective, or adverb."
2534,视力好,Good eyesight,adjective,phrase,"Multiword constituent or fragment rather than a standalone lexical noun, verb, adjective, or adverb."
2536,自律,self-disciplined,noun,verb,Action or mental process; not a noun in the listed sense.
2537,能力在线,competent; capable; up to the task,noun,phrase,"Multiword constituent or fragment rather than a standalone lexical noun, verb, adjective, or adverb."
2539,早九晚五双休,9 to 5 with a two-day weekend,noun,phrase,"Multiword constituent or fragment rather than a standalone lexical noun, verb, adjective, or adverb."
2540,身材均匀,well-proportioned build,noun,phrase,"Multiword constituent or fragment rather than a standalone lexical noun, verb, adjective, or adverb."
2541,有家庭责任感,Have a sense of family responsibility,verb,phrase,"Multiword constituent or fragment rather than a standalone lexical noun, verb, adjective, or adverb."
2542,对老人有孝心,Be filial to the elderly,verb,phrase,"Multiword constituent or fragment rather than a standalone lexical noun, verb, adjective, or adverb."
2543,孝顺,filial;obedient to elders,noun,adjective,Describes a quality or state; not a noun.
2544,有担当,Responsible,noun,phrase,"Multiword constituent or fragment rather than a standalone lexical noun, verb, adjective, or adverb."
2546,79年及以后,1979 and later,noun,phrase,"Multiword constituent or fragment rather than a standalone lexical noun, verb, adjective, or adverb."
2551,属牛,born in year of ox,noun,phrase,"Multiword constituent or fragment rather than a standalone lexical noun, verb, adjective, or adverb."
2552,属虎,born in year of tiger,noun,phrase,"Multiword constituent or fragment rather than a standalone lexical noun, verb, adjective, or adverb."
2553,主任研究员,principal researcher; senior research fellow,adjective,noun,"Names an object, person, food, field, or nominal concept; the whole expression is not adjectival or verbal."
2558,家乡,hometown,proper_noun,noun,"Names an object, person, food, field, or nominal concept; the whole expression is not adjectival or verbal."
2562,善解人意,good at understanding others;considerate,adjective,idiom,"Established idiom: classify the expression as a whole rather than by its literal noun, adjective, or verb gloss."
2563,正能量满满,full of positive energy,adjective,sentence,"Complete statement, question, directive, or conventional utterance; classify the entire Chinese entry."
2564,澳籍华人,Australian Chinese,noun,phrase,"Multiword constituent or fragment rather than a standalone lexical noun, verb, adjective, or adverb."
2565,体格健壮,"physique healthy, strong",adjective,phrase,"Multiword constituent or fragment rather than a standalone lexical noun, verb, adjective, or adverb."
2567,才貌双全,Talented and pretty,noun,idiom,Established idiom rather than an ordinary noun.
2569,热爱,passionate;deep love;to love ardently,adjective,verb,Action or process; incorrect adjective/adverb label.
2570,免问,no need to ask; please do not inquire,noun,phrase,"Multiword constituent or fragment rather than a standalone lexical noun, verb, adjective, or adverb."
2575,性格稳重,stable personality,noun,phrase,"Multiword constituent or fragment rather than a standalone lexical noun, verb, adjective, or adverb."
2579,对方的期待,The other party's expectations,noun,phrase,"Multiword constituent or fragment rather than a standalone lexical noun, verb, adjective, or adverb."
2580,80至85,80 to 85,noun,numeral,"Numerical value or numerical range, not an ordinary noun."
2581,情绪稳定,emotional stability,noun,phrase,"Multiword constituent or fragment rather than a standalone lexical noun, verb, adjective, or adverb."
2582,为人稳健,steady,noun,phrase,"Multiword constituent or fragment rather than a standalone lexical noun, verb, adjective, or adverb."
2583,成熟稳重,Mature and stable,noun,phrase,"Multiword constituent or fragment rather than a standalone lexical noun, verb, adjective, or adverb."
2584,匹配度较近,close match,verb,sentence,"Complete statement, question, directive, or conventional utterance; classify the entire Chinese entry."
2589,优雅,elegant;grace,noun,adjective,Describes a quality or state; not a noun.
2590,知性,intellectual,noun,adjective,Describes a quality or state; not a noun.
2592,近万,"nearly 10,000",noun,phrase,"Multiword constituent or fragment rather than a standalone lexical noun, verb, adjective, or adverb."
2595,证书,certificate;credentials,adjective,noun,"Names an object, person, food, field, or nominal concept; the whole expression is not adjectival or verbal."
2598,小3到8岁,3-8 years younger,adjective,phrase,"Multiword constituent or fragment rather than a standalone lexical noun, verb, adjective, or adverb."
2599,家境好,good family background;well-off,adjective,phrase,"Multiword constituent or fragment rather than a standalone lexical noun, verb, adjective, or adverb."
2605,江浙沪优先,"Priority given to those from Jiangsu, Zhejiang or Shanghai",proper_noun,phrase,"Multiword constituent or fragment rather than a standalone lexical noun, verb, adjective, or adverb."
2610,内向,introverted,noun,adjective,Describes a quality or state; not a noun.
2615,还不行,not yet;not enough,noun,phrase,"Multiword constituent or fragment rather than a standalone lexical noun, verb, adjective, or adverb."
2616,有什么事吗,What can I do for you?,noun,sentence,"Complete statement, question, directive, or conventional utterance; classify the entire Chinese entry."
2617,我想起来了,I remember now,noun,sentence,"Complete statement, question, directive, or conventional utterance; classify the entire Chinese entry."
2620,听不清楚,can't hear clearly,adjective,phrase,"Multiword constituent or fragment rather than a standalone lexical noun, verb, adjective, or adverb."
2621,先来后到,"First come, first served",noun,idiom,Established idiom rather than an ordinary noun.
2623,伸展一下腿,Stretch your legs,verb,sentence,"Complete statement, question, directive, or conventional utterance; classify the entire Chinese entry."
2626,多余的枕头,extra pillows,adjective,phrase,"Multiword constituent or fragment rather than a standalone lexical noun, verb, adjective, or adverb."
2627,什么都吃,Eat everything,verb,phrase,"Multiword constituent or fragment rather than a standalone lexical noun, verb, adjective, or adverb."
2628,我被骗了,I was deceived,noun,sentence,"Complete statement, question, directive, or conventional utterance; classify the entire Chinese entry."
2629,我受到欺骗,I was cheated,noun,sentence,"Complete statement, question, directive, or conventional utterance; classify the entire Chinese entry."
2630,我震惊了,I was shocked,noun,sentence,"Complete statement, question, directive, or conventional utterance; classify the entire Chinese entry."
2631,比较少数,Relatively few,noun,phrase,"Multiword constituent or fragment rather than a standalone lexical noun, verb, adjective, or adverb."
2633,怎么不理我,Why are you ignoring me?,noun,sentence,"Complete statement, question, directive, or conventional utterance; classify the entire Chinese entry."
2636,花心,flirtatious;unfaithful,noun,adjective,Describes a quality or state; not a noun.
2639,耍酷,Playing cool,noun,verb,Action or mental process; not a noun in the listed sense.
2641,大妈,older woman; auntie; wife of one's father's eldest brother,adjective,noun,"Names an object, person, food, field, or nominal concept; the whole expression is not adjectival or verbal."
2645,拜托,Please,noun,verb,Action or mental process; not a noun in the listed sense.
2649,犯罪率会上升,Crime rates will rise,noun,sentence,"Complete statement, question, directive, or conventional utterance; classify the entire Chinese entry."
2650,记忆力下降,memory decline,noun,sentence,"Complete statement, question, directive, or conventional utterance; classify the entire Chinese entry."
2651,减少,reduce;decreasing,adjective,verb,Action or process; incorrect adjective/adverb label.
2652,增加了,increased;added,noun,phrase,"Multiword constituent or fragment rather than a standalone lexical noun, verb, adjective, or adverb."
2654,可怜的狗,poor dog,adjective,phrase,"Multiword constituent or fragment rather than a standalone lexical noun, verb, adjective, or adverb."
2655,社会大哥,big shot gangster,adjective,noun,"Names an object, person, food, field, or nominal concept; the whole expression is not adjectival or verbal."
2656,黑社会的人,Gangsters,noun,phrase,"Multiword constituent or fragment rather than a standalone lexical noun, verb, adjective, or adverb."
2657,谈不出来的,Talk without coming to any understanding,noun,phrase,"Multiword constituent or fragment rather than a standalone lexical noun, verb, adjective, or adverb."
2659,可一单独再加一份蔬菜吗,Can I add a separate serving of vegetables?,phrase,sentence,"Complete statement, question, directive, or conventional utterance; classify the entire Chinese entry."
2662,小初高,"Primary, middle and high school",adjective,noun,"Names an object, person, food, field, or nominal concept; the whole expression is not adjectival or verbal."
2665,相夫教子,Supporting husband and raising children,noun,idiom,Established idiom rather than an ordinary noun.
2667,够了,that's enough,noun,sentence,"Complete statement, question, directive, or conventional utterance; classify the entire Chinese entry."
2668,失,lose,noun,verb,Action or mental process; not a noun in the listed sense.
2669,失望,disappointed,noun,adjective,Describes a quality or state; not a noun.
2672,再过一个星期 我需要离开,"In one week, I need to leave",phrase,sentence,"Complete statement, question, directive, or conventional utterance; classify the entire Chinese entry."
2690,简约风,simple style,adjective,noun,"Names an object, person, food, field, or nominal concept; the whole expression is not adjectival or verbal."
2714,无理取闹,Making trouble without reason,noun,idiom,Established idiom rather than an ordinary noun.
2715,郊区,suburbs,proper_noun,noun,"Names an object, person, food, field, or nominal concept; the whole expression is not adjectival or verbal."
2716,几乎,almost,noun,adverb,"Adverbial expression, not a noun."
2717,似乎是,It seems to be,noun,phrase,"Multiword constituent or fragment rather than a standalone lexical noun, verb, adjective, or adverb."
2718,经常,often,noun,adverb,"Adverbial expression, not a noun."
2719,常常,often; frequently,noun,adverb,"Adverbial expression, not a noun."
2720,正常,normal,noun,adjective,Describes a quality or state rather than a noun.
2721,通常,generally;usually,noun,adverb,"Adverbial expression, not a noun."
2722,平常,usually,noun,adjective,Describes a quality or state rather than a noun.
2726,铂寓,platinum apartment,noun,proper_noun,"Names a specific person, place, organization, or titled work."
2728,俄乌战争,Russo-Ukrainian War,noun,proper_noun,"Names a specific person, place, organization, or titled work."
2730,普京大帝,Putin the Great,noun,proper_noun,"Names a specific person, place, organization, or titled work."
2731,大白毛子,big white hairy people;Russians,adjective,noun,"Names an object, person, food, field, or nominal concept; the whole expression is not adjectival or verbal."
2733,因人而异,It depends on the person,noun,idiom,Established idiom rather than an ordinary noun.
2734,我本来打算去那里,I was originally planning to go there,phrase,sentence,"Complete statement, question, directive, or conventional utterance; classify the entire Chinese entry."
2737,优点和缺点,Pros and Cons,noun,phrase,"Multiword constituent or fragment rather than a standalone lexical noun, verb, adjective, or adverb."
2739,缺点,shortcoming;disadvantage;con,adjective,noun,"Names an object, person, food, field, or nominal concept; the whole expression is not adjectival or verbal."
2745,其本上,basically,noun,adverb,"Adverbial expression, not a noun."
2747,好时机,good timing,adjective,noun,"Names an object, person, food, field, or nominal concept; the whole expression is not adjectival or verbal."
2752,我可想死你了,I miss you so much,noun,sentence,"Complete statement, question, directive, or conventional utterance; classify the entire Chinese entry."
2753,没有压力,no pressure!,noun,phrase,"Multiword constituent or fragment rather than a standalone lexical noun, verb, adjective, or adverb."
2755,我们主要练习听力,we mostly practiced listening,phrase,sentence,"Complete statement, question, directive, or conventional utterance; classify the entire Chinese entry."
2756,这栋楼被人们抛弃了,This building has been abandoned,phrase,sentence,"Complete statement, question, directive, or conventional utterance; classify the entire Chinese entry."
2757,复制粘贴,copy paste,verb,phrase,"Multiword constituent or fragment rather than a standalone lexical noun, verb, adjective, or adverb."
2758,也许,maybe;perhaps,noun,adverb,"Adverbial expression, not a noun."
2759,或许,perhaps,noun,adverb,"Adverbial expression, not a noun."
2760,大概,probably,noun,adverb,"Adverbial expression, not a noun."
2761,百分之五十,Fifty percent,noun,numeral,"Numerical value or numerical range, not an ordinary noun."
2762,百分之多少的中国人用vpn,What percentage of Chinese people use VPN?,phrase,sentence,"Complete statement, question, directive, or conventional utterance; classify the entire Chinese entry."
2763,比例是多少,What is the ratio?,noun,sentence,"Complete statement, question, directive, or conventional utterance; classify the entire Chinese entry."
2764,我很惊讶,I was surprised,noun,sentence,"Complete statement, question, directive, or conventional utterance; classify the entire Chinese entry."
2765,随意说话,Talk casually,noun,phrase,"Multiword constituent or fragment rather than a standalone lexical noun, verb, adjective, or adverb."
2766,哎哟喂,surprised response,noun,interjection,Exclamation rather than a noun.
2767,完蛋啦,finished;to be done for,noun,sentence,"Complete statement, question, directive, or conventional utterance; classify the entire Chinese entry."
2768,这个工作很有挑战性,This job is challenging,phrase,sentence,"Complete statement, question, directive, or conventional utterance; classify the entire Chinese entry."
2770,放松的地方,relaxing place,noun,phrase,"Multiword constituent or fragment rather than a standalone lexical noun, verb, adjective, or adverb."
2771,神奇的口感,an amazing texture or mouthfeel,noun,phrase,"Multiword constituent or fragment rather than a standalone lexical noun, verb, adjective, or adverb."
2772,你在这里呆到什么时候,How long will you stay here?,phrase,sentence,"Complete statement, question, directive, or conventional utterance; classify the entire Chinese entry."
2774,原来是你,"Oh, it's you!; So it was you!",noun,sentence,"Complete statement, question, directive, or conventional utterance; classify the entire Chinese entry."
2775,我昨天在路上偶遇了我的朋友,I ran into my friend on the road yesterday,phrase,sentence,"Complete statement, question, directive, or conventional utterance; classify the entire Chinese entry."
2776,我昨天见到了我的朋友,I met my friend yesterday,phrase,sentence,"Complete statement, question, directive, or conventional utterance; classify the entire Chinese entry."
2777,我昨天和我的朋友见面了,I met my friend yesterday,phrase,sentence,"Complete statement, question, directive, or conventional utterance; classify the entire Chinese entry."
2778,好巧,What a coincidence!,noun,phrase,"Multiword constituent or fragment rather than a standalone lexical noun, verb, adjective, or adverb."
2784,我有一个请求,I have a request,noun,sentence,"Complete statement, question, directive, or conventional utterance; classify the entire Chinese entry."
2785,少放点盐,Use less salt,verb,sentence,"Complete statement, question, directive, or conventional utterance; classify the entire Chinese entry."
2786,味道怎么样,How does it taste?,noun,sentence,"Complete statement, question, directive, or conventional utterance; classify the entire Chinese entry."
2787,挺好吃的,It's delicious,noun,sentence,"Complete statement, question, directive, or conventional utterance; classify the entire Chinese entry."
2788,这道菜味道有点咸了,This dish tastes a bit salty,phrase,sentence,"Complete statement, question, directive, or conventional utterance; classify the entire Chinese entry."
2789,服务员 结账,"Excuse me, the bill, please.",phrase,sentence,"Complete statement, question, directive, or conventional utterance; classify the entire Chinese entry."
2791,马路对面有一个,There is one across the road,adverb,sentence,"Complete statement, question, directive, or conventional utterance; classify the entire Chinese entry."
2793,一直往前走,Keep going forward,verb,sentence,"Complete statement, question, directive, or conventional utterance; classify the entire Chinese entry."
2794,我在你的右边,I'm on your right,noun,sentence,"Complete statement, question, directive, or conventional utterance; classify the entire Chinese entry."
2795,我来画一幅图,Let me draw a picture,noun,sentence,"Complete statement, question, directive, or conventional utterance; classify the entire Chinese entry."
2796,过了第一个路口,Pass the first intersection,noun,phrase,"Multiword constituent or fragment rather than a standalone lexical noun, verb, adjective, or adverb."
2797,往右转,Turn right,verb,sentence,"Complete statement, question, directive, or conventional utterance; classify the entire Chinese entry."
2798,往右拐,Turn right,verb,sentence,"Complete statement, question, directive, or conventional utterance; classify the entire Chinese entry."
2800,昨天下课之后你干什么去了,What did you do after class yesterday?,phrase,sentence,"Complete statement, question, directive, or conventional utterance; classify the entire Chinese entry."
2801,里面有什么,What's inside?,noun,sentence,"Complete statement, question, directive, or conventional utterance; classify the entire Chinese entry."
2804,你的朋友给你打折了吗,Did your friends give you a discount?,phrase,sentence,"Complete statement, question, directive, or conventional utterance; classify the entire Chinese entry."
2805,打了多少折,How much discount is given?,noun,sentence,"Complete statement, question, directive, or conventional utterance; classify the entire Chinese entry."
2806,你经常去吗,Do you go there often?,noun,sentence,"Complete statement, question, directive, or conventional utterance; classify the entire Chinese entry."
2807,我一周去四次咖啡店,I go to the coffee shop four times a week,phrase,sentence,"Complete statement, question, directive, or conventional utterance; classify the entire Chinese entry."
2808,你们在咖啡店待了多久,How long did you stay in the coffee shop?,phrase,sentence,"Complete statement, question, directive, or conventional utterance; classify the entire Chinese entry."
2809,大概两个小时,About two hours,noun,phrase,"Multiword constituent or fragment rather than a standalone lexical noun, verb, adjective, or adverb."
2810,我们买了饮料来解辣,We bought some drinks to relieve the spiciness.,phrase,sentence,"Complete statement, question, directive, or conventional utterance; classify the entire Chinese entry."
2811,我们骑着车到处逛,We rode around,phrase,sentence,"Complete statement, question, directive, or conventional utterance; classify the entire Chinese entry."
2812,你可以完整地说一遍吗,Can you say it again in full?,phrase,sentence,"Complete statement, question, directive, or conventional utterance; classify the entire Chinese entry."
2813,好棒,That's awesome!; Great!,noun,phrase,"Multiword constituent or fragment rather than a standalone lexical noun, verb, adjective, or adverb."
2814,好厉害,So cool,noun,phrase,"Multiword constituent or fragment rather than a standalone lexical noun, verb, adjective, or adverb."
2815,好酷了,So cool,noun,sentence,"Complete statement, question, directive, or conventional utterance; classify the entire Chinese entry."
2816,棒极了,Excellent,noun,sentence,"Complete statement, question, directive, or conventional utterance; classify the entire Chinese entry."
2817,酒店离这很近,The hotel is very close to here,adjective,sentence,"Complete statement, question, directive, or conventional utterance; classify the entire Chinese entry."
2820,我的性格是,My personality is,noun,phrase,"Multiword constituent or fragment rather than a standalone lexical noun, verb, adjective, or adverb."
2821,安静的环境,Quiet environment,adjective,phrase,"Multiword constituent or fragment rather than a standalone lexical noun, verb, adjective, or adverb."
2822,这份新的工作让我紧张,This new job makes me nervous,phrase,sentence,"Complete statement, question, directive, or conventional utterance; classify the entire Chinese entry."
2823,你会怎么样放松自己,How do you relax yourself?,phrase,sentence,"Complete statement, question, directive, or conventional utterance; classify the entire Chinese entry."
2824,我在网上看视频来放松自己,I watch videos online to relax myself,phrase,sentence,"Complete statement, question, directive, or conventional utterance; classify the entire Chinese entry."
2825,我放松的方式是,My way of relaxing is,noun,phrase,"Multiword constituent or fragment rather than a standalone lexical noun, verb, adjective, or adverb."
2826,把想法写下来,Write down your thoughts,verb,sentence,"Complete statement, question, directive, or conventional utterance; classify the entire Chinese entry."
2827,任何事情,anything,noun,phrase,"Multiword constituent or fragment rather than a standalone lexical noun, verb, adjective, or adverb."
2828,不想做任何事情,Don't want to do anything,noun,phrase,"Multiword constituent or fragment rather than a standalone lexical noun, verb, adjective, or adverb."
2829,传统的人,traditional people,noun,phrase,"Multiword constituent or fragment rather than a standalone lexical noun, verb, adjective, or adverb."
2830,创新的人,Innovative people,noun,phrase,"Multiword constituent or fragment rather than a standalone lexical noun, verb, adjective, or adverb."
2831,我经常做清单,I often make lists,noun,sentence,"Complete statement, question, directive, or conventional utterance; classify the entire Chinese entry."
2832,有时候我会改变计划,Sometimes I change my plans,phrase,sentence,"Complete statement, question, directive, or conventional utterance; classify the entire Chinese entry."
2833,你考虑得太周全了,You've thought it through so thoroughly.,phrase,sentence,"Complete statement, question, directive, or conventional utterance; classify the entire Chinese entry."
2834,我的运气很好,My luck is good,adjective,sentence,"Complete statement, question, directive, or conventional utterance; classify the entire Chinese entry."
2835,我很辛运,I'm lucky,noun,sentence,"Complete statement, question, directive, or conventional utterance; classify the entire Chinese entry."
2836,我很享受读研究生的时候,I enjoyed my graduate studies.,phrase,sentence,"Complete statement, question, directive, or conventional utterance; classify the entire Chinese entry."
2837,我很享受读研究生的时光,I enjoyed my time as a graduate student.,phrase,sentence,"Complete statement, question, directive, or conventional utterance; classify the entire Chinese entry."
2838,我只是在回忆以前的事情,I'm just reminiscing about the past,phrase,sentence,"Complete statement, question, directive, or conventional utterance; classify the entire Chinese entry."
2839,谢谢你把事情处理得很灵活,Thank you for handling things flexibly,phrase,sentence,"Complete statement, question, directive, or conventional utterance; classify the entire Chinese entry."
2840,我需要重复地说,I need to say it repeatedly,noun,sentence,"Complete statement, question, directive, or conventional utterance; classify the entire Chinese entry."
2841,你可以重复一下吗 我没听明白,Could you please repeat it? I don't quite understand.,phrase,sentence,"Complete statement, question, directive, or conventional utterance; classify the entire Chinese entry."
2842,严肃的话题,serious topic,adjective,phrase,"Multiword constituent or fragment rather than a standalone lexical noun, verb, adjective, or adverb."
2843,他很认真,He is serious (in way he's doing something),adjective,sentence,"Complete statement, question, directive, or conventional utterance; classify the entire Chinese entry."
2844,他是个严肃的人,He is serious (looks serious; more permanent personality),adjective,sentence,"Complete statement, question, directive, or conventional utterance; classify the entire Chinese entry."
2845,长期关系,Long-term relationship,noun,phrase,"Multiword constituent or fragment rather than a standalone lexical noun, verb, adjective, or adverb."
2848,昨天我有很多的社交,I had a lot of socializing yesterday.,phrase,sentence,"Complete statement, question, directive, or conventional utterance; classify the entire Chinese entry."
2849,怎么说这个句子,How to say this sentence,noun,sentence,"Complete statement, question, directive, or conventional utterance; classify the entire Chinese entry."
2850,我昨天去了你推荐的咖啡店,I went to the coffee shop you recommended yesterday,phrase,sentence,"Complete statement, question, directive, or conventional utterance; classify the entire Chinese entry."
2851,我去的咖啡店的名字叫A,The name of the coffee shop I went to was A,phrase,sentence,"Complete statement, question, directive, or conventional utterance; classify the entire Chinese entry."
2852,我喝的是单品豆咖啡,I drink single origin coffee,phrase,sentence,"Complete statement, question, directive, or conventional utterance; classify the entire Chinese entry."
2853,有时我认为我应该更注意咖啡的风味,Sometimes I think I should pay more attention to the flavor of coffee,phrase,sentence,"Complete statement, question, directive, or conventional utterance; classify the entire Chinese entry."
2854,咖啡的风味,Coffee flavor,noun,phrase,"Multiword constituent or fragment rather than a standalone lexical noun, verb, adjective, or adverb."
2855,这个咖啡豆的生产地是哪里,Where is this coffee bean produced?,phrase,sentence,"Complete statement, question, directive, or conventional utterance; classify the entire Chinese entry."
2856,这个咖啡豆来自巴西还是厄瓜多尔,Is this coffee bean from Brazil or Ecuador?,phrase,sentence,"Complete statement, question, directive, or conventional utterance; classify the entire Chinese entry."
2857,不同的生产地中值得咖啡豆风味是不一样的,The flavor of coffee beans from different production areas is different,phrase,sentence,"Complete statement, question, directive, or conventional utterance; classify the entire Chinese entry."
2858,云南的咖啡豆有很多是酸的,A lot of coffee in Yunnan is sour.,phrase,sentence,"Complete statement, question, directive, or conventional utterance; classify the entire Chinese entry."
2859,为什么你犹豫了,Why did you hesitate?,noun,sentence,"Complete statement, question, directive, or conventional utterance; classify the entire Chinese entry."
2860,有点奇怪,A bit strange,noun,phrase,"Multiword constituent or fragment rather than a standalone lexical noun, verb, adjective, or adverb."
2861,我一般喝到的手冲咖啡都是酸的,The hand-brewed coffee I usually drink is sour,phrase,sentence,"Complete statement, question, directive, or conventional utterance; classify the entire Chinese entry."
2862,日本的咖啡大部分是深度烘焙,Most of the coffee in Japan is dark roasted,phrase,sentence,"Complete statement, question, directive, or conventional utterance; classify the entire Chinese entry."
2863,深度烘焙的咖啡是苦的,Dark roasted coffee is bitter,phrase,sentence,"Complete statement, question, directive, or conventional utterance; classify the entire Chinese entry."
2864,浅度烘焙的咖啡大部分是酸的,Lightly roasted coffee is mostly sour,phrase,sentence,"Complete statement, question, directive, or conventional utterance; classify the entire Chinese entry."
2865,品尝一下北海的手冲咖啡,Taste Beihai's hand-brewed coffee,phrase,sentence,"Complete statement, question, directive, or conventional utterance; classify the entire Chinese entry."
2866,有一些咖啡有水果的风味,Some coffees have fruity flavors,phrase,sentence,"Complete statement, question, directive, or conventional utterance; classify the entire Chinese entry."
2867,深度烘焙的咖啡喝起来会有巧克力和坚果的风味,Dark roasted coffee tastes like chocolate and nuts,phrase,sentence,"Complete statement, question, directive, or conventional utterance; classify the entire Chinese entry."
2868,这个豆子喝起来会有什么风味,What does this bean taste like?,phrase,sentence,"Complete statement, question, directive, or conventional utterance; classify the entire Chinese entry."
2869,老板这个咖啡豆风味是怎么样的,"Boss, what is the flavor of this coffee bean?",phrase,sentence,"Complete statement, question, directive, or conventional utterance; classify the entire Chinese entry."
2870,手冲的咖啡在不同的温度下 喝到的风味是不一样的,The flavor of hand-brewed coffee is different at different temperatures.,phrase,sentence,"Complete statement, question, directive, or conventional utterance; classify the entire Chinese entry."
2871,这个风味很新颖,This flavor is very novel,noun,sentence,"Complete statement, question, directive, or conventional utterance; classify the entire Chinese entry."
2872,帅哥我想问一下,"Hey, I want to ask you something.",noun,sentence,"Complete statement, question, directive, or conventional utterance; classify the entire Chinese entry."
2873,你可以叫我狗哥,You can call me Dog Brother,noun,sentence,"Complete statement, question, directive, or conventional utterance; classify the entire Chinese entry."
2874,我认为他非常想见其他的外国朋友,I think he really wants to meet other foreign friends,phrase,sentence,"Complete statement, question, directive, or conventional utterance; classify the entire Chinese entry."
2875,在我年轻的时候 我很努力的学习,"When I was young, I studied very hard.",phrase,sentence,"Complete statement, question, directive, or conventional utterance; classify the entire Chinese entry."
2876,我学习起来一个机器人,I learned like a robot,phrase,sentence,"Complete statement, question, directive, or conventional utterance; classify the entire Chinese entry."
2877,废寝忘食,work extremely hard,verb,idiom,"Established idiom: classify the expression as a whole rather than by its literal noun, adjective, or verb gloss."
2878,我学习起来废寝忘食,"I studied hard (give up sleep, forgot to eat)",phrase,sentence,"Complete statement, question, directive, or conventional utterance; classify the entire Chinese entry."
2879,我差不多也是这样的,I'm almost like that too.,phrase,sentence,"Complete statement, question, directive, or conventional utterance; classify the entire Chinese entry."
2881,我喝完咖啡以后,After I finished my coffee,adverb,phrase,"Multiword constituent or fragment rather than a standalone lexical noun, verb, adjective, or adverb."
2882,喝了奶茶之后我们就分开了,"After drinking milk tea, we separated.",phrase,sentence,"Complete statement, question, directive, or conventional utterance; classify the entire Chinese entry."
2883,我们参加了一个英语角,We participated in an English corner,phrase,sentence,"Complete statement, question, directive, or conventional utterance; classify the entire Chinese entry."
2884,我觉得我应该去那里，但我不想再社交了,"I feel like I should be there, but I don't want to socialize anymore",phrase,sentence,"Complete statement, question, directive, or conventional utterance; classify the entire Chinese entry."
2885,我们可以微信联系,We can connect on WeChat,phrase,sentence,"Complete statement, question, directive, or conventional utterance; classify the entire Chinese entry."
2886,我跟我的外甥聊天,I chat with my nephew,phrase,sentence,"Complete statement, question, directive, or conventional utterance; classify the entire Chinese entry."
2887,你的侄女多少岁,How old is your niece?,adjective,sentence,"Complete statement, question, directive, or conventional utterance; classify the entire Chinese entry."
2892,他们的年龄从九岁到二十三岁,Their ages range from nine to twenty-three.,phrase,sentence,"Complete statement, question, directive, or conventional utterance; classify the entire Chinese entry."
2893,他的生日是什么时候,When is his birthday?,phrase,sentence,"Complete statement, question, directive, or conventional utterance; classify the entire Chinese entry."
2894,他刚从泰国旅游回来,He just came back from a trip to Thailand.,phrase,sentence,"Complete statement, question, directive, or conventional utterance; classify the entire Chinese entry."
2895,他跟我分享了很多泰国有趣的事情,He shared with me many interesting things about Thailand,phrase,sentence,"Complete statement, question, directive, or conventional utterance; classify the entire Chinese entry."
2896,我们聊得很开心,We had a great time chatting,noun,sentence,"Complete statement, question, directive, or conventional utterance; classify the entire Chinese entry."
2897,我们吃得很开心,We enjoyed the meal,noun,sentence,"Complete statement, question, directive, or conventional utterance; classify the entire Chinese entry."
2898,我们玩得很高兴,We had a great time,noun,sentence,"Complete statement, question, directive, or conventional utterance; classify the entire Chinese entry."
2899,描述一下你的心情,Describe your mood,phrase,sentence,"Complete statement, question, directive, or conventional utterance; classify the entire Chinese entry."
2900,下午的时候，我睡了一会儿午觉,"In the afternoon, I took a nap",phrase,sentence,"Complete statement, question, directive, or conventional utterance; classify the entire Chinese entry."
2901,我看了一会儿电视,I watched TV for a while,phrase,sentence,"Complete statement, question, directive, or conventional utterance; classify the entire Chinese entry."
2902,睡醒觉之后我去了健身房,"After waking up, I went to the gym",phrase,sentence,"Complete statement, question, directive, or conventional utterance; classify the entire Chinese entry."
2903,我很久没有运动了,I haven't exercised for a long time.,phrase,sentence,"Complete statement, question, directive, or conventional utterance; classify the entire Chinese entry."
2904,运动了之后，我觉得很放松，很开心,"After exercising, I feel relaxed and happy.",phrase,sentence,"Complete statement, question, directive, or conventional utterance; classify the entire Chinese entry."
2905,不是正宗纽约贝果,Not a real New York bagel,phrase,sentence,"Complete statement, question, directive, or conventional utterance; classify the entire Chinese entry."
2906,我们一起庆祝他的生日,Let's celebrate his birthday together,phrase,sentence,"Complete statement, question, directive, or conventional utterance; classify the entire Chinese entry."
2907,我给她订了一束鲜花,I ordered a bouquet of flowers for her.,phrase,sentence,"Complete statement, question, directive, or conventional utterance; classify the entire Chinese entry."
2908,你太贴心了,You are so sweet.,noun,sentence,"Complete statement, question, directive, or conventional utterance; classify the entire Chinese entry."
2910,我的姐姐年龄和你一样,My sister is the same age as you.,phrase,sentence,"Complete statement, question, directive, or conventional utterance; classify the entire Chinese entry."
2911,在你家你们会庆祝圣诞节吗,Do you celebrate Christmas in your home?,phrase,sentence,"Complete statement, question, directive, or conventional utterance; classify the entire Chinese entry."
2912,那里很有圣诞氛围,There is a Christmas atmosphere there,phrase,sentence,"Complete statement, question, directive, or conventional utterance; classify the entire Chinese entry."
2913,今天是元宵节,Today is Lantern Festival,noun,sentence,"Complete statement, question, directive, or conventional utterance; classify the entire Chinese entry."
2914,汤圆里面可能有芝麻花生,There may be sesame and peanuts in the rice dumplings,phrase,sentence,"Complete statement, question, directive, or conventional utterance; classify the entire Chinese entry."
2915,冷笑话,cold joke;dry joke,adjective,noun,"Names an object, person, food, field, or nominal concept; the whole expression is not adjectival or verbal."
2917,紫外线很强,Ultraviolet rays are very strong,adjective,sentence,"Complete statement, question, directive, or conventional utterance; classify the entire Chinese entry."
2918,好有意思,so funny;very interesting,noun,phrase,"Multiword constituent or fragment rather than a standalone lexical noun, verb, adjective, or adverb."
2919,听起来好有意思,Sounds interesting,noun,sentence,"Complete statement, question, directive, or conventional utterance; classify the entire Chinese entry."
2920,听起来好无聊,Sounds so boring,noun,sentence,"Complete statement, question, directive, or conventional utterance; classify the entire Chinese entry."
2921,他和老师们聊了一下,He talked to the teachers,phrase,sentence,"Complete statement, question, directive, or conventional utterance; classify the entire Chinese entry."
2922,他有空闲的自行车,He has a spare bicycle,phrase,sentence,"Complete statement, question, directive, or conventional utterance; classify the entire Chinese entry."
2923,他借给我,He lent it to me,noun,sentence,"Complete statement, question, directive, or conventional utterance; classify the entire Chinese entry."
2924,这不重要,It doesn't matter,noun,sentence,"Complete statement, question, directive, or conventional utterance; classify the entire Chinese entry."
2925,挑食,picky eater,noun,verb,Action or process rather than a noun.
2926,我会尝试去描述食物,I will try to describe the food,phrase,sentence,"Complete statement, question, directive, or conventional utterance; classify the entire Chinese entry."
2927,卷粉里面有肉，胡萝卜，和香芋,"The rice rolls contain meat, carrots, and taro",phrase,sentence,"Complete statement, question, directive, or conventional utterance; classify the entire Chinese entry."
2928,酱油和陈醋,Soy sauce and vinegar,noun,phrase,"Multiword constituent or fragment rather than a standalone lexical noun, verb, adjective, or adverb."
2929,螺蛳粉里面没有螺蛳,There are no snails in the snail rice noodle,phrase,sentence,"Complete statement, question, directive, or conventional utterance; classify the entire Chinese entry."
2930,我们骑了一个小时车去沙滩,We rode for an hour to the beach.,phrase,sentence,"Complete statement, question, directive, or conventional utterance; classify the entire Chinese entry."
2931,我们见到了其他的学生,We met other students,phrase,sentence,"Complete statement, question, directive, or conventional utterance; classify the entire Chinese entry."
2932,你们是约好了一起去沙滩吗,Did you guys plan to go to the beach together?,phrase,sentence,"Complete statement, question, directive, or conventional utterance; classify the entire Chinese entry."
2933,我们约好了下午三点在沙滩见面,We agreed to meet at the beach at 3pm,phrase,sentence,"Complete statement, question, directive, or conventional utterance; classify the entire Chinese entry."
2934,时间放在地点的前面,Put time before location,phrase,sentence,"Complete statement, question, directive, or conventional utterance; classify the entire Chinese entry."
2935,我们一边喝饮料一边聊天,We chatted while drinking,phrase,sentence,"Complete statement, question, directive, or conventional utterance; classify the entire Chinese entry."
2936,他还想一起做别的事情,He still wants to do other things together.,phrase,sentence,"Complete statement, question, directive, or conventional utterance; classify the entire Chinese entry."
2937,他很有精力,He is very energetic,noun,sentence,"Complete statement, question, directive, or conventional utterance; classify the entire Chinese entry."
2938,我没办法拒绝,I can't refuse,noun,sentence,"Complete statement, question, directive, or conventional utterance; classify the entire Chinese entry."
2939,我觉得有点不舒服,I feel a little uncomfortable,phrase,sentence,"Complete statement, question, directive, or conventional utterance; classify the entire Chinese entry."
2940,我并不是很想去,I don't really want to go,noun,sentence,"Complete statement, question, directive, or conventional utterance; classify the entire Chinese entry."
2941,我很为难,I'm in an awkward situation,noun,sentence,"Complete statement, question, directive, or conventional utterance; classify the entire Chinese entry."
2942,她在英国住了二十五年,She lived in the UK for twenty-five years.,phrase,sentence,"Complete statement, question, directive, or conventional utterance; classify the entire Chinese entry."
2944,那里很适合看日出,It's a good place to watch the sunrise.,phrase,sentence,"Complete statement, question, directive, or conventional utterance; classify the entire Chinese entry."
2945,你很适合这份工作,You are very suitable for this job,phrase,sentence,"Complete statement, question, directive, or conventional utterance; classify the entire Chinese entry."
2946,这件衣服很适合你,These clothes suit you very well,phrase,sentence,"Complete statement, question, directive, or conventional utterance; classify the entire Chinese entry."
2947,你昨天做了什么,What did you do yesterday?,noun,sentence,"Complete statement, question, directive, or conventional utterance; classify the entire Chinese entry."
2948,我写了日记,I wrote a diary,noun,sentence,"Complete statement, question, directive, or conventional utterance; classify the entire Chinese entry."
2949,我不太会骑车,I'm not very good at riding a bike,adjective,sentence,"Complete statement, question, directive, or conventional utterance; classify the entire Chinese entry."
2950,我玩这个游戏玩得很菜,I'm not very good at this game,phrase,sentence,"Complete statement, question, directive, or conventional utterance; classify the entire Chinese entry."
2951,我不经常去健身房,I don't go to the gym often,phrase,sentence,"Complete statement, question, directive, or conventional utterance; classify the entire Chinese entry."
2952,我也喜欢远足,I also like hiking,noun,sentence,"Complete statement, question, directive, or conventional utterance; classify the entire Chinese entry."
2953,那里有好多的好多的山,"There are many, many mountains there",phrase,sentence,"Complete statement, question, directive, or conventional utterance; classify the entire Chinese entry."
2954,看起来像一片山海,Looks like a sea of mountains,phrase,sentence,"Complete statement, question, directive, or conventional utterance; classify the entire Chinese entry."
2955,我不是一个喜欢观察的人,I'm not very observant,phrase,sentence,"Complete statement, question, directive, or conventional utterance; classify the entire Chinese entry."
2956,我可能过几年会去越南,I might go to Vietnam in a few years.,phrase,sentence,"Complete statement, question, directive, or conventional utterance; classify the entire Chinese entry."
2957,我看到玉林脆皮狗肉店,I saw Yulin Crispy Dog Meat Restaurant,phrase,sentence,"Complete statement, question, directive, or conventional utterance; classify the entire Chinese entry."
2958,没办法接受,I can't accept it,noun,phrase,"Multiword constituent or fragment rather than a standalone lexical noun, verb, adjective, or adverb."
2959,我听到了一个八卦,I heard a piece of gossip.,phrase,sentence,"Complete statement, question, directive, or conventional utterance; classify the entire Chinese entry."
2961,我忍不住要笑,I can't help laughing,noun,sentence,"Complete statement, question, directive, or conventional utterance; classify the entire Chinese entry."
2962,他的头发很长,His hair is very long,noun,sentence,"Complete statement, question, directive, or conventional utterance; classify the entire Chinese entry."
2964,他有一个可爱的酒窝,He has a cute dimple,phrase,sentence,"Complete statement, question, directive, or conventional utterance; classify the entire Chinese entry."
2965,笑起来很漂亮,Smile beautifully,adjective,sentence,"Complete statement, question, directive, or conventional utterance; classify the entire Chinese entry."
2966,我们还需要再了解一下,We need to know each other more,phrase,sentence,"Complete statement, question, directive, or conventional utterance; classify the entire Chinese entry."
2967,我们还需要再认识多一点,We need to know each other more,phrase,sentence,"Complete statement, question, directive, or conventional utterance; classify the entire Chinese entry."
2969,元旦节,New Year's Day,adjective,noun,"Names an object, person, food, field, or nominal concept; the whole expression is not adjectival or verbal."
2970,姐弟恋,a romance between an older woman and a younger man,adjective,noun,"Names an object, person, food, field, or nominal concept; the whole expression is not adjectival or verbal."
2971,他很腼腆,He is very shy,adjective,sentence,"Complete statement, question, directive, or conventional utterance; classify the entire Chinese entry."
2972,我比他大四岁,I am four years older than him.,adjective,sentence,"Complete statement, question, directive, or conventional utterance; classify the entire Chinese entry."
2973,但是我们不合适,But we are not suitable,noun,sentence,"Complete statement, question, directive, or conventional utterance; classify the entire Chinese entry."
2974,我们聊了很多八卦,We talked a lot of gossip,phrase,sentence,"Complete statement, question, directive, or conventional utterance; classify the entire Chinese entry."
2975,你会介意吗,Would you mind?,noun,sentence,"Complete statement, question, directive, or conventional utterance; classify the entire Chinese entry."
2976,你会介意我这样问吗,Would you mind if I asked?,phrase,sentence,"Complete statement, question, directive, or conventional utterance; classify the entire Chinese entry."
2977,我不介意,I don't mind,noun,sentence,"Complete statement, question, directive, or conventional utterance; classify the entire Chinese entry."
2979,你帮了我很多,You helped me a lot,noun,sentence,"Complete statement, question, directive, or conventional utterance; classify the entire Chinese entry."
2980,情人节快乐,Happy Valentine's Day,adjective,sentence,"Complete statement, question, directive, or conventional utterance; classify the entire Chinese entry."
2981,并没有说,did not say; have not said (emphatic denial),noun,phrase,"Multiword constituent or fragment rather than a standalone lexical noun, verb, adjective, or adverb."
2984,餐厅人太多了,The restaurant is too crowded,noun,sentence,"Complete statement, question, directive, or conventional utterance; classify the entire Chinese entry."
2985,情人节前后,Around Valentine's Day,noun,phrase,"Multiword constituent or fragment rather than a standalone lexical noun, verb, adjective, or adverb."
2986,他的餐厅已经被约满了,His restaurant is fully booked.,phrase,sentence,"Complete statement, question, directive, or conventional utterance; classify the entire Chinese entry."
2987,我要用更多的时间来学习中文,I want to spend more time learning Chinese,phrase,sentence,"Complete statement, question, directive, or conventional utterance; classify the entire Chinese entry."
2988,如果我不会中文，我的旅行会失去很多趣味,"If I don't know Chinese, my trip will lose a lot of fun",phrase,sentence,"Complete statement, question, directive, or conventional utterance; classify the entire Chinese entry."
2989,我花很多的时间学习,I spend a lot of time studying,phrase,sentence,"Complete statement, question, directive, or conventional utterance; classify the entire Chinese entry."
2990,我花很多的精力学习中文,I put a lot of effort into learning Chinese.,phrase,sentence,"Complete statement, question, directive, or conventional utterance; classify the entire Chinese entry."
2991,还有别的原因吗,Is there any other reason?,noun,sentence,"Complete statement, question, directive, or conventional utterance; classify the entire Chinese entry."
2992,我有许多的中国朋友,I have many Chinese friends,phrase,sentence,"Complete statement, question, directive, or conventional utterance; classify the entire Chinese entry."
2993,我们用中文交流,We communicate in Chinese,noun,sentence,"Complete statement, question, directive, or conventional utterance; classify the entire Chinese entry."
2994,工作是做不完的,The work is never completely done,noun,sentence,"Complete statement, question, directive, or conventional utterance; classify the entire Chinese entry."
2995,我做了一个决定,I made a decision,noun,sentence,"Complete statement, question, directive, or conventional utterance; classify the entire Chinese entry."
2996,他的工作的思路是模糊的,His approach to his work is unclear.,phrase,sentence,"Complete statement, question, directive, or conventional utterance; classify the entire Chinese entry."
2997,学习的思路是清晰的,The chain of thought for learning is clear,phrase,sentence,"Complete statement, question, directive, or conventional utterance; classify the entire Chinese entry."
2998,工作比学习难,Working is harder than studying,noun,sentence,"Complete statement, question, directive, or conventional utterance; classify the entire Chinese entry."
2999,我们不明白对方的想法,We don't understand each other's thoughts,phrase,sentence,"Complete statement, question, directive, or conventional utterance; classify the entire Chinese entry."
3000,我们不知道最好的方式是什么,We don't know what the best way is,phrase,sentence,"Complete statement, question, directive, or conventional utterance; classify the entire Chinese entry."
3001,我们不知道解决这个问题最好的办法是什么,We don't know what the best way to solve this problem is,phrase,sentence,"Complete statement, question, directive, or conventional utterance; classify the entire Chinese entry."
3003,我们的团队有多数的人,Our team has many people,phrase,sentence,"Complete statement, question, directive, or conventional utterance; classify the entire Chinese entry."
3004,团队的人经常有不同的意见,People in the team often have different opinions,phrase,sentence,"Complete statement, question, directive, or conventional utterance; classify the entire Chinese entry."
3005,这是一个很好的表达,This is a good expression,phrase,sentence,"Complete statement, question, directive, or conventional utterance; classify the entire Chinese entry."
3006,不同的人有不同的意见,Different people have different opinions,phrase,sentence,"Complete statement, question, directive, or conventional utterance; classify the entire Chinese entry."
3007,他的工作会影响我的项目,His work will affect my project,phrase,sentence,"Complete statement, question, directive, or conventional utterance; classify the entire Chinese entry."
3008,我们的工作会互相影响,Our work will influence each other,phrase,sentence,"Complete statement, question, directive, or conventional utterance; classify the entire Chinese entry."
3009,我一无是处,I am good at nothing,adjective,sentence,"Complete statement, question, directive, or conventional utterance; classify the entire Chinese entry."
3010,世界上有很多消极的事情,There are a lot of negative things in the world,phrase,sentence,"Complete statement, question, directive, or conventional utterance; classify the entire Chinese entry."
3011,他是一个很负面的人,He is a very negative person.,phrase,sentence,"Complete statement, question, directive, or conventional utterance; classify the entire Chinese entry."
3012,他是一个很积极的人,He is a very positive person.,phrase,sentence,"Complete statement, question, directive, or conventional utterance; classify the entire Chinese entry."
3013,你不了解我,You don't understand(know) me,noun,sentence,"Complete statement, question, directive, or conventional utterance; classify the entire Chinese entry."
3014,其实我是,"Actually, I am",noun,phrase,"Multiword constituent or fragment rather than a standalone lexical noun, verb, adjective, or adverb."
3015,我的话很少,I talk very little,noun,sentence,"Complete statement, question, directive, or conventional utterance; classify the entire Chinese entry."
3016,在学校我很少说话,I seldom speak at school.,phrase,sentence,"Complete statement, question, directive, or conventional utterance; classify the entire Chinese entry."
3017,昨晚我又见到了我的语伴,I met my language partner again last night,phrase,sentence,"Complete statement, question, directive, or conventional utterance; classify the entire Chinese entry."
3018,我再一次见到了他,I saw him again,phrase,sentence,"Complete statement, question, directive, or conventional utterance; classify the entire Chinese entry."
3019,你应该来我的派对,You should come to my party.,phrase,sentence,"Complete statement, question, directive, or conventional utterance; classify the entire Chinese entry."
3020,这是你的作风,This is your style,noun,sentence,"Complete statement, question, directive, or conventional utterance; classify the entire Chinese entry."
3021,我拒绝了他的邀请,I declined his invitation,phrase,sentence,"Complete statement, question, directive, or conventional utterance; classify the entire Chinese entry."
3022,我觉得很愧疚因为我的朋友觉得很不舒服,I feel guilty because my friend feels uncomfortable.,phrase,sentence,"Complete statement, question, directive, or conventional utterance; classify the entire Chinese entry."
3023,我是一个不会拒绝的人,I'm someone who finds it hard to say no.,phrase,sentence,"Complete statement, question, directive, or conventional utterance; classify the entire Chinese entry."
3024,我担心他会尴尬,I'm worried he'll be embarrassed.,noun,sentence,"Complete statement, question, directive, or conventional utterance; classify the entire Chinese entry."
3025,他很纠结,He is very conflicted,noun,sentence,"Complete statement, question, directive, or conventional utterance; classify the entire Chinese entry."
3026,我觉得和他相处起来很舒服,I feel comfortable with him.,phrase,sentence,"Complete statement, question, directive, or conventional utterance; classify the entire Chinese entry."
3027,在友情里这是最重要的,This is the most important thing in friendship.,phrase,sentence,"Complete statement, question, directive, or conventional utterance; classify the entire Chinese entry."
3028,我也是这么认为的,I think so too,phrase,sentence,"Complete statement, question, directive, or conventional utterance; classify the entire Chinese entry."
3029,我想知道你能开不打开这个文件,I want to know if you can open this file,phrase,sentence,"Complete statement, question, directive, or conventional utterance; classify the entire Chinese entry."
3031,我不是一个有条理的人,I'm not an organized person.,phrase,sentence,"Complete statement, question, directive, or conventional utterance; classify the entire Chinese entry."
3032,我的脸红了,My face turned red,adjective,sentence,"Complete statement, question, directive, or conventional utterance; classify the entire Chinese entry."
3033,我常常脸红,I often blush,noun,sentence,"Complete statement, question, directive, or conventional utterance; classify the entire Chinese entry."
3034,我没办法控制,I can't control it,noun,sentence,"Complete statement, question, directive, or conventional utterance; classify the entire Chinese entry."
3035,我没办法控制自己,I can't control myself,phrase,sentence,"Complete statement, question, directive, or conventional utterance; classify the entire Chinese entry."
3036,如果别人聊到关于我的事情我就会脸红,I blush when people talk about me.,phrase,sentence,"Complete statement, question, directive, or conventional utterance; classify the entire Chinese entry."
3037,关于这件事 我什么都不知道,I don't know anything about this matter,phrase,sentence,"Complete statement, question, directive, or conventional utterance; classify the entire Chinese entry."
3038,什么都,everything; anything (with negation: nothing),noun,phrase,"Multiword constituent or fragment rather than a standalone lexical noun, verb, adjective, or adverb."
3039,我的老师告诉我女孩子不喜欢男生说”都可以“,"My teacher says girls do not like when boys say ""anything is ok""",phrase,sentence,"Complete statement, question, directive, or conventional utterance; classify the entire Chinese entry."
3040,我很期待你的反应,I'm looking forward to your reaction,phrase,sentence,"Complete statement, question, directive, or conventional utterance; classify the entire Chinese entry."
3042,如果你确定了,If you are sure,noun,phrase,"Multiword constituent or fragment rather than a standalone lexical noun, verb, adjective, or adverb."
3043,那就这么说定了,it's a deal;it's settled,noun,sentence,"Complete statement, question, directive, or conventional utterance; classify the entire Chinese entry."
3044,我们约好了今天中午一起吃饭,We made an appointment to have lunch together today,phrase,sentence,"Complete statement, question, directive, or conventional utterance; classify the entire Chinese entry."
3045,我的记性不好,My memory is not good,adjective,sentence,"Complete statement, question, directive, or conventional utterance; classify the entire Chinese entry."
3046,他经常分心,He is often distracted,noun,sentence,"Complete statement, question, directive, or conventional utterance; classify the entire Chinese entry."
3047,他今年小学三年级,He is in the third grade of primary school this year.,phrase,sentence,"Complete statement, question, directive, or conventional utterance; classify the entire Chinese entry."
3048,他是一个很调皮的小孩,He is a very naughty child.,phrase,sentence,"Complete statement, question, directive, or conventional utterance; classify the entire Chinese entry."
3049,调皮,naughty,noun,adjective,Describes a quality or state rather than a noun.
3050,这个饭店值得尝试,This restaurant is worth a try,phrase,sentence,"Complete statement, question, directive, or conventional utterance; classify the entire Chinese entry."
3051,爽约,No Show,noun,verb,Action or process rather than a noun.
3052,我被他放鸽子了,I was stood up by him,noun,sentence,"Complete statement, question, directive, or conventional utterance; classify the entire Chinese entry."
3053,这是很地道的表达,This is a very authentic expression,phrase,sentence,"Complete statement, question, directive, or conventional utterance; classify the entire Chinese entry."
3054,你用的很六,You used it very well,noun,sentence,"Complete statement, question, directive, or conventional utterance; classify the entire Chinese entry."
3057,让人难过的消息,sad news; upsetting news,adjective,phrase,"Multiword constituent or fragment rather than a standalone lexical noun, verb, adjective, or adverb."
3058,我要改签火车票,I want to change my train ticket,noun,sentence,"Complete statement, question, directive, or conventional utterance; classify the entire Chinese entry."
3059,我们散了很远的步,We took a long walk,phrase,sentence,"Complete statement, question, directive, or conventional utterance; classify the entire Chinese entry."
3060,氛围很好,Great atmosphere,noun,phrase,"Multiword constituent or fragment rather than a standalone lexical noun, verb, adjective, or adverb."
3061,我很少去这里,I seldom go here,noun,sentence,"Complete statement, question, directive, or conventional utterance; classify the entire Chinese entry."
3062,这个超市变得很受欢迎,This supermarket has become very popular,phrase,sentence,"Complete statement, question, directive, or conventional utterance; classify the entire Chinese entry."
3063,这首歌很流行,This song is popular,noun,sentence,"Complete statement, question, directive, or conventional utterance; classify the entire Chinese entry."
3064,他在中国有很多粉丝,He has many fans in China.,phrase,sentence,"Complete statement, question, directive, or conventional utterance; classify the entire Chinese entry."
3065,广西的水牛奶很有名,Guangxi's buffalo milk is very famous,phrase,sentence,"Complete statement, question, directive, or conventional utterance; classify the entire Chinese entry."
3067,植物奶很流行,Plant-based milks are trending,noun,sentence,"Complete statement, question, directive, or conventional utterance; classify the entire Chinese entry."
3069,旅行攻略,travel tips;strategy,verb,noun,"Names an object, person, food, field, or nominal concept; the whole expression is not adjectival or verbal."
3070,涠洲岛是中国最年轻的活火山,Weizhou Island is the youngest active volcano in China,phrase,sentence,"Complete statement, question, directive, or conventional utterance; classify the entire Chinese entry."
3071,很chill,Very chill,adverb,phrase,"Multiword constituent or fragment rather than a standalone lexical noun, verb, adjective, or adverb."
3072,很安逸,Very comfortable;chill,adverb,phrase,"Multiword constituent or fragment rather than a standalone lexical noun, verb, adjective, or adverb."
3073,抢劫,robbery,noun,verb,Action or process rather than a noun.
3074,浮潜,snorkeling,noun,verb,Action or process rather than a noun.
3075,钓鱼,fishing,noun,verb,Action or process rather than a noun.
3077,慢慢来,Take your time,verb,sentence,"Complete statement, question, directive, or conventional utterance; classify the entire Chinese entry."
3078,他们吵架了,They had a fight,noun,sentence,"Complete statement, question, directive, or conventional utterance; classify the entire Chinese entry."
3079,我安慰她,I comforted her,noun,sentence,"Complete statement, question, directive, or conventional utterance; classify the entire Chinese entry."
3080,我们一起分析过问题,We analyzed the problem together,phrase,sentence,"Complete statement, question, directive, or conventional utterance; classify the entire Chinese entry."
3081,他们和好了,They reconciled,noun,sentence,"Complete statement, question, directive, or conventional utterance; classify the entire Chinese entry."
3082,旅途愉快,Have a nice trip,verb,sentence,"Complete statement, question, directive, or conventional utterance; classify the entire Chinese entry."
3083,你们很松弛,You are very relaxed,noun,sentence,"Complete statement, question, directive, or conventional utterance; classify the entire Chinese entry."
3084,月初,start of the month,verb,noun,"Names an object, person, food, field, or nominal concept; the whole expression is not adjectival or verbal."
3088,浪太大,The waves are too big,adjective,phrase,"Multiword constituent or fragment rather than a standalone lexical noun, verb, adjective, or adverb."
3089,晕船,seasick,noun,verb,Action or process rather than a noun.
3090,晕车,carsick,noun,verb,Action or process rather than a noun.
3091,晕机,airsickness,noun,verb,Action or process rather than a noun.
3093,那里比我想象中的人更多,There are more people there than I thought.,phrase,sentence,"Complete statement, question, directive, or conventional utterance; classify the entire Chinese entry."
3096,大量肉桂,Lots of cinnamon,noun,phrase,"Multiword constituent or fragment rather than a standalone lexical noun, verb, adjective, or adverb."
3097,无数的奶茶店,Countless milk tea shops,noun,phrase,"Multiword constituent or fragment rather than a standalone lexical noun, verb, adjective, or adverb."
3099,里脊肉没有骨头,Tenderloin without bones,noun,sentence,"Complete statement, question, directive, or conventional utterance; classify the entire Chinese entry."
3101,巨无霸汉堡,Big Mac,adjective,noun,"Names an object, person, food, field, or nominal concept; the whole expression is not adjectival or verbal."
3102,很多年前开始 我的记性变得不好,"Many years ago, my memory became bad",phrase,sentence,"Complete statement, question, directive, or conventional utterance; classify the entire Chinese entry."
3103,我的记性不好很多年了,My memory has been bad for many years.,phrase,sentence,"Complete statement, question, directive, or conventional utterance; classify the entire Chinese entry."
3104,你是个很记仇的人吗,Are you a vindictive person? (hold a grudge),phrase,sentence,"Complete statement, question, directive, or conventional utterance; classify the entire Chinese entry."
3105,报仇,revenge,noun,verb,Action or process rather than a noun.
3106,我要报仇,I want revenge,noun,sentence,"Complete statement, question, directive, or conventional utterance; classify the entire Chinese entry."
3107,我要对你小心翼翼,I have to be careful with you,phrase,sentence,"Complete statement, question, directive, or conventional utterance; classify the entire Chinese entry."
3109,你是个学霸吗,Are you a straight-A student?,noun,sentence,"Complete statement, question, directive, or conventional utterance; classify the entire Chinese entry."
3110,但是我没有做到,But I didn't do it,noun,sentence,"Complete statement, question, directive, or conventional utterance; classify the entire Chinese entry."
3111,社交是生活中很重要的一部分,Socializing is an important part of life,phrase,sentence,"Complete statement, question, directive, or conventional utterance; classify the entire Chinese entry."
3112,你很接近了,You're close,noun,sentence,"Complete statement, question, directive, or conventional utterance; classify the entire Chinese entry."
3113,有点模糊,A bit blurry,noun,phrase,"Multiword constituent or fragment rather than a standalone lexical noun, verb, adjective, or adverb."
3114,我不是一个有文化的人,I am not a cultured (educated) person,phrase,sentence,"Complete statement, question, directive, or conventional utterance; classify the entire Chinese entry."
3115,幽默的人,Humorous person,noun,phrase,"Multiword constituent or fragment rather than a standalone lexical noun, verb, adjective, or adverb."
3116,他们都是研究生,They are all graduate students,noun,sentence,"Complete statement, question, directive, or conventional utterance; classify the entire Chinese entry."
3117,你是国际中文教育专业的研究生,You are a graduate student majoring in International Chinese Education,phrase,sentence,"Complete statement, question, directive, or conventional utterance; classify the entire Chinese entry."
3118,我不知道确切的意思,I don't know the exact meaning,phrase,sentence,"Complete statement, question, directive, or conventional utterance; classify the entire Chinese entry."
3119,我学习不同的语言,I learn different languages,phrase,sentence,"Complete statement, question, directive, or conventional utterance; classify the entire Chinese entry."
3120,跳槽,job hopping,noun,verb,Action or process rather than a noun.
3121,我跳槽到了另一个公司,I moved to another company,phrase,sentence,"Complete statement, question, directive, or conventional utterance; classify the entire Chinese entry."
3122,工作压力太大了,Too much work pressure,adverb,sentence,"Complete statement, question, directive, or conventional utterance; classify the entire Chinese entry."
3123,压扁的可颂,Flattened Croissant,noun,phrase,"Multiword constituent or fragment rather than a standalone lexical noun, verb, adjective, or adverb."
3125,看起来很好吃,Looks delicious,noun,sentence,"Complete statement, question, directive, or conventional utterance; classify the entire Chinese entry."
3126,我搞错了,I was wrong,noun,sentence,"Complete statement, question, directive, or conventional utterance; classify the entire Chinese entry."
3129,餐厅专用,Restaurant exclusive,noun,phrase,"Multiword constituent or fragment rather than a standalone lexical noun, verb, adjective, or adverb."
3130,餐垫更方便收拾,Placemats are easier to clean up,adjective,sentence,"Complete statement, question, directive, or conventional utterance; classify the entire Chinese entry."
3131,我是一个爱干净的人,I am a clean person,phrase,sentence,"Complete statement, question, directive, or conventional utterance; classify the entire Chinese entry."
3132,我是一个爱整洁的人,I am a neat person.,phrase,sentence,"Complete statement, question, directive, or conventional utterance; classify the entire Chinese entry."
3133,重启我的电脑,Restart my computer,noun,phrase,"Multiword constituent or fragment rather than a standalone lexical noun, verb, adjective, or adverb."
3134,更新我的电脑,Update My Computer,noun,phrase,"Multiword constituent or fragment rather than a standalone lexical noun, verb, adjective, or adverb."
3135,我的大脑关机了,My brain shut down.,noun,sentence,"Complete statement, question, directive, or conventional utterance; classify the entire Chinese entry."
3136,我的大脑宕机了,My brain has crashed; my mind has gone blank.,noun,sentence,"Complete statement, question, directive, or conventional utterance; classify the entire Chinese entry."
3137,海水的味道,tastes like sea water,noun,phrase,"Multiword constituent or fragment rather than a standalone lexical noun, verb, adjective, or adverb."
3138,我们逛了一下,We took a walk,noun,sentence,"Complete statement, question, directive, or conventional utterance; classify the entire Chinese entry."
3139,我们在附近逛逛,We walked around,noun,sentence,"Complete statement, question, directive, or conventional utterance; classify the entire Chinese entry."
3143,丰富,very rich (in variety),adverb,adjective,Describes a state or property rather than functioning as an adverb.
3145,你是一个优秀的人,You are an excellent person,phrase,sentence,"Complete statement, question, directive, or conventional utterance; classify the entire Chinese entry."
3147,你可以用“差劲”造一个句子吗,Can you make a sentence using “差劲” (bad; lousy)?,phrase,sentence,"Complete statement, question, directive, or conventional utterance; classify the entire Chinese entry."
3148,他的表现很差,His performance was poor,adjective,sentence,"Complete statement, question, directive, or conventional utterance; classify the entire Chinese entry."
3149,我发现了一个新游戏,I found a new game,phrase,sentence,"Complete statement, question, directive, or conventional utterance; classify the entire Chinese entry."
3150,你要集中注意力学习,You need to concentrate on studying,phrase,sentence,"Complete statement, question, directive, or conventional utterance; classify the entire Chinese entry."
3152,你不是太关心,You don't care too much,noun,sentence,"Complete statement, question, directive, or conventional utterance; classify the entire Chinese entry."
3153,他们不太关心,They don't care much,noun,sentence,"Complete statement, question, directive, or conventional utterance; classify the entire Chinese entry."
3154,坏人偷了我的钱,The bad guy stole my money,adjective,sentence,"Complete statement, question, directive, or conventional utterance; classify the entire Chinese entry."
3157,今早我们讨论关于面部识别的问题,This morning we discussed facial recognition,phrase,sentence,"Complete statement, question, directive, or conventional utterance; classify the entire Chinese entry."
3158,好聪明的小偷,What a clever thief,noun,phrase,"Multiword constituent or fragment rather than a standalone lexical noun, verb, adjective, or adverb."
3159,很久以前,A long time ago,noun,phrase,"Multiword constituent or fragment rather than a standalone lexical noun, verb, adjective, or adverb."
3160,我快要成功了,I'm about to succeed; I'm almost there.,noun,sentence,"Complete statement, question, directive, or conventional utterance; classify the entire Chinese entry."
3161,你帮他尝试新品,You help him try new products,adjective,sentence,"Complete statement, question, directive, or conventional utterance; classify the entire Chinese entry."
3162,你的反应很快,You react quickly,noun,sentence,"Complete statement, question, directive, or conventional utterance; classify the entire Chinese entry."
3163,我的反射弧很长,My reactions (reflex arc) take long,noun,sentence,"Complete statement, question, directive, or conventional utterance; classify the entire Chinese entry."
3164,我有点固执,I'm a bit stubborn,adjective,sentence,"Complete statement, question, directive, or conventional utterance; classify the entire Chinese entry."
3165,我不习惯,I'm not used to it,noun,sentence,"Complete statement, question, directive, or conventional utterance; classify the entire Chinese entry."
3166,淘宝和天猫是同一个公司的,Taobao and Tmall are from the same company.,phrase,sentence,"Complete statement, question, directive, or conventional utterance; classify the entire Chinese entry."
3167,我的钱比你的多得多,I have much more money than you do.,phrase,sentence,"Complete statement, question, directive, or conventional utterance; classify the entire Chinese entry."
3168,很划算,Very cost-effective,adverb,phrase,"Multiword constituent or fragment rather than a standalone lexical noun, verb, adjective, or adverb."
3169,很优惠,Very cost-effective,adverb,phrase,"Multiword constituent or fragment rather than a standalone lexical noun, verb, adjective, or adverb."
3170,这个工具很实用,This tool is very practical,noun,sentence,"Complete statement, question, directive, or conventional utterance; classify the entire Chinese entry."
3172,双十一是折扣最大的购物节,Double Eleven is the shopping festival with the biggest discounts,phrase,sentence,"Complete statement, question, directive, or conventional utterance; classify the entire Chinese entry."
3174,六幺八和双十二是另外两个购物节,June 18th and Double 12th are two other shopping festivals,phrase,sentence,"Complete statement, question, directive, or conventional utterance; classify the entire Chinese entry."
3175,买家的评价,buyer's reviews,noun,phrase,"Multiword constituent or fragment rather than a standalone lexical noun, verb, adjective, or adverb."
3176,买家秀,customer photos or videos showing a purchased product,adjective,noun,"Names an object, person, food, field, or nominal concept; the whole expression is not adjectival or verbal."
3177,这就是我喜欢的女孩子,This is the girl I like.,phrase,sentence,"Complete statement, question, directive, or conventional utterance; classify the entire Chinese entry."
3178,他不在现场,He is not there,noun,sentence,"Complete statement, question, directive, or conventional utterance; classify the entire Chinese entry."
3179,他们不知道他的性别,They don't know his gender.,phrase,sentence,"Complete statement, question, directive, or conventional utterance; classify the entire Chinese entry."
3180,我的父母不太限制我,My parents don't restrict me too much.,phrase,sentence,"Complete statement, question, directive, or conventional utterance; classify the entire Chinese entry."
3181,别管我,Leave me alone,verb,sentence,"Complete statement, question, directive, or conventional utterance; classify the entire Chinese entry."
3182,你今晚还回来吗,Are you coming back tonight?,noun,sentence,"Complete statement, question, directive, or conventional utterance; classify the entire Chinese entry."
3183,他们不允许我半夜不回家,They don't allow me to stay out after midnight,phrase,sentence,"Complete statement, question, directive, or conventional utterance; classify the entire Chinese entry."
3184,中国的夜生活很丰富,China has a rich (variety) nightlife,phrase,sentence,"Complete statement, question, directive, or conventional utterance; classify the entire Chinese entry."
3185,他们躲起来喝酒,They hid somewhere to drink.,noun,sentence,"Complete statement, question, directive, or conventional utterance; classify the entire Chinese entry."
3186,中国没有规定海边不能喝酒,There is no rule in China that prohibits drinking at the beach,phrase,sentence,"Complete statement, question, directive, or conventional utterance; classify the entire Chinese entry."
3187,在海边散步也很浪漫,Walking on the beach is also very romantic,phrase,sentence,"Complete statement, question, directive, or conventional utterance; classify the entire Chinese entry."
3189,算了/蒜鸟,Forget it; never mind (蒜鸟 is a playful Wuhan-dialect spelling).,phrase,sentence,"Complete statement, question, directive, or conventional utterance; classify the entire Chinese entry."
3190,搞什么/搞么狮,What are you doing? / What the hell?（武汉）,phrase,sentence,"Complete statement, question, directive, or conventional utterance; classify the entire Chinese entry."
3191,你想怎么样/要么羊啊,What do you want? (要么羊啊 is a playful Wuhan-dialect spelling).,phrase,sentence,"Complete statement, question, directive, or conventional utterance; classify the entire Chinese entry."
3192,我靠/个斑马,Damn!; Fuck! (vulgar Wuhan-dialect expression).,phrase,interjection,"Alternative exclamations, not an ordinary phrase."
3193,看什么看/喵么bi喵,What are you looking at? (meow)（武汉）,phrase,sentence,"Complete statement, question, directive, or conventional utterance; classify the entire Chinese entry."
3194,我的飞机将从武汉起飞,My plane will take off from Wuhan,phrase,sentence,"Complete statement, question, directive, or conventional utterance; classify the entire Chinese entry."
3195,我的飞机会在河内降落,My plane will land in Hanoi,phrase,sentence,"Complete statement, question, directive, or conventional utterance; classify the entire Chinese entry."
3196,我的飞机会飞到河内,My plane will fly to Hanoi,phrase,sentence,"Complete statement, question, directive, or conventional utterance; classify the entire Chinese entry."
3197,芒街在越南和中国的交界,Mangjie is located on the border between Vietnam and China,phrase,sentence,"Complete statement, question, directive, or conventional utterance; classify the entire Chinese entry."
3198,我喜欢在赌场赌博,I like gambling in casinos,phrase,sentence,"Complete statement, question, directive, or conventional utterance; classify the entire Chinese entry."
3199,澳门很繁华，很奢靡,Macau is prosperous and luxurious,phrase,sentence,"Complete statement, question, directive, or conventional utterance; classify the entire Chinese entry."
3200,纸醉金迷的地方,A place of luxury,noun,phrase,"Multiword constituent or fragment rather than a standalone lexical noun, verb, adjective, or adverb."
3202,我们要学会穷开心,We need to learn to find simple pleasures even in difficult circumstances.,phrase,sentence,"Complete statement, question, directive, or conventional utterance; classify the entire Chinese entry."
3203,我们就是表面朋友,We are just superficial friends,phrase,sentence,"Complete statement, question, directive, or conventional utterance; classify the entire Chinese entry."
3204,你难过的时候我会安慰你,I will comfort you when you are sad,phrase,sentence,"Complete statement, question, directive, or conventional utterance; classify the entire Chinese entry."
3205,你很会安慰别人,You are good at comforting others.,adjective,sentence,"Complete statement, question, directive, or conventional utterance; classify the entire Chinese entry."
3206,给我一个拥抱,Give me a hug,verb,sentence,"Complete statement, question, directive, or conventional utterance; classify the entire Chinese entry."
3207,你把我卖,You sold me out,adjective,sentence,"Complete statement, question, directive, or conventional utterance; classify the entire Chinese entry."
3208,你背叛我,You betrayed me,noun,sentence,"Complete statement, question, directive, or conventional utterance; classify the entire Chinese entry."
3209,小玩偶,Small dolls,adjective,noun,"Names an object, person, food, field, or nominal concept; the whole expression is not adjectival or verbal."
3210,小的假的动物,small fake animals,adjective,phrase,"Multiword constituent or fragment rather than a standalone lexical noun, verb, adjective, or adverb."
3211,我为他感到难过,I feel sorry for him,noun,sentence,"Complete statement, question, directive, or conventional utterance; classify the entire Chinese entry."
3213,我上楼迟到了七分钟,I was seven minutes late going upstairs,phrase,sentence,"Complete statement, question, directive, or conventional utterance; classify the entire Chinese entry."
3214,我们之间没有缘分,There is no fate between us,phrase,sentence,"Complete statement, question, directive, or conventional utterance; classify the entire Chinese entry."
3215,我们真有缘分,We are really destined,noun,sentence,"Complete statement, question, directive, or conventional utterance; classify the entire Chinese entry."
3216,我们有缘无份,We are not destined to be together,noun,sentence,"Complete statement, question, directive, or conventional utterance; classify the entire Chinese entry."
3217,是缘分让我们走到了一起,It was fate that brought us together.,phrase,sentence,"Complete statement, question, directive, or conventional utterance; classify the entire Chinese entry."
3218,走到了一起,Come together,verb,phrase,"Multiword constituent or fragment rather than a standalone lexical noun, verb, adjective, or adverb."
3219,上天不太关心我们,Heaven doesn't care much about us.,phrase,sentence,"Complete statement, question, directive, or conventional utterance; classify the entire Chinese entry."
3220,生命毫无意义,Life is meaningless,noun,sentence,"Complete statement, question, directive, or conventional utterance; classify the entire Chinese entry."
3221,地球没了你照样转,The earth will still turn without you,phrase,sentence,"Complete statement, question, directive, or conventional utterance; classify the entire Chinese entry."
3222,允许一切发生,Deal with it;Allow everything to happen,adjective,phrase,"Multiword constituent or fragment rather than a standalone lexical noun, verb, adjective, or adverb."
3223,我们可以在你方便的地方见面,We can meet somewhere convenient for you.,phrase,sentence,"Complete statement, question, directive, or conventional utterance; classify the entire Chinese entry."
3224,腐败猖獗,corruption is rampant,noun,phrase,"Multiword constituent or fragment rather than a standalone lexical noun, verb, adjective, or adverb."
3225,他们很开朗,They are cheerful,noun,sentence,"Complete statement, question, directive, or conventional utterance; classify the entire Chinese entry."
3226,他是一个阳光大男孩,He is a sunny boy.,phrase,sentence,"Complete statement, question, directive, or conventional utterance; classify the entire Chinese entry."
3229,大富翁,Monopoly,noun,proper_noun,"Names a specific person, place, organization, or titled work."
3230,我要和我的朋友道别,I want to say goodbye to my friends,phrase,sentence,"Complete statement, question, directive, or conventional utterance; classify the entire Chinese entry."
3231,我可以当观众吗,Can I be a spectator?,verb,sentence,"Complete statement, question, directive, or conventional utterance; classify the entire Chinese entry."
3232,我出生在九十年代,I was born in the 1990s,phrase,sentence,"Complete statement, question, directive, or conventional utterance; classify the entire Chinese entry."
3233,我见过更肥的猫,I've seen fatter cats.,noun,sentence,"Complete statement, question, directive, or conventional utterance; classify the entire Chinese entry."
3234,在这里附近,Near here,noun,phrase,"Multiword constituent or fragment rather than a standalone lexical noun, verb, adjective, or adverb."
3235,走路需要十分钟,It takes ten minutes to walk,noun,sentence,"Complete statement, question, directive, or conventional utterance; classify the entire Chinese entry."
3236,我的味蕾不太敏感,My taste buds are not very sensitive,phrase,sentence,"Complete statement, question, directive, or conventional utterance; classify the entire Chinese entry."
3240,我喜欢少部分说唱歌曲,I like a few rap songs,phrase,sentence,"Complete statement, question, directive, or conventional utterance; classify the entire Chinese entry."
3241,他是一个花花公子,He is a playboy,phrase,sentence,"Complete statement, question, directive, or conventional utterance; classify the entire Chinese entry."
3242,我要做一个专一的人,I want to be faithful and devoted to one partner.,phrase,sentence,"Complete statement, question, directive, or conventional utterance; classify the entire Chinese entry."
3243,我让你受委屈了,I made you suffer.,noun,sentence,"Complete statement, question, directive, or conventional utterance; classify the entire Chinese entry."
3244,我服了,I'm convinced; I give up; I'm speechless (context-dependent),noun,sentence,"Complete statement, question, directive, or conventional utterance; classify the entire Chinese entry."
3245,有道理,makes sense,noun,phrase,"Multiword constituent or fragment rather than a standalone lexical noun, verb, adjective, or adverb."
3246,日子真是没盼头,The days are hopeless,noun,sentence,"Complete statement, question, directive, or conventional utterance; classify the entire Chinese entry."
3247,我们在微信建了一个群,We created a group on WeChat,phrase,sentence,"Complete statement, question, directive, or conventional utterance; classify the entire Chinese entry."
3248,在职员工,Current employees,noun,phrase,"Multiword constituent or fragment rather than a standalone lexical noun, verb, adjective, or adverb."
3249,我们要保持联系,We need to stay in touch,noun,sentence,"Complete statement, question, directive, or conventional utterance; classify the entire Chinese entry."
3250,最近我觉得我的工作没那么有意思,Lately I feel my job isn't that interesting,phrase,sentence,"Complete statement, question, directive, or conventional utterance; classify the entire Chinese entry."
3251,我的工作没意思,My job is boring,noun,sentence,"Complete statement, question, directive, or conventional utterance; classify the entire Chinese entry."
3252,我一直在路上,I'm always on the road,noun,sentence,"Complete statement, question, directive, or conventional utterance; classify the entire Chinese entry."
3253,没有终点,No end,noun,phrase,"Multiword constituent or fragment rather than a standalone lexical noun, verb, adjective, or adverb."
3254,我可以麻烦你一下吗,Can I trouble you for a moment?,phrase,sentence,"Complete statement, question, directive, or conventional utterance; classify the entire Chinese entry."
3255,这件事很麻烦,This matter is very troublesome,noun,sentence,"Complete statement, question, directive, or conventional utterance; classify the entire Chinese entry."
3256,你喝完了,You finished drinking,noun,sentence,"Complete statement, question, directive, or conventional utterance; classify the entire Chinese entry."
3257,你完了,You are done（you are dead）,noun,sentence,"Complete statement, question, directive, or conventional utterance; classify the entire Chinese entry."
3258,你死定了,You are dead,noun,sentence,"Complete statement, question, directive, or conventional utterance; classify the entire Chinese entry."
3259,我杀了你,I kill you,noun,sentence,"Complete statement, question, directive, or conventional utterance; classify the entire Chinese entry."
3260,你从小说普通话,You grew up speaking Mandarin,noun,sentence,"Complete statement, question, directive, or conventional utterance; classify the entire Chinese entry."
3261,你活该,You deserve it,noun,sentence,"Complete statement, question, directive, or conventional utterance; classify the entire Chinese entry."
3262,你自作自受,you've done it to yourself,noun,sentence,"Complete statement, question, directive, or conventional utterance; classify the entire Chinese entry."
3263,我好烦,I'm so annoyed,noun,sentence,"Complete statement, question, directive, or conventional utterance; classify the entire Chinese entry."
3264,你好烦,You are so annoying,noun,sentence,"Complete statement, question, directive, or conventional utterance; classify the entire Chinese entry."
3265,我的反应比较慢,My reaction is slow,adjective,sentence,"Complete statement, question, directive, or conventional utterance; classify the entire Chinese entry."
3266,我的大脑反应很慢,My brain is slow to react,phrase,sentence,"Complete statement, question, directive, or conventional utterance; classify the entire Chinese entry."
3267,他表现得更年轻,He acts younger,adjective,sentence,"Complete statement, question, directive, or conventional utterance; classify the entire Chinese entry."
3268,他喜欢在网上白嫖各种资源,He likes to get all kinds of resources for free on the Internet,phrase,sentence,"Complete statement, question, directive, or conventional utterance; classify the entire Chinese entry."
3269,很黄,very explicit,adverb,phrase,"Multiword constituent or fragment rather than a standalone lexical noun, verb, adjective, or adverb."
3270,他没有钱所以他吃土和喝西北风,"He has no money, so he has nothing to live on (literally, eats dirt and drinks the northwest wind).",phrase,sentence,"Complete statement, question, directive, or conventional utterance; classify the entire Chinese entry."
3271,下个月只能吃土了,"I'll be broke next month and barely able to afford food (literally, have to eat dirt).",phrase,sentence,"Complete statement, question, directive, or conventional utterance; classify the entire Chinese entry."
3272,我舍不得离开你,I can't bear to leave you,noun,sentence,"Complete statement, question, directive, or conventional utterance; classify the entire Chinese entry."
3273,我舍不得花钱买课,I don't want to spend money on lessons,phrase,sentence,"Complete statement, question, directive, or conventional utterance; classify the entire Chinese entry."
3274,赌博要偷偷的,Gambling should be done secretly,noun,sentence,"Complete statement, question, directive, or conventional utterance; classify the entire Chinese entry."
3275,我去了一趟北海,I took a trip to beihai,noun,sentence,"Complete statement, question, directive, or conventional utterance; classify the entire Chinese entry."
3276,我今天才知道,I just found out today;TIL,noun,sentence,"Complete statement, question, directive, or conventional utterance; classify the entire Chinese entry."
3277,原来如此,"Oh, I see; so that's why; that explains it.",phrase,sentence,"Complete statement, question, directive, or conventional utterance; classify the entire Chinese entry."
3279,你给我发消息了,You sent me a message,noun,sentence,"Complete statement, question, directive, or conventional utterance; classify the entire Chinese entry."
3281,你一周会来这里几次,How many times a week do you come here?,phrase,sentence,"Complete statement, question, directive, or conventional utterance; classify the entire Chinese entry."
3282,我在厦门拍了这张照片,I took this photo in Xiamen,phrase,sentence,"Complete statement, question, directive, or conventional utterance; classify the entire Chinese entry."
3283,你真体贴,You are so considerate,phrase,sentence,"Complete statement, question, directive, or conventional utterance; classify the entire Chinese entry."
3284,你真贴心,You are so caring,phrase,sentence,"Complete statement, question, directive, or conventional utterance; classify the entire Chinese entry."
3285,友好,friendly,noun,adjective,Describes a quality or state rather than a noun.
3287,买房子是一项巨大的工程,Buying a house is a huge project,phrase,sentence,"Complete statement, question, directive, or conventional utterance; classify the entire Chinese entry."
3288,我喜欢租房的灵活性,I like the flexibility of renting,phrase,sentence,"Complete statement, question, directive, or conventional utterance; classify the entire Chinese entry."
3289,有的人喜欢买房的稳定性,Some people like the stability of buying a house.,phrase,sentence,"Complete statement, question, directive, or conventional utterance; classify the entire Chinese entry."
3290,我在这里住了七年,I've lived here for seven years.,phrase,sentence,"Complete statement, question, directive, or conventional utterance; classify the entire Chinese entry."
3291,这种情况很糟糕,This situation is terrible,noun,sentence,"Complete statement, question, directive, or conventional utterance; classify the entire Chinese entry."
3292,太糟糕了,Too bad,adverb,sentence,"Complete statement, question, directive, or conventional utterance; classify the entire Chinese entry."
3293,他打乱了我的计划,He disrupted my plans.,phrase,sentence,"Complete statement, question, directive, or conventional utterance; classify the entire Chinese entry."
3294,这几天,These days,noun,phrase,"Multiword constituent or fragment rather than a standalone lexical noun, verb, adjective, or adverb."
3297,本地奶茶店,Local milk tea shop,noun,phrase,"Multiword constituent or fragment rather than a standalone lexical noun, verb, adjective, or adverb."
3298,我假装不知道,I pretend I don't know,noun,sentence,"Complete statement, question, directive, or conventional utterance; classify the entire Chinese entry."
3299,外带饮料,Takeaway drinks,noun,phrase,"Multiword constituent or fragment rather than a standalone lexical noun, verb, adjective, or adverb."
3300,不允许外带饮料,No outside drinks allowed,adjective,sentence,"Complete statement, question, directive, or conventional utterance; classify the entire Chinese entry."
3301,就坐请消费,Seating is for paying customers.,noun,sentence,"Complete statement, question, directive, or conventional utterance; classify the entire Chinese entry."
3302,没忘,(I) Didn't forget,noun,phrase,"Multiword constituent or fragment rather than a standalone lexical noun, verb, adjective, or adverb."
3303,昨天参加了一个面试,I had an interview yesterday,phrase,sentence,"Complete statement, question, directive, or conventional utterance; classify the entire Chinese entry."
3304,我不承认这件事是我做的,I don't admit that I did this.,phrase,sentence,"Complete statement, question, directive, or conventional utterance; classify the entire Chinese entry."
3305,面试结果还没出来,The interview result is not out yet,phrase,sentence,"Complete statement, question, directive, or conventional utterance; classify the entire Chinese entry."
3306,最大的弱点,Biggest weakness,adjective,phrase,"Multiword constituent or fragment rather than a standalone lexical noun, verb, adjective, or adverb."
3307,我不在乎,I don't care,noun,sentence,"Complete statement, question, directive, or conventional utterance; classify the entire Chinese entry."
3308,我不是一个自信的人,I'm not a confident person,phrase,sentence,"Complete statement, question, directive, or conventional utterance; classify the entire Chinese entry."
3309,他紧张到呕吐,He was so nervous that he vomited,adjective,sentence,"Complete statement, question, directive, or conventional utterance; classify the entire Chinese entry."
3310,很有实力,Very capable,adverb,phrase,"Multiword constituent or fragment rather than a standalone lexical noun, verb, adjective, or adverb."
3311,不可以自卑,Don't feel inferior,noun,sentence,"Complete statement, question, directive, or conventional utterance; classify the entire Chinese entry."
3312,你不要自卑,Don't feel inferior; don't put yourself down.,noun,sentence,"Complete statement, question, directive, or conventional utterance; classify the entire Chinese entry."
3313,你经常鼓励他,You often encourage him,noun,sentence,"Complete statement, question, directive, or conventional utterance; classify the entire Chinese entry."
3315,操你妈,fuck your mother,noun,interjection,Conventional exclamation rather than a noun.
3317,他的发型很搞笑,His hairstyle is funny,noun,sentence,"Complete statement, question, directive, or conventional utterance; classify the entire Chinese entry."
3318,龙象征着主宰,The dragon symbolizes dominance,noun,sentence,"Complete statement, question, directive, or conventional utterance; classify the entire Chinese entry."
3319,二月二的习俗是剪头发,Getting a haircut is a custom on the second day of the second lunar month.,phrase,sentence,"Complete statement, question, directive, or conventional utterance; classify the entire Chinese entry."
3320,圣诞节前夕,Christmas Eve,noun,phrase,"Multiword constituent or fragment rather than a standalone lexical noun, verb, adjective, or adverb."
3321,基督教造成很多政治问题,Christianity has caused many political problems,phrase,sentence,"Complete statement, question, directive, or conventional utterance; classify the entire Chinese entry."
3322,光棍节快乐,Happy Singles Day,adjective,sentence,"Complete statement, question, directive, or conventional utterance; classify the entire Chinese entry."
3323,我没写下来,I didn't write it down,noun,sentence,"Complete statement, question, directive, or conventional utterance; classify the entire Chinese entry."
3324,我记下来了,I noted it down; I made a note of it.,noun,sentence,"Complete statement, question, directive, or conventional utterance; classify the entire Chinese entry."
3325,请你停下来,Please stop,noun,sentence,"Complete statement, question, directive, or conventional utterance; classify the entire Chinese entry."
3326,我几乎不抽烟,I hardly smoke,noun,sentence,"Complete statement, question, directive, or conventional utterance; classify the entire Chinese entry."
3328,这是我们对美国人的刻板印象,This is the stereotype we have about Americans,phrase,sentence,"Complete statement, question, directive, or conventional utterance; classify the entire Chinese entry."
3332,谷歌文档,Google Docs,noun,proper_noun,"Names a specific person, place, organization, or titled work."
3333,谷歌云,Google Cloud,noun,proper_noun,"Names a specific person, place, organization, or titled work."
3334,美国的电子产品很发达,Electronic products are very developed in the United States,phrase,sentence,"Complete statement, question, directive, or conventional utterance; classify the entire Chinese entry."
3335,特斯拉,Tesla,noun,proper_noun,"Names a specific person, place, organization, or titled work."
3336,销量下降了,Sales volume has dropped,noun,sentence,"Complete statement, question, directive, or conventional utterance; classify the entire Chinese entry."
3338,不可辱骂老婆,Don't insult your wife,noun,sentence,"Complete statement, question, directive, or conventional utterance; classify the entire Chinese entry."
3339,公共场合请你不要大喊大叫,Please don't shout in public.,phrase,sentence,"Complete statement, question, directive, or conventional utterance; classify the entire Chinese entry."
3340,你太夸张了,You are exaggerating,noun,sentence,"Complete statement, question, directive, or conventional utterance; classify the entire Chinese entry."
3341,你说大话,You are exaggerating,noun,sentence,"Complete statement, question, directive, or conventional utterance; classify the entire Chinese entry."
3342,你吹牛,You brag,noun,sentence,"Complete statement, question, directive, or conventional utterance; classify the entire Chinese entry."
3343,别小看我,Don't underestimate me,noun,sentence,"Complete statement, question, directive, or conventional utterance; classify the entire Chinese entry."
3344,来看一看,Come and have a look,verb,sentence,"Complete statement, question, directive, or conventional utterance; classify the entire Chinese entry."
3345,天气潮湿,It's humid,noun,sentence,"Complete statement, question, directive, or conventional utterance; classify the entire Chinese entry."
3346,地板很湿,The floor is wet,noun,sentence,"Complete statement, question, directive, or conventional utterance; classify the entire Chinese entry."
3347,小君莫打扰 小草含羞笑,"Gentleman, don't disturb The grass smiles shyly",phrase,sentence,"Complete statement, question, directive, or conventional utterance; classify the entire Chinese entry."
3348,听起来像一首诗,Sounds like a poem,noun,sentence,"Complete statement, question, directive, or conventional utterance; classify the entire Chinese entry."
3349,颜值越高，责任越大,"The better your looks, the greater your responsibility.",phrase,sentence,"Complete statement, question, directive, or conventional utterance; classify the entire Chinese entry."
3350,天气变得很热,The weather is getting hot,adjective,sentence,"Complete statement, question, directive, or conventional utterance; classify the entire Chinese entry."
3351,它变得不那么受欢迎,It becomes less popular,phrase,sentence,"Complete statement, question, directive, or conventional utterance; classify the entire Chinese entry."
3352,它没那么受欢迎了,It's not as popular anymore,phrase,sentence,"Complete statement, question, directive, or conventional utterance; classify the entire Chinese entry."
3353,好讨厌,So annoying,noun,phrase,"Multiword constituent or fragment rather than a standalone lexical noun, verb, adjective, or adverb."
3354,公交车多久来一趟,How often does the bus come?,phrase,sentence,"Complete statement, question, directive, or conventional utterance; classify the entire Chinese entry."
3355,它什么时候会来,When will it come,noun,sentence,"Complete statement, question, directive, or conventional utterance; classify the entire Chinese entry."
3356,逃课,Skipping classes,noun,verb,Action or process rather than a noun.
3357,平均每天,Average daily,noun,phrase,"Multiword constituent or fragment rather than a standalone lexical noun, verb, adjective, or adverb."
3358,欧美国家,European and American countries,proper_noun,phrase,"Multiword constituent or fragment rather than a standalone lexical noun, verb, adjective, or adverb."
3359,不符合要求,Not meeting the requirements,noun,phrase,"Multiword constituent or fragment rather than a standalone lexical noun, verb, adjective, or adverb."
3360,我发了微信给你,I sent you a WeChat,noun,sentence,"Complete statement, question, directive, or conventional utterance; classify the entire Chinese entry."
3362,我没想到你会这样,I didn't expect you to be like this,phrase,sentence,"Complete statement, question, directive, or conventional utterance; classify the entire Chinese entry."
3363,不允许进入,No entry allowed,adjective,sentence,"Complete statement, question, directive, or conventional utterance; classify the entire Chinese entry."
3365,一辆汽车撞到了一辆电动车,A car hit an electric bike,phrase,sentence,"Complete statement, question, directive, or conventional utterance; classify the entire Chinese entry."
3366,他没有摔倒,He didn't fall,noun,sentence,"Complete statement, question, directive, or conventional utterance; classify the entire Chinese entry."
3367,她大声骂汽车司机,She yelled at the driver,phrase,sentence,"Complete statement, question, directive, or conventional utterance; classify the entire Chinese entry."
3368,你搞什么东西,what the hell are you doing?,noun,sentence,"Complete statement, question, directive, or conventional utterance; classify the entire Chinese entry."
3369,你没长眼睛吗,Don't you have eyes?,noun,sentence,"Complete statement, question, directive, or conventional utterance; classify the entire Chinese entry."
3370,她报警 一一零,She called the police 110,phrase,sentence,"Complete statement, question, directive, or conventional utterance; classify the entire Chinese entry."
3373,我不这么认为,I don't think so,noun,sentence,"Complete statement, question, directive, or conventional utterance; classify the entire Chinese entry."
3374,生意真火,Business is booming,noun,sentence,"Complete statement, question, directive, or conventional utterance; classify the entire Chinese entry."
3375,生意冷清,Business is slow,adjective,phrase,"Multiword constituent or fragment rather than a standalone lexical noun, verb, adjective, or adverb."
3376,天气暖和,Warm weather,noun,phrase,"Multiword constituent or fragment rather than a standalone lexical noun, verb, adjective, or adverb."
3377,三月是郁金香的花季,March is the tulip season,phrase,sentence,"Complete statement, question, directive, or conventional utterance; classify the entire Chinese entry."
3381,你们是天生一对,You are a perfect match.,noun,sentence,"Complete statement, question, directive, or conventional utterance; classify the entire Chinese entry."
3384,屁股坐扁了,My butt is flattened,noun,sentence,"Complete statement, question, directive, or conventional utterance; classify the entire Chinese entry."
3385,我在地图上标记了很多咖啡店,I marked a lot of coffee shops on the map.,phrase,sentence,"Complete statement, question, directive, or conventional utterance; classify the entire Chinese entry."
3386,品质不好,Poor quality,adjective,phrase,"Multiword constituent or fragment rather than a standalone lexical noun, verb, adjective, or adverb."
3388,鲜花饼,Flower Cake,adjective,noun,"Names an object, person, food, field, or nominal concept; the whole expression is not adjectival or verbal."
3390,菌汤菇火锅,Mushroom Hotpot,adjective,noun,"Names an object, person, food, field, or nominal concept; the whole expression is not adjectival or verbal."
3392,贵州的贵阳,"Guiyang, Guizhou",proper_noun,phrase,"Multiword constituent or fragment rather than a standalone lexical noun, verb, adjective, or adverb."
3393,德州扒鸡很出名,Dezhou Braised Chicken is very famous,adjective,sentence,"Complete statement, question, directive, or conventional utterance; classify the entire Chinese entry."
3394,我要骑自行车环绕洱海一圈,I want to ride a bicycle around Erhai Lake,phrase,sentence,"Complete statement, question, directive, or conventional utterance; classify the entire Chinese entry."
3395,地道的表达,Authentic expression,noun,phrase,"Multiword constituent or fragment rather than a standalone lexical noun, verb, adjective, or adverb."
3396,正宗的米粉,Authentic rice noodles,noun,phrase,"Multiword constituent or fragment rather than a standalone lexical noun, verb, adjective, or adverb."
3397,中国人很喜欢内卷,Chinese people love involution,phrase,sentence,"Complete statement, question, directive, or conventional utterance; classify the entire Chinese entry."
3399,他害怕落后于别人,He is afraid of falling behind others,phrase,sentence,"Complete statement, question, directive, or conventional utterance; classify the entire Chinese entry."
3401,溺爱小孩,Spoiling children,noun,phrase,"Multiword constituent or fragment rather than a standalone lexical noun, verb, adjective, or adverb."
3404,我上的高中和大学在同一个州,I went to high school and college in the same state,phrase,sentence,"Complete statement, question, directive, or conventional utterance; classify the entire Chinese entry."
3406,我不会被骗,I won't be deceived,noun,sentence,"Complete statement, question, directive, or conventional utterance; classify the entire Chinese entry."
3407,我的方向感不好,My sense of direction is not good,adjective,sentence,"Complete statement, question, directive, or conventional utterance; classify the entire Chinese entry."
3408,某个人,someone,noun,phrase,"Multiword constituent or fragment rather than a standalone lexical noun, verb, adjective, or adverb."
3411,徽章,badge;pin,adjective,noun,"Names an object, person, food, field, or nominal concept; the whole expression is not adjectival or verbal."
3416,中央电视台,China Central Television (CCTV),noun,proper_noun,"Names a specific person, place, organization, or titled work."
3418,具体的时间,Specific time,noun,phrase,"Multiword constituent or fragment rather than a standalone lexical noun, verb, adjective, or adverb."
3419,到期了,expired,adjective,sentence,"Complete statement, question, directive, or conventional utterance; classify the entire Chinese entry."
3420,四月上旬,Early April,noun,phrase,"Multiword constituent or fragment rather than a standalone lexical noun, verb, adjective, or adverb."
3421,四月中旬,Mid-April,noun,phrase,"Multiword constituent or fragment rather than a standalone lexical noun, verb, adjective, or adverb."
3422,四月下旬,Late April,noun,phrase,"Multiword constituent or fragment rather than a standalone lexical noun, verb, adjective, or adverb."
3423,四月初,Early April,noun,phrase,"Multiword constituent or fragment rather than a standalone lexical noun, verb, adjective, or adverb."
3424,四月中,Mid-April,noun,phrase,"Multiword constituent or fragment rather than a standalone lexical noun, verb, adjective, or adverb."
3425,四月末,End of April,noun,phrase,"Multiword constituent or fragment rather than a standalone lexical noun, verb, adjective, or adverb."
3426,四月底,End of April,noun,phrase,"Multiword constituent or fragment rather than a standalone lexical noun, verb, adjective, or adverb."
3427,我会比你去的早,I'll be there earlier than you.,noun,sentence,"Complete statement, question, directive, or conventional utterance; classify the entire Chinese entry."
3428,中国的地图看起来像一只鸡,The map of China looks like a chicken,phrase,sentence,"Complete statement, question, directive, or conventional utterance; classify the entire Chinese entry."
3429,很大的差异,Big Difference,adjective,phrase,"Multiword constituent or fragment rather than a standalone lexical noun, verb, adjective, or adverb."
3431,以前我在圣地亚哥读研究生,I was a graduate student in San Diego.,phrase,sentence,"Complete statement, question, directive, or conventional utterance; classify the entire Chinese entry."
3436,软件工程是程序员的一种,Software engineering is a type of programmer,phrase,sentence,"Complete statement, question, directive, or conventional utterance; classify the entire Chinese entry."
3437,爱探险的人,Adventurous person,noun,phrase,"Multiword constituent or fragment rather than a standalone lexical noun, verb, adjective, or adverb."
3438,恶搞之家,Family Guy (animated TV series),noun,proper_noun,"Names a specific person, place, organization, or titled work."
3440,邀请,invite,noun,verb,The entry denotes an action rather than a noun or adjective.
3443,你什么时候方便？,When is convenient for you?,phrase,sentence,"Complete statement, question, directive, or conventional utterance; classify the entire Chinese entry."
3444,网飞,Netflix,noun,proper_noun,"Names a specific person, place, organization, or titled work."
3446,炒股,stock trading;speculate in stocks,noun,verb,Action or process rather than a noun.
3447,立flag - 今天我要好好学习,Make a bold declaration: “I'm going to study hard today.”,phrase,sentence,"Complete statement, question, directive, or conventional utterance; classify the entire Chinese entry."
3449,我的账户被黑了,My account was hacked,noun,sentence,"Complete statement, question, directive, or conventional utterance; classify the entire Chinese entry."
3451,性价比不好,poor value for money,adjective,sentence,"Complete statement, question, directive, or conventional utterance; classify the entire Chinese entry."
3452,我值得被尊敬,I deserve respect,noun,sentence,"Complete statement, question, directive, or conventional utterance; classify the entire Chinese entry."
3456,要确认你的身份,Need to confirm your identity,verb,phrase,"Multiword constituent or fragment rather than a standalone lexical noun, verb, adjective, or adverb."
3459,被贿赂,being bribed,noun,phrase,"Multiword constituent or fragment rather than a standalone lexical noun, verb, adjective, or adverb."
3460,固定的价格,Fixed price,noun,phrase,"Multiword constituent or fragment rather than a standalone lexical noun, verb, adjective, or adverb."
3462,这个传统很严重,This tradition is serious.,adjective,sentence,"Complete statement, question, directive, or conventional utterance; classify the entire Chinese entry."
3464,恐婚恐育,fear of marriage and childbearing,verb,phrase,"Multiword constituent or fragment rather than a standalone lexical noun, verb, adjective, or adverb."
3465,月圆,Full Moon,adjective,phrase,"Multiword constituent or fragment rather than a standalone lexical noun, verb, adjective, or adverb."
3467,本土的奶茶牌子,Local milk tea brand,noun,phrase,"Multiword constituent or fragment rather than a standalone lexical noun, verb, adjective, or adverb."
3468,惊为天人,Stunning,noun,idiom,Established idiom rather than an ordinary noun.
3471,面基,face-to-face (from online meeting),noun,verb,Action or process rather than a noun.
3472,竞争恨激烈,competition is fierce,noun,sentence,"Complete statement, question, directive, or conventional utterance; classify the entire Chinese entry."
3473,门槛,threshold,adjective,noun,"Names an object, person, food, field, or nominal concept; the whole expression is not adjectival or verbal."
3474,我可以用中文无障碍交流,I can communicate in Chinese without any problem,phrase,sentence,"Complete statement, question, directive, or conventional utterance; classify the entire Chinese entry."
3475,感谢,thanks,noun,verb,Action or process rather than a noun.
3477,桂林山水甲天下,Guilin's Landscapes Are the Best in the World,proper_noun,sentence,"Complete statement, question, directive, or conventional utterance; classify the entire Chinese entry."
3481,美食荒漠,culinary wasteland; a place with few good food options (slang),adjective,noun,"Names an object, person, food, field, or nominal concept; the whole expression is not adjectival or verbal."
3482,因为网友说杭州是一个美食荒漠所以他很不爽,He was upset because people online called Hangzhou a culinary wasteland.,phrase,sentence,"Complete statement, question, directive, or conventional utterance; classify the entire Chinese entry."
3484,衣食住行,"Food, clothing, housing and transportation",noun,idiom,Established idiom rather than an ordinary noun.
3485,赡养父母,Supporting parents,noun,phrase,"Multiword constituent or fragment rather than a standalone lexical noun, verb, adjective, or adverb."
3486,被家庭给束缚,Bound by family,noun,phrase,"Multiword constituent or fragment rather than a standalone lexical noun, verb, adjective, or adverb."
3487,相对来说,Relatively speaking,noun,phrase,"Multiword constituent or fragment rather than a standalone lexical noun, verb, adjective, or adverb."
3488,我很纠结,I'm very conflicted; I'm torn.,noun,sentence,"Complete statement, question, directive, or conventional utterance; classify the entire Chinese entry."
3489,低热量食品,Low-calorie foods,adjective,noun,"Names an object, person, food, field, or nominal concept; the whole expression is not adjectival or verbal."
3490,你的眼神迷离,Your gaze is dreamy or unfocused.,noun,sentence,"Complete statement, question, directive, or conventional utterance; classify the entire Chinese entry."
3493,他们的生活很奢靡,Their life is luxurious,phrase,sentence,"Complete statement, question, directive, or conventional utterance; classify the entire Chinese entry."
3495,钱要花在刀刃上,Spend your money where it counts,verb,sentence,"Complete statement, question, directive, or conventional utterance; classify the entire Chinese entry."
3497,大手大脚,spend extravagantly,verb,idiom,"Established idiom: classify the expression as a whole rather than by its literal noun, adjective, or verb gloss."
3499,奢侈品,luxury goods,adjective,noun,"Names an object, person, food, field, or nominal concept; the whole expression is not adjectival or verbal."
3503,举一个例子,give an example,verb,sentence,"Complete statement, question, directive, or conventional utterance; classify the entire Chinese entry."
3504,它的质地像黄油,Its texture is like butter,noun,sentence,"Complete statement, question, directive, or conventional utterance; classify the entire Chinese entry."
3505,我对布洛芬过敏,I am allergic to ibuprofen,noun,sentence,"Complete statement, question, directive, or conventional utterance; classify the entire Chinese entry."
3507,老式英语,old-fashioned English,adjective,noun,"Names an object, person, food, field, or nominal concept; the whole expression is not adjectival or verbal."
3510,他是一个混血儿 有一半的越南血统和一般滴中国血统,"He is a mixed race, half Vietnamese and half Chinese.",phrase,sentence,"Complete statement, question, directive, or conventional utterance; classify the entire Chinese entry."
3512,第一届学生,First Batch of Students,noun,phrase,"Multiword constituent or fragment rather than a standalone lexical noun, verb, adjective, or adverb."
3513,他的技术不太好,His technique is not very good,adjective,sentence,"Complete statement, question, directive, or conventional utterance; classify the entire Chinese entry."
3515,照葫芦画瓢,copy mechanically,verb,idiom,"Established idiom: classify the expression as a whole rather than by its literal noun, adjective, or verb gloss."
3516,中国联通,China Unicom,noun,proper_noun,"Names a specific person, place, organization, or titled work."
3517,中国电信,China Telecom,noun,proper_noun,"Names a specific person, place, organization, or titled work."
3518,中国移动,China Mobile,noun,proper_noun,"Names a specific person, place, organization, or titled work."
3519,桂林暑假的人流量高达一百万人,Guilin's summer holiday visitor flow reaches one million people,phrase,sentence,"Complete statement, question, directive, or conventional utterance; classify the entire Chinese entry."
3520,这个博主的流量很大,This blogger has a lot of traffic,phrase,sentence,"Complete statement, question, directive, or conventional utterance; classify the entire Chinese entry."
3521,我的手机每个月有十个G的流量,My mobile phone has 10G of data per month.,phrase,sentence,"Complete statement, question, directive, or conventional utterance; classify the entire Chinese entry."
3524,准确的说,To be precise,verb,phrase,"Multiword constituent or fragment rather than a standalone lexical noun, verb, adjective, or adverb."
3525,时间线长,Long timeline,noun,phrase,"Multiword constituent or fragment rather than a standalone lexical noun, verb, adjective, or adverb."
3526,不合理,unreasonable,noun,adjective,Describes a quality or state rather than a noun.
3528,我的汉语水平退化了,My Chinese level has deteriorated.,phrase,sentence,"Complete statement, question, directive, or conventional utterance; classify the entire Chinese entry."
3529,学语言坚持很重要,Persistence is important in learning a language,phrase,sentence,"Complete statement, question, directive, or conventional utterance; classify the entire Chinese entry."
3530,进步很大,Great progress,noun,phrase,"Multiword constituent or fragment rather than a standalone lexical noun, verb, adjective, or adverb."
3534,我可以接受,I can accept it;not too bad,adjective,sentence,"Complete statement, question, directive, or conventional utterance; classify the entire Chinese entry."
3535,这是我的盲区,This is my blind spot.,noun,sentence,"Complete statement, question, directive, or conventional utterance; classify the entire Chinese entry."
3536,我的中文水平突飞猛进,My Chinese level has improved by leaps and bounds,phrase,sentence,"Complete statement, question, directive, or conventional utterance; classify the entire Chinese entry."
3538,我get到了你的想法,I got your idea,phrase,sentence,"Complete statement, question, directive, or conventional utterance; classify the entire Chinese entry."
3539,我get不到你的笑点,I don't get your joke,phrase,sentence,"Complete statement, question, directive, or conventional utterance; classify the entire Chinese entry."
3540,你的笑点很低,You laugh easily; it doesn't take much to make you laugh.,noun,sentence,"Complete statement, question, directive, or conventional utterance; classify the entire Chinese entry."
3542,这在我的认知领域范围之外,This is beyond my field of knowledge,phrase,sentence,"Complete statement, question, directive, or conventional utterance; classify the entire Chinese entry."
3543,这首歌很耳熟,This song sounds familiar,noun,sentence,"Complete statement, question, directive, or conventional utterance; classify the entire Chinese entry."
3544,这个人看起来很眼熟,This guy looks familiar.,phrase,sentence,"Complete statement, question, directive, or conventional utterance; classify the entire Chinese entry."
3546,降价,Price reduction,adjective,verb,Action or process; incorrect adjective/adverb label.
3547,涨价,Price increase,noun,verb,Action or process rather than a noun.
3549,吸引消费者,Attract consumers,noun,phrase,"Multiword constituent or fragment rather than a standalone lexical noun, verb, adjective, or adverb."
3550,这个营销策略效果很好,This marketing strategy works well,phrase,sentence,"Complete statement, question, directive, or conventional utterance; classify the entire Chinese entry."
3551,中国的商家有很多噱头,Chinese merchants have many gimmicks,phrase,sentence,"Complete statement, question, directive, or conventional utterance; classify the entire Chinese entry."
3552,商业竞争激烈,Fierce business competition,noun,sentence,"Complete statement, question, directive, or conventional utterance; classify the entire Chinese entry."
3557,经营感情,to nurture a relationship; to work on a relationship,verb,phrase,"Multiword constituent or fragment rather than a standalone lexical noun, verb, adjective, or adverb."
3558,心好累,I'm emotionally exhausted.,noun,phrase,"Multiword constituent or fragment rather than a standalone lexical noun, verb, adjective, or adverb."
3560,各忙各的,Everyone is busy with their own things,adjective,sentence,"Complete statement, question, directive, or conventional utterance; classify the entire Chinese entry."
3561,关注自己,Focus on yourself,noun,phrase,"Multiword constituent or fragment rather than a standalone lexical noun, verb, adjective, or adverb."
3562,脑子很乱,My mind is in a mess,noun,phrase,"Multiword constituent or fragment rather than a standalone lexical noun, verb, adjective, or adverb."
3563,倾诉自己的心声,Express your feelings,verb,phrase,"Multiword constituent or fragment rather than a standalone lexical noun, verb, adjective, or adverb."
3564,我是一个感性的人,I am an emotional person,phrase,sentence,"Complete statement, question, directive, or conventional utterance; classify the entire Chinese entry."
3565,延迟毕业,Delayed graduation,noun,phrase,"Multiword constituent or fragment rather than a standalone lexical noun, verb, adjective, or adverb."
3566,热门城市,Popular cities,proper_noun,phrase,"Multiword constituent or fragment rather than a standalone lexical noun, verb, adjective, or adverb."
3568,我告诉我自己,I told myself,adjective,sentence,"Complete statement, question, directive, or conventional utterance; classify the entire Chinese entry."
3569,我会整理笔记,I will organize my notes,noun,sentence,"Complete statement, question, directive, or conventional utterance; classify the entire Chinese entry."
3571,如果我没记错的话是这样的,"If I remember correctly, it was like this",phrase,sentence,"Complete statement, question, directive, or conventional utterance; classify the entire Chinese entry."
3572,自带杯,Bring your own cup,noun,phrase,"Multiword constituent or fragment rather than a standalone lexical noun, verb, adjective, or adverb."
3573,manner的出品不稳定,Manner's drink quality is inconsistent.,phrase,sentence,"Complete statement, question, directive, or conventional utterance; classify the entire Chinese entry."
3574,如果我有点饿我就会点有奶的咖啡,If I'm a little hungry I'll order coffee with milk,phrase,sentence,"Complete statement, question, directive, or conventional utterance; classify the entire Chinese entry."
3575,吐字清晰,Clear pronunciation,adjective,phrase,"Multiword constituent or fragment rather than a standalone lexical noun, verb, adjective, or adverb."
3576,演变,evolution,noun,verb,Action or process rather than a noun.
3578,普通话是北方方言演变过来的,Mandarin is an evolution of northern dialects,phrase,sentence,"Complete statement, question, directive, or conventional utterance; classify the entire Chinese entry."
3579,申请大学,Applying to University,noun,phrase,"Multiword constituent or fragment rather than a standalone lexical noun, verb, adjective, or adverb."
3580,拍老板的马屁,Flatter the boss,noun,phrase,"Multiword constituent or fragment rather than a standalone lexical noun, verb, adjective, or adverb."
3581,高情商,High emotional intelligence,adjective,phrase,"Multiword constituent or fragment rather than a standalone lexical noun, verb, adjective, or adverb."
3584,这只是我的猜测,This is just my guess,noun,sentence,"Complete statement, question, directive, or conventional utterance; classify the entire Chinese entry."
3586,对我来说,for me,noun,phrase,"Multiword constituent or fragment rather than a standalone lexical noun, verb, adjective, or adverb."
3587,更准确的说,To be more precise,verb,phrase,"Multiword constituent or fragment rather than a standalone lexical noun, verb, adjective, or adverb."
3588,新品发布会,New product launch,adjective,noun,"Names an object, person, food, field, or nominal concept; the whole expression is not adjectival or verbal."
3590,随缘吧,Just go with the flow;let it be;depends on fate,adverb,sentence,"Complete statement, question, directive, or conventional utterance; classify the entire Chinese entry."
3591,我的朋友放了我鸽子,My friend stood me up,phrase,sentence,"Complete statement, question, directive, or conventional utterance; classify the entire Chinese entry."
3592,我打断了你,I interrupted you,noun,sentence,"Complete statement, question, directive, or conventional utterance; classify the entire Chinese entry."
3593,命中注定,Destined,noun,idiom,Established idiom rather than an ordinary noun.
3594,我有点担心他,I'm a little worried about him,noun,sentence,"Complete statement, question, directive, or conventional utterance; classify the entire Chinese entry."
3595,你可以和我倾诉,You can talk to me,noun,sentence,"Complete statement, question, directive, or conventional utterance; classify the entire Chinese entry."
3596,你是美国的间谍,You are an American spy.,noun,sentence,"Complete statement, question, directive, or conventional utterance; classify the entire Chinese entry."
3597,你的脑壳有问题,There's something wrong with your brain,noun,sentence,"Complete statement, question, directive, or conventional utterance; classify the entire Chinese entry."
3598,不太绝对,not entirely absolute; not categorical,noun,phrase,"Multiword constituent or fragment rather than a standalone lexical noun, verb, adjective, or adverb."
3599,有效的,Effective,noun,phrase,"Multiword constituent or fragment rather than a standalone lexical noun, verb, adjective, or adverb."
3600,我们没有办法解决政治问题,We have no way to solve political problems,phrase,sentence,"Complete statement, question, directive, or conventional utterance; classify the entire Chinese entry."
3601,被藏起来的,Hidden,noun,phrase,"Multiword constituent or fragment rather than a standalone lexical noun, verb, adjective, or adverb."
3602,中国相对来说比较和平,China is relatively peaceful.,phrase,sentence,"Complete statement, question, directive, or conventional utterance; classify the entire Chinese entry."
3604,取消收藏,Remove from favorites,verb,sentence,"Complete statement, question, directive, or conventional utterance; classify the entire Chinese entry."
3605,复制至,Copy to,verb,phrase,"Multiword constituent or fragment rather than a standalone lexical noun, verb, adjective, or adverb."
3606,移动至,Move to,verb,phrase,"Multiword constituent or fragment rather than a standalone lexical noun, verb, adjective, or adverb."
3610,关注数,following count; number of accounts followed,adjective,noun,"Names an object, person, food, field, or nominal concept; the whole expression is not adjectival or verbal."
3614,搜索框,Search box,verb,noun,"Names an object, person, food, field, or nominal concept; the whole expression is not adjectival or verbal."
3615,输入查找,Enter to search,verb,sentence,"Complete statement, question, directive, or conventional utterance; classify the entire Chinese entry."
3618,查询车票,Check tickets,verb,sentence,"Complete statement, question, directive, or conventional utterance; classify the entire Chinese entry."
3620,退票,refund ticket,noun,verb,Action or process rather than a noun.
3621,去查看,Go to view,verb,sentence,"Complete statement, question, directive, or conventional utterance; classify the entire Chinese entry."
3622,立即注册,Register now,noun,sentence,"Complete statement, question, directive, or conventional utterance; classify the entire Chinese entry."
3628,核验成功,Verification successful,noun,sentence,"Complete statement, question, directive, or conventional utterance; classify the entire Chinese entry."
3629,修改密码,Change password,verb,sentence,"Complete statement, question, directive, or conventional utterance; classify the entire Chinese entry."
3633,时间洗,timed wash,noun,phrase,"Multiword constituent or fragment rather than a standalone lexical noun, verb, adjective, or adverb."
3635,漂洗,rinse,noun,verb,Action or process rather than a noun.
3638,速洗,Fast wash,noun,phrase,"Multiword constituent or fragment rather than a standalone lexical noun, verb, adjective, or adverb."
3641,顽渍洗,Stubborn stains wash,adjective,phrase,"Multiword constituent or fragment rather than a standalone lexical noun, verb, adjective, or adverb."
3644,超柔,Ultra-soft,noun,adjective,Describes a quality or state rather than a noun.
3647,巴氏除菌,Pasteurization,noun,phrase,"Multiword constituent or fragment rather than a standalone lexical noun, verb, adjective, or adverb."
3648,冷水洗,Cold water wash,adjective,phrase,"Multiword constituent or fragment rather than a standalone lexical noun, verb, adjective, or adverb."
3649,空气洗,Air wash,noun,phrase,"Multiword constituent or fragment rather than a standalone lexical noun, verb, adjective, or adverb."
3650,单烘干,Dry only,noun,phrase,"Multiword constituent or fragment rather than a standalone lexical noun, verb, adjective, or adverb."
3651,单脱水,Spin only,noun,phrase,"Multiword constituent or fragment rather than a standalone lexical noun, verb, adjective, or adverb."
3653,超净漂,ultra-clean rinse,adjective,phrase,"Multiword constituent or fragment rather than a standalone lexical noun, verb, adjective, or adverb."
3654,我用词不当,I used the wrong word,noun,sentence,"Complete statement, question, directive, or conventional utterance; classify the entire Chinese entry."
3655,把行李留在这里,Leave your luggage here,verb,sentence,"Complete statement, question, directive, or conventional utterance; classify the entire Chinese entry."
3656,问得好,Good question,adjective,sentence,"Complete statement, question, directive, or conventional utterance; classify the entire Chinese entry."
3657,中国制造,made in China,noun,phrase,"Multiword constituent or fragment rather than a standalone lexical noun, verb, adjective, or adverb."
3658,各个方面,Each aspect,noun,phrase,"Multiword constituent or fragment rather than a standalone lexical noun, verb, adjective, or adverb."
3660,我们之间有一道障碍,There is a barrier between us,phrase,sentence,"Complete statement, question, directive, or conventional utterance; classify the entire Chinese entry."
3661,你有猜测吗,Do you have a guess?,noun,sentence,"Complete statement, question, directive, or conventional utterance; classify the entire Chinese entry."
3662,前几天,A few days ago,noun,phrase,"Multiword constituent or fragment rather than a standalone lexical noun, verb, adjective, or adverb."
3663,太可惜了,What a shame,noun,sentence,"Complete statement, question, directive, or conventional utterance; classify the entire Chinese entry."
3664,请告诉我,Please tell me;just let me know,noun,sentence,"Complete statement, question, directive, or conventional utterance; classify the entire Chinese entry."
3667,祝你一帆风顺,I wish you smooth sailing,noun,sentence,"Complete statement, question, directive, or conventional utterance; classify the entire Chinese entry."
3671,足够好,Good Enough,adjective,phrase,"Multiword constituent or fragment rather than a standalone lexical noun, verb, adjective, or adverb."
3672,够用的,Enough,noun,phrase,"Multiword constituent or fragment rather than a standalone lexical noun, verb, adjective, or adverb."
3673,确切的位置,Exact location,noun,phrase,"Multiword constituent or fragment rather than a standalone lexical noun, verb, adjective, or adverb."
3674,存钱去旅行,Save money for travel,verb,phrase,"Multiword constituent or fragment rather than a standalone lexical noun, verb, adjective, or adverb."
3675,没注意,I wasn't paying attention;didn't notice,noun,sentence,"Complete statement, question, directive, or conventional utterance; classify the entire Chinese entry."
3676,祝你生意兴隆,I wish you a prosperous business,noun,sentence,"Complete statement, question, directive, or conventional utterance; classify the entire Chinese entry."
3678,走不了,cannot leave; cannot get away; cannot walk (context-dependent),noun,phrase,"Multiword constituent or fragment rather than a standalone lexical noun, verb, adjective, or adverb."
3679,走不动,can't walk,noun,verb,Action or process rather than a noun.
3680,我收集徽章,I collect pins,noun,sentence,"Complete statement, question, directive, or conventional utterance; classify the entire Chinese entry."
3681,首月免租,First month's rent free,adjective,sentence,"Complete statement, question, directive, or conventional utterance; classify the entire Chinese entry."
3682,3室2厅1卫,"3 bedrooms, 2 living rooms, 1 bathroom",noun,phrase,"Multiword constituent or fragment rather than a standalone lexical noun, verb, adjective, or adverb."
3683,点击注册,click to register,noun,sentence,"Complete statement, question, directive, or conventional utterance; classify the entire Chinese entry."
3685,获取验证码,get Verification Code,verb,phrase,"Multiword constituent or fragment rather than a standalone lexical noun, verb, adjective, or adverb."
3686,请输入验证码,Please enter verification code,noun,sentence,"Complete statement, question, directive, or conventional utterance; classify the entire Chinese entry."
3688,未认证,unauthenticated,noun,phrase,"Multiword constituent or fragment rather than a standalone lexical noun, verb, adjective, or adverb."
3689,请输入,Please enter,noun,phrase,"Multiword constituent or fragment rather than a standalone lexical noun, verb, adjective, or adverb."
3692,高楼层,High floor,adjective,noun,"Names an object, person, food, field, or nominal concept; the whole expression is not adjectival or verbal."
3693,默认排序,Default sorting,noun,phrase,"Multiword constituent or fragment rather than a standalone lexical noun, verb, adjective, or adverb."
3694,租金从低到高,Rent from low to high,verb,phrase,"Multiword constituent or fragment rather than a standalone lexical noun, verb, adjective, or adverb."
3699,容易醒,Easy to wake up,adjective,phrase,"Multiword constituent or fragment rather than a standalone lexical noun, verb, adjective, or adverb."
3700,半夜醒,Waking up in the middle of the night,noun,phrase,"Multiword constituent or fragment rather than a standalone lexical noun, verb, adjective, or adverb."
3701,很难入睡,Difficulty falling asleep,adjective,phrase,"Multiword constituent or fragment rather than a standalone lexical noun, verb, adjective, or adverb."
3703,中年油腻大叔,creepy or sleazy middle-aged man (slang),noun,phrase,"Multiword constituent or fragment rather than a standalone lexical noun, verb, adjective, or adverb."
3704,清空选择,Clear selection,adjective,sentence,"Complete statement, question, directive, or conventional utterance; classify the entire Chinese entry."
3706,珠三角,"Pearl River Delta (Shenzhen, etc.)",noun,proper_noun,"Names a specific person, place, organization, or titled work."
3709,筛选,filter,noun,verb,Action or process rather than a noun.
3714,免押金租借,No deposit required for rental,adjective,phrase,"Multiword constituent or fragment rather than a standalone lexical noun, verb, adjective, or adverb."
3715,前1分钟内归还免费,Free return within the first minute,phrase,sentence,"Complete statement, question, directive, or conventional utterance; classify the entire Chinese entry."
3716,不足30分钟按30分钟计费,Less than 30 minutes will be charged as 30 minutes,phrase,sentence,"Complete statement, question, directive, or conventional utterance; classify the entire Chinese entry."
3717,总封顶99元,Total cap of 99 yuan,noun,sentence,"Complete statement, question, directive, or conventional utterance; classify the entire Chinese entry."
3718,购卡后7天有效,Valid for 7 days after purchase,noun,sentence,"Complete statement, question, directive, or conventional utterance; classify the entire Chinese entry."
3721,我的病历,My Medical Records,noun,phrase,"Multiword constituent or fragment rather than a standalone lexical noun, verb, adjective, or adverb."
3723,挂号,registration (at hospital),noun,verb,Action or process rather than a noun.
3724,问诊,consultation (to get diagnosed),noun,verb,Action or process rather than a noun.
3725,已预约,Already booked,adverb,phrase,"Multiword constituent or fragment rather than a standalone lexical noun, verb, adjective, or adverb."
3726,省立,Provincial,proper_noun,adjective,Provincially established/administered; a modifier rather than a place name.
3727,点击,click (here),noun,verb,Action or process rather than a noun.
3733,线下支付,Offline payment,noun,phrase,"Multiword constituent or fragment rather than a standalone lexical noun, verb, adjective, or adverb."
3739,轻信,gullible,noun,verb,Action or process rather than a noun.
3741,纯,pure,noun,adjective,Describes a quality or state rather than a noun.
3742,是这样子的,it's this way;true,noun,sentence,"Complete statement, question, directive, or conventional utterance; classify the entire Chinese entry."
3745,单调,monotonous,noun,adjective,Describes a quality or state rather than a noun.
3748,上一个,previous;last,noun,phrase,"Multiword constituent or fragment rather than a standalone lexical noun, verb, adjective, or adverb."
3749,羡慕,(moderate) envy,noun,verb,Action or process rather than a noun.
3755,快递点,express delivery point,verb,noun,"Names an object, person, food, field, or nominal concept; the whole expression is not adjectival or verbal."
3758,排外,xenophobic,noun,verb,Action or process rather than a noun.
3760,挺正常的,quite normal,adverb,phrase,"Multiword constituent or fragment rather than a standalone lexical noun, verb, adjective, or adverb."
3769,打飞机,masturbation,noun,verb,Action or process rather than a noun.
3774,痒痒,itch;tickle,noun,adjective,Describes a quality or state rather than a noun.
3775,麻木,numb;numbness,noun,adjective,Describes a quality or state rather than a noun.
3779,很难说,hard to say,noun,phrase,"Multiword constituent or fragment rather than a standalone lexical noun, verb, adjective, or adverb."
3784,清淡,light (food),noun,adjective,Describes a quality or state rather than a noun.
3785,二点四万,twenty four thousand,noun,numeral,Numerical value rather than ordinary noun.
3786,正在我就专注于学习中文,I am now focusing on learning Chinese,phrase,sentence,"Complete statement, question, directive, or conventional utterance; classify the entire Chinese entry."
3787,我感觉我的中文水平正在逐渐进步,I feel my Chinese is improving gradually,phrase,sentence,"Complete statement, question, directive, or conventional utterance; classify the entire Chinese entry."
3789,章鱼哥,Squidward,noun,proper_noun,"Names a specific person, place, organization, or titled work."
3790,派大星,Patrick Star,noun,proper_noun,"Names a specific person, place, organization, or titled work."
3791,蜗牛盖瑞,Gary the Snail,noun,proper_noun,"Names a specific person, place, organization, or titled work."
3792,蟹老板,Mr. Krabs,noun,proper_noun,"Names a specific person, place, organization, or titled work."
3794,沙色的脸颊,sandy-colored cheeks,adjective,phrase,"Multiword constituent or fragment rather than a standalone lexical noun, verb, adjective, or adverb."
3795,专注于,focus on,noun,phrase,"Multiword constituent or fragment rather than a standalone lexical noun, verb, adjective, or adverb."
3798,不信教,nonreligious,noun,phrase,"Multiword constituent or fragment rather than a standalone lexical noun, verb, adjective, or adverb."
3799,高胆固醇,high cholesterol,adjective,noun,"Names an object, person, food, field, or nominal concept; the whole expression is not adjectival or verbal."
3800,验血,blood test,noun,verb,Action or process rather than a noun.
3804,调情,flirt,noun,verb,Action or process rather than a noun.
3805,全职子女,adult child financially supported by parents in return for companionship or household help (slang),adjective,noun,"Names an object, person, food, field, or nominal concept; the whole expression is not adjectival or verbal."
3809,骨子里面,deep down; in one's nature; to the core,adjective,phrase,"Multiword constituent or fragment rather than a standalone lexical noun, verb, adjective, or adverb."
3814,无论如何,anyway;whatever the case,noun,phrase,"Multiword constituent or fragment rather than a standalone lexical noun, verb, adjective, or adverb."
3815,代替,replace,noun,verb,Action or process rather than a noun.
3820,可疑,suspicious,noun,adjective,Describes a quality or state rather than a noun.
3822,已售,already sold; number sold,adverb,phrase,"Multiword constituent or fragment rather than a standalone lexical noun, verb, adjective, or adverb."
3826,免运费,free shipping,adjective,phrase,"Multiword constituent or fragment rather than a standalone lexical noun, verb, adjective, or adverb."
3827,送货上门,home delivery,noun,phrase,"Multiword constituent or fragment rather than a standalone lexical noun, verb, adjective, or adverb."
3829,平均7小时发货,average dispatch within 7 hours,noun,sentence,"Complete statement, question, directive, or conventional utterance; classify the entire Chinese entry."
3831,今日发,ship today,noun,phrase,"Multiword constituent or fragment rather than a standalone lexical noun, verb, adjective, or adverb."
3832,正品保障假一赔十,Authenticity guaranteed; tenfold compensation if counterfeit.,phrase,sentence,"Complete statement, question, directive, or conventional utterance; classify the entire Chinese entry."
3833,7天无理由退货,7 days return without reason,noun,phrase,"Multiword constituent or fragment rather than a standalone lexical noun, verb, adjective, or adverb."
3834,待付款,pending payment,noun,phrase,"Multiword constituent or fragment rather than a standalone lexical noun, verb, adjective, or adverb."
3835,待发货,pending shipment,noun,phrase,"Multiword constituent or fragment rather than a standalone lexical noun, verb, adjective, or adverb."
3836,待收货,pending receipt,noun,phrase,"Multiword constituent or fragment rather than a standalone lexical noun, verb, adjective, or adverb."
3837,去查收,go check,verb,sentence,"Complete statement, question, directive, or conventional utterance; classify the entire Chinese entry."
3838,逊毙了,lame;uncool,noun,sentence,"Complete statement, question, directive, or conventional utterance; classify the entire Chinese entry."
3840,七分甜,70% sweet,noun,phrase,"Multiword constituent or fragment rather than a standalone lexical noun, verb, adjective, or adverb."
3845,拉伸,stretch,noun,verb,Action or process rather than a noun.
3848,得体,appropriate,noun,adjective,Describes a quality or state rather than a noun.
3849,善于,good at;to be adept at,adjective,verb,Action or process; incorrect adjective/adverb label.
3850,善于社交,sociable; good at socializing,adjective,phrase,"Multiword constituent or fragment rather than a standalone lexical noun, verb, adjective, or adverb."
3851,将近一年,almost a year,adverb,phrase,"Multiword constituent or fragment rather than a standalone lexical noun, verb, adjective, or adverb."
3857,天经地义,it is only natural;natural and proper,adjective,idiom,"Established idiom: classify the expression as a whole rather than by its literal noun, adjective, or verb gloss."
3858,缺乏,lack,noun,verb,Action or process rather than a noun.
3859,问候,greeting,noun,verb,Action or process rather than a noun.
3860,没有规矩不成方圆,"No rules, no order",phrase,sentence,"Complete statement, question, directive, or conventional utterance; classify the entire Chinese entry."
3865,潮湿,humid,noun,adjective,Describes a quality or state rather than a noun.
3870,登出,log out,noun,verb,Action or process rather than a noun.
3871,登录,log in,noun,verb,Action or process rather than a noun.
3874,这让我想起了你,this reminds me of you,noun,sentence,"Complete statement, question, directive, or conventional utterance; classify the entire Chinese entry."
3875,控制狂,control freak,verb,noun,"Names an object, person, food, field, or nominal concept; the whole expression is not adjectival or verbal."
3878,将信将疑,skeptical;doubtful,noun,idiom,Established idiom rather than an ordinary noun.
3879,恼羞成怒,get angry (out of shame),verb,idiom,"Established idiom: classify the expression as a whole rather than by its literal noun, adjective, or verb gloss."
3881,难听,unpleasant (to hear),noun,adjective,Describes a quality or state rather than a noun.
3882,孔子,Confucius,noun,proper_noun,"Names a specific person, place, organization, or titled work."
3883,孔子学院,Confucius Institute,noun,proper_noun,"Names a specific person, place, organization, or titled work."
3886,义信忠礼仁孝,"Righteousness, Faithfulness, Loyalty, Courtesy, Benevolence, Filial Piety (Confucianism core ideas)",noun,phrase,"Multiword constituent or fragment rather than a standalone lexical noun, verb, adjective, or adverb."
3888,总而言之,all in all;to sum it up,noun,idiom,Established idiom rather than an ordinary noun.
3894,沉迷于,addicted to,noun,phrase,"Multiword constituent or fragment rather than a standalone lexical noun, verb, adjective, or adverb."
3896,洗脑,brainwashing,noun,verb,Action or process rather than a noun.
3901,上升,rise;ascent;increased,noun,verb,Action or process rather than a noun.
3902,相比过去十年,compared with the past ten years,adjective,phrase,"Multiword constituent or fragment rather than a standalone lexical noun, verb, adjective, or adverb."
3905,滚吧,go away,verb,sentence,"Complete statement, question, directive, or conventional utterance; classify the entire Chinese entry."
3911,裸,naked,noun,adjective,Describes a quality or state rather than a noun.
3912,斯科特,Scott,noun,proper_noun,"Names a specific person, place, organization, or titled work."
3913,颜面扫地,lose face,verb,idiom,"Established idiom: classify the expression as a whole rather than by its literal noun, adjective, or verb gloss."
3914,罗伯特,Robert,noun,proper_noun,"Names a specific person, place, organization, or titled work."
3915,厌倦生活,tired of life,adjective,phrase,"Multiword constituent or fragment rather than a standalone lexical noun, verb, adjective, or adverb."
3916,科尔,Cole,noun,proper_noun,"Names a specific person, place, organization, or titled work."
3918,偶尔,occasionally,noun,adverb,"Adverbial expression, not a noun."
3919,男的多女的多,are there more men or women?,noun,sentence,"Complete statement, question, directive, or conventional utterance; classify the entire Chinese entry."
3921,妥协,compromise,noun,verb,Action or process rather than a noun.
3922,论迹不论心,Judge one's actions not thoughts;Talk about deeds not thoughts,noun,sentence,"Complete statement, question, directive, or conventional utterance; classify the entire Chinese entry."
3924,平行,parallel,noun,adjective,Describes a quality or state rather than a noun.
3926,打嗝,burp;hiccup,noun,verb,Action or process rather than a noun.
3934,加热,heat up,noun,verb,Action or process rather than a noun.
3936,迫不及待,cannot wait;impatient;in a hurry,noun,idiom,Established idiom rather than an ordinary noun.
3939,亲热,affectionate;make out,noun,adjective,Describes a quality or state rather than a noun.
3943,客观,objective;impartial,noun,adjective,Describes a quality or state rather than a noun.
3946,想好再说,think it over before you speak,verb,sentence,"Complete statement, question, directive, or conventional utterance; classify the entire Chinese entry."
3947,离谱,outrageous;ridiculous,noun,adjective,Describes a quality or state rather than a noun.
3951,过年,Chinese New Year;celebrate new year,adjective,verb,Action or process; incorrect adjective/adverb label.
3957,偏听偏信,listen to and believe only in one side,verb,idiom,"Established idiom: classify the expression as a whole rather than by its literal noun, adjective, or verb gloss."
3962,我必须刚好吃到2X,I must capture exactly 2X.,phrase,sentence,"Complete statement, question, directive, or conventional utterance; classify the entire Chinese entry."
3963,我必须吃到一墩数值总和刚好为22或23,I must win a trick with a total of 22 or 23,phrase,sentence,"Complete statement, question, directive, or conventional utterance; classify the entire Chinese entry."
3964,我必须吃到一墩数值总和小于8,I must win a trick with a total value less than 8,phrase,sentence,"Complete statement, question, directive, or conventional utterance; classify the entire Chinese entry."
3965,我必须吃到头三墩,I must win the first three tricks.,phrase,sentence,"Complete statement, question, directive, or conventional utterance; classify the entire Chinese entry."
3966,我必须吃到第一墩和最后一墩,I must take the first and last trick,phrase,sentence,"Complete statement, question, directive, or conventional utterance; classify the entire Chinese entry."
3967,我吃到的墩数必须比队长多,I must get more tricks than the captain,phrase,sentence,"Complete statement, question, directive, or conventional utterance; classify the entire Chinese entry."
3968,我必须用此牌吃到一墩,I must take a trick with this card,phrase,sentence,"Complete statement, question, directive, or conventional utterance; classify the entire Chinese entry."
3969,我必须在游戏最后一墩中吃到2X,I must get 2X on the last trick of the game,phrase,sentence,"Complete statement, question, directive, or conventional utterance; classify the entire Chinese entry."
3970,我必须吃到至少一色的全数牌,I must get all cards of at least one color.,phrase,sentence,"Complete statement, question, directive, or conventional utterance; classify the entire Chinese entry."
3971,我吃到的墩数必须多余队友吃到墩数的总和,The number of tricks I take must exceed the total number of tricks taken by my teammates,phrase,sentence,"Complete statement, question, directive, or conventional utterance; classify the entire Chinese entry."
3972,我必须用一张4吃到一张8,I have to use a 4 to get an 8,phrase,sentence,"Complete statement, question, directive, or conventional utterance; classify the entire Chinese entry."
3973,我吃到的一墩中每张牌都大于5,Every card in the trick I got is greater than 5,phrase,sentence,"Complete statement, question, directive, or conventional utterance; classify the entire Chinese entry."
3974,我必须在一墩中吃到张数相同的粉色牌和蓝色牌,I must capture an equal number of pink and blue cards in one trick,phrase,sentence,"Complete statement, question, directive, or conventional utterance; classify the entire Chinese entry."
3975,我不可以吃到2,I must not capture the 2.,noun,sentence,"Complete statement, question, directive, or conventional utterance; classify the entire Chinese entry."
3976,我必须吃到2但不可吃到其他潜艇牌,"I must capture the 2, but no other submarine cards.",phrase,sentence,"Complete statement, question, directive, or conventional utterance; classify the entire Chinese entry."
3977,其中不包含潜艇牌,Submarine cards are not included,phrase,sentence,"Complete statement, question, directive, or conventional utterance; classify the entire Chinese entry."
3978,秘密写下预测,Write down predictions in secret,verb,sentence,"Complete statement, question, directive, or conventional utterance; classify the entire Chinese entry."
3979,我必须每种颜色至少吃到一张牌,I must get at least one card of each color.,phrase,sentence,"Complete statement, question, directive, or conventional utterance; classify the entire Chinese entry."
3980,我必须吃到只包含奇数牌的一墩,I must win a trick containing only odd-numbered cards.,phrase,sentence,"Complete statement, question, directive, or conventional utterance; classify the entire Chinese entry."
3981,我必须刚好吃到2墩且连续吃到,"I must win exactly two tricks, consecutively.",phrase,sentence,"Complete statement, question, directive, or conventional utterance; classify the entire Chinese entry."
3982,绿色牌可以是0张,Green cards can be 0,phrase,sentence,"Complete statement, question, directive, or conventional utterance; classify the entire Chinese entry."
3983,我不可以用开始一墩黄色或绿色,I cannot start a trick with yellow or green,phrase,sentence,"Complete statement, question, directive, or conventional utterance; classify the entire Chinese entry."
3984,我不可以吃到任何一墩,I must not win any tricks.,phrase,sentence,"Complete statement, question, directive, or conventional utterance; classify the entire Chinese entry."
3985,写下并公开预测,Write down and openly share your prediction,verb,sentence,"Complete statement, question, directive, or conventional utterance; classify the entire Chinese entry."
3991,大于,greater than,noun,verb,Action or process rather than a noun.
3993,头三,first three,noun,phrase,"Multiword constituent or fragment rather than a standalone lexical noun, verb, adjective, or adverb."
3995,相同的,same,noun,phrase,"Multiword constituent or fragment rather than a standalone lexical noun, verb, adjective, or adverb."
3997,预测,predict;prediction,adjective,verb,Action or process; incorrect adjective/adverb label.
3999,卑鄙,mean,noun,adjective,Describes a quality or state rather than a noun.
4002,震惊了,shocked,noun,sentence,"Complete statement, question, directive, or conventional utterance; classify the entire Chinese entry."
4003,模仿,imitate,noun,verb,Action or process rather than a noun.
4004,轮流支付,take turns paying,verb,phrase,"Multiword constituent or fragment rather than a standalone lexical noun, verb, adjective, or adverb."
4005,我有点惊讶,I was a little surprised,noun,sentence,"Complete statement, question, directive, or conventional utterance; classify the entire Chinese entry."
4006,P图,Photoshop,adjective,verb,Action or process; incorrect adjective/adverb label.
4008,刮胡子,shave beard,noun,verb,Action or process rather than a noun.
4009,肉麻,corny;cringey,noun,adjective,Describes a quality or state rather than a noun.
4010,你们亲近吗,are you close?,noun,sentence,"Complete statement, question, directive, or conventional utterance; classify the entire Chinese entry."
4012,中美差异,differences between China and the US,proper_noun,phrase,"Multiword constituent or fragment rather than a standalone lexical noun, verb, adjective, or adverb."
4013,一无所知,to know nothing,verb,idiom,"Established idiom: classify the expression as a whole rather than by its literal noun, adjective, or verb gloss."
4014,好客,hospitable,noun,adjective,Describes a quality or state rather than a noun.
4015,想秀一下,want to show off,verb,phrase,"Multiword constituent or fragment rather than a standalone lexical noun, verb, adjective, or adverb."
4016,五音不全,tone deaf,noun,phrase,"Multiword constituent or fragment rather than a standalone lexical noun, verb, adjective, or adverb."
4019,算命,fortune telling,noun,verb,Action or process rather than a noun.
4021,什么的,or anything like that,noun,phrase,"Multiword constituent or fragment rather than a standalone lexical noun, verb, adjective, or adverb."
4024,驾照难拿嘛,Is it hard to get a driver's license?,noun,sentence,"Complete statement, question, directive, or conventional utterance; classify the entire Chinese entry."
4031,保持联系,stay connected;stay in touch,noun,phrase,"Multiword constituent or fragment rather than a standalone lexical noun, verb, adjective, or adverb."
4032,清真寺,mosque,proper_noun,noun,"Names an object, person, food, field, or nominal concept; the whole expression is not adjectival or verbal."
4038,鸦片战争,Opium Wars,noun,proper_noun,"Names a specific person, place, organization, or titled work."
4042,瓜子,sunflower seeds (and others),adjective,noun,"Names an object, person, food, field, or nominal concept; the whole expression is not adjectival or verbal."
4043,网红打卡地,popular social-media photo spot; trendy check-in destination,adjective,noun,"Names an object, person, food, field, or nominal concept; the whole expression is not adjectival or verbal."
4044,自拍,selfie,noun,verb,Action or process rather than a noun.
4045,尝一次,try it once,verb,sentence,"Complete statement, question, directive, or conventional utterance; classify the entire Chinese entry."
4047,萝卜青菜各有所爱,people have different tastes,phrase,sentence,"Complete statement, question, directive, or conventional utterance; classify the entire Chinese entry."
4049,伤我的心,break my heart;hurt my feelings,verb,phrase,"Multiword constituent or fragment rather than a standalone lexical noun, verb, adjective, or adverb."
4050,有意义,meaningful,noun,adjective,Describes a quality or state rather than a noun.
4051,正宗,authentic,noun,adjective,Describes a quality or state rather than a noun.
4054,共享单车,shared bikes,adjective,noun,"Names an object, person, food, field, or nominal concept; the whole expression is not adjectival or verbal."
4055,趟,trip;each vehicle arrival,noun,classifier,Measure word in the supplied gloss.
4063,一夜之间,overnight (suddenly),noun,phrase,"Multiword constituent or fragment rather than a standalone lexical noun, verb, adjective, or adverb."
4064,一战,World War I,noun,proper_noun,"Names a specific person, place, organization, or titled work."
4065,二战,World War II,noun,proper_noun,"Names a specific person, place, organization, or titled work."
4069,在马来西亚的经济被华人主导,The economy in Malaysia is dominated by the Chinese,phrase,sentence,"Complete statement, question, directive, or conventional utterance; classify the entire Chinese entry."
4070,很难区分,difficult to distinguish,adjective,phrase,"Multiword constituent or fragment rather than a standalone lexical noun, verb, adjective, or adverb."
4071,无家可归的人,homeless people,noun,phrase,"Multiword constituent or fragment rather than a standalone lexical noun, verb, adjective, or adverb."
4077,豆角,green beans;string beans,adjective,noun,"Names an object, person, food, field, or nominal concept; the whole expression is not adjectival or verbal."
4078,旋转,rotate;spin,noun,verb,Action or process rather than a noun.
4083,不尊重的,disrespectful,noun,phrase,"Multiword constituent or fragment rather than a standalone lexical noun, verb, adjective, or adverb."
4084,清真,halal,noun,adjective,Describes a quality or state rather than a noun.
4085,点头,nod,noun,verb,Action or process rather than a noun.
4087,零零后出生的人,people born in 2000s decade,noun,phrase,"Multiword constituent or fragment rather than a standalone lexical noun, verb, adjective, or adverb."
4091,看好,optimistic,noun,verb,Action or process rather than a noun.
4093,回心转意,change of heart;change their mind,verb,idiom,"Established idiom: classify the expression as a whole rather than by its literal noun, adjective, or verb gloss."
4095,好吃懒做,lazy,noun,idiom,Established idiom rather than an ordinary noun.
4097,尊重,respect,noun,verb,Action or process rather than a noun.
4101,取决于,depending on,noun,verb,Action or process rather than a noun.
4102,打听,inquire about,noun,verb,Action or process rather than a noun.
4104,一人吃饱全家不饿,"since I make up the entirety of my family, if I am not hungry, my family is not hungry",phrase,sentence,"Complete statement, question, directive, or conventional utterance; classify the entire Chinese entry."
4105,不能好高骛远,Don't pursue unrealistically lofty goals.,noun,sentence,"Complete statement, question, directive, or conventional utterance; classify the entire Chinese entry."
4106,好高骛远,to aim unrealistically high; to reach beyond one's abilities,verb,idiom,"Established idiom: classify the expression as a whole rather than by its literal noun, adjective, or verb gloss."
4107,皇帝不急太监急,"The emperor is not anxious, but the eunuchs are",noun,sentence,"Complete statement, question, directive, or conventional utterance; classify the entire Chinese entry."
4108,一塌糊涂,a complete mess,noun,idiom,Established idiom rather than an ordinary noun.
4110,认命,accept your fate,noun,verb,Action or process rather than a noun.
4111,讲的很好,well said,noun,phrase,"Multiword constituent or fragment rather than a standalone lexical noun, verb, adjective, or adverb."
4112,负一楼,B1;basement level 1,noun,phrase,"Multiword constituent or fragment rather than a standalone lexical noun, verb, adjective, or adverb."
4113,星期几,What day of the week?,noun,phrase,"Multiword constituent or fragment rather than a standalone lexical noun, verb, adjective, or adverb."
4114,几月几号,What’s the month and date?,noun,phrase,"Multiword constituent or fragment rather than a standalone lexical noun, verb, adjective, or adverb."
4115,两点一刻,2:15 (time),noun,phrase,"Multiword constituent or fragment rather than a standalone lexical noun, verb, adjective, or adverb."
4116,差两分四点,3:58 (time),noun,phrase,"Multiword constituent or fragment rather than a standalone lexical noun, verb, adjective, or adverb."
4117,四点零五,4:05 (time),noun,phrase,"Multiword constituent or fragment rather than a standalone lexical noun, verb, adjective, or adverb."
4118,快三点了,almost 3:00,adverb,sentence,"Complete statement, question, directive, or conventional utterance; classify the entire Chinese entry."
4119,三点多,sometime after three o'clock; three-something,noun,phrase,"Multiword constituent or fragment rather than a standalone lexical noun, verb, adjective, or adverb."
4120,凌晨一点,1:00am (time),noun,phrase,"Multiword constituent or fragment rather than a standalone lexical noun, verb, adjective, or adverb."
4121,夜里十一点,11:00pm (time),noun,phrase,"Multiword constituent or fragment rather than a standalone lexical noun, verb, adjective, or adverb."
4122,我的手机不比他的手机贵,My phone is no more expensive than his.,phrase,sentence,"Complete statement, question, directive, or conventional utterance; classify the entire Chinese entry."
4123,我的书不如他的书多,My books are not as many as his.,phrase,sentence,"Complete statement, question, directive, or conventional utterance; classify the entire Chinese entry."
4124,我差点通过了HSK六级考试,I almost passed the HSK test for level 6,phrase,sentence,"Complete statement, question, directive, or conventional utterance; classify the entire Chinese entry."
4125,我差点没通过HSK六级考试,I just barely passed the HSK test for level 6,phrase,sentence,"Complete statement, question, directive, or conventional utterance; classify the entire Chinese entry."
4126,过去几天,The past few days,noun,phrase,"Multiword constituent or fragment rather than a standalone lexical noun, verb, adjective, or adverb."
4127,几天前,A few days ago,noun,phrase,"Multiword constituent or fragment rather than a standalone lexical noun, verb, adjective, or adverb."
4128,我做了两个苹果派,I made two apple pies.,phrase,sentence,"Complete statement, question, directive, or conventional utterance; classify the entire Chinese entry."
4129,我明天要去济州岛,I'm going to Jeju Island tomorrow.,phrase,sentence,"Complete statement, question, directive, or conventional utterance; classify the entire Chinese entry."
4131,他学了两年中文,He studied Chinese for two years.,noun,sentence,"Complete statement, question, directive, or conventional utterance; classify the entire Chinese entry."
4132,轮到你了,it’s your turn,noun,sentence,"Complete statement, question, directive, or conventional utterance; classify the entire Chinese entry."
4133,我走了,I'm leaving,noun,sentence,"Complete statement, question, directive, or conventional utterance; classify the entire Chinese entry."
4134,你去吧,you go ahead,noun,sentence,"Complete statement, question, directive, or conventional utterance; classify the entire Chinese entry."
4135,想去就去吧,go if you want to,verb,sentence,"Complete statement, question, directive, or conventional utterance; classify the entire Chinese entry."
4136,一步一步,step by step,noun,phrase,"Multiword constituent or fragment rather than a standalone lexical noun, verb, adjective, or adverb."
4137,逐渐,gradually,noun,adverb,"Adverbial expression, not a noun."
4138,你不是说你一个人可以的吗,Didn’t you say that you can do it alone? (sarcasm),phrase,sentence,"Complete statement, question, directive, or conventional utterance; classify the entire Chinese entry."
4140,碰,touch;bump,noun,verb,Action or process rather than a noun.
4141,你太过分了,you've gone too far,noun,sentence,"Complete statement, question, directive, or conventional utterance; classify the entire Chinese entry."
4142,地铁站离公司多远,How far is the subway station from the company?,phrase,sentence,"Complete statement, question, directive, or conventional utterance; classify the entire Chinese entry."
4145,毫无疑问,no doubt,noun,idiom,Established idiom rather than an ordinary noun.
4146,习以为常,get used to it,verb,idiom,"Established idiom: classify the expression as a whole rather than by its literal noun, adjective, or verb gloss."
4147,无限,unlimited,noun,adjective,Describes a quality or state rather than a noun.
4148,有限,limited,noun,adjective,Describes a quality or state rather than a noun.
4149,频繁,frequent;often,noun,adjective,Describes a quality or state rather than a noun.
4154,大客户,big customer,adjective,noun,"Names an object, person, food, field, or nominal concept; the whole expression is not adjectival or verbal."
4155,磨,grind,noun,verb,Action or process rather than a noun.
4157,照骗,a deceptively flattering or heavily edited photo (slang),adjective,noun,"Names an object, person, food, field, or nominal concept; the whole expression is not adjectival or verbal."
4161,妻子颧骨高 杀夫不用刀,A wife with high cheekbones can kill her husband without a knife,phrase,sentence,"Complete statement, question, directive, or conventional utterance; classify the entire Chinese entry."
4162,重拍,retake (a photo),adjective,verb,Action or process; incorrect adjective/adverb label.
4165,一路顺风,bon voyage;have a good trip,adjective,sentence,"Complete statement, question, directive, or conventional utterance; classify the entire Chinese entry."
4167,甚至,even;so much so that,noun,adverb,"Adverbial expression, not a noun."
4171,小心翼翼,be careful;walk on eggshells,verb,idiom,"Established idiom: classify the expression as a whole rather than by its literal noun, adjective, or verb gloss."
4172,哭笑不得,don't know whether to laugh or cry,noun,idiom,"Established idiom: classify the expression as a whole rather than by its literal noun, adjective, or verb gloss."
4173,离经叛道,unconventional;heretical (e.g. person);rebel against authority,noun,idiom,Established idiom rather than an ordinary noun.
4177,泰铢一停 爱情就停,"When the Thai baht stops, love stops",phrase,sentence,"Complete statement, question, directive, or conventional utterance; classify the entire Chinese entry."
4178,前任,predecessor;ex,adjective,noun,"Names an object, person, food, field, or nominal concept; the whole expression is not adjectival or verbal."
4179,上流社会,high society;upper class,adjective,noun,"Names an object, person, food, field, or nominal concept; the whole expression is not adjectival or verbal."
4180,抢手货,hot item,adjective,noun,"Names an object, person, food, field, or nominal concept; the whole expression is not adjectival or verbal."
4183,怎么回事,What's going on? (e.g. with this person),noun,sentence,"Complete statement, question, directive, or conventional utterance; classify the entire Chinese entry."
4185,一板一眼,very orderly;precise;by the book;one beat one note,adverb,idiom,"Established idiom: classify the expression as a whole rather than by its literal noun, adjective, or verb gloss."
4186,没有规矩 不成方圆,"no rules, no order",phrase,sentence,"Complete statement, question, directive, or conventional utterance; classify the entire Chinese entry."
4187,明目张胆,brazen,noun,idiom,Established idiom rather than an ordinary noun.
4188,试管,test tube;IVF,verb,noun,"Names an object, person, food, field, or nominal concept; the whole expression is not adjectival or verbal."
4191,和蔼可亲,friendly;affable,noun,idiom,Established idiom rather than an ordinary noun.
4192,五十步笑百步,criticizing others for same fault,noun,idiom,"Established idiom: classify the expression as a whole rather than by its literal noun, adjective, or verb gloss."
4193,风土人情,local customs and practices,noun,idiom,Established idiom rather than an ordinary noun.
4201,纪念碑,monument,proper_noun,noun,"Names an object, person, food, field, or nominal concept; the whole expression is not adjectival or verbal."
4203,摇,wag (tail);shake,noun,verb,Action or process rather than a noun.
4204,酒后吐真言,The truth comes out after drinking,noun,sentence,"Complete statement, question, directive, or conventional utterance; classify the entire Chinese entry."
4207,搭讪,chat up;strike up a conversation,noun,verb,Action or process rather than a noun.
4208,添油加醋,embellish a story,noun,idiom,Established idiom rather than an ordinary noun.
4209,闭口不言,keep silent;keep secrets,verb,idiom,"Established idiom: classify the expression as a whole rather than by its literal noun, adjective, or verb gloss."
4211,不懂事儿,ignorant;foolish,noun,adjective,Describes a quality or state rather than a noun.
4212,大同小异,more of the same,adverb,adjective,Describes a state or property rather than functioning as an adverb.
4215,通勤,commute,noun,verb,Action or process rather than a noun.
4216,一颗药,a pill,noun,phrase,"Multiword constituent or fragment rather than a standalone lexical noun, verb, adjective, or adverb."
4218,口气清新,fresh breath,noun,phrase,"Multiword constituent or fragment rather than a standalone lexical noun, verb, adjective, or adverb."
4219,假客气,false politeness,adjective,phrase,"Multiword constituent or fragment rather than a standalone lexical noun, verb, adjective, or adverb."
4220,口是心非,say one thing think another,verb,idiom,"Established idiom: classify the expression as a whole rather than by its literal noun, adjective, or verb gloss."
4221,稍微比较多,slightly more,noun,phrase,"Multiword constituent or fragment rather than a standalone lexical noun, verb, adjective, or adverb."
4222,往厕所跑,run to the toilet,verb,phrase,"Multiword constituent or fragment rather than a standalone lexical noun, verb, adjective, or adverb."
4223,着火了,to be on fire,verb,sentence,"Complete statement, question, directive, or conventional utterance; classify the entire Chinese entry."
4224,时间宝贵,time is precious,noun,phrase,"Multiword constituent or fragment rather than a standalone lexical noun, verb, adjective, or adverb."
4225,哎哟我的妈呀,oh my god,noun,interjection,Conventional exclamation rather than a noun.
4228,男人不喝酒找不到好朋友,a man can't find a good friend without drinking,phrase,sentence,"Complete statement, question, directive, or conventional utterance; classify the entire Chinese entry."
4230,看得出来,it can be seen;I can tell,noun,verb,Action or process rather than a noun.
4231,环城市骑行,cycling around the city,noun,phrase,"Multiword constituent or fragment rather than a standalone lexical noun, verb, adjective, or adverb."
4235,感激,grateful,noun,verb,Action or process rather than a noun.
4237,打不开,cannot open,noun,verb,Action or process rather than a noun.
4239,浪费,waste,noun,verb,Action or process rather than a noun.
4241,过去的,past,noun,phrase,"Multiword constituent or fragment rather than a standalone lexical noun, verb, adjective, or adverb."
4242,一个字都不认识,I don't recognize a single character.,noun,sentence,"Complete statement, question, directive, or conventional utterance; classify the entire Chinese entry."
4247,与此同时,meanwhile;at the same time,noun,adverb,"Adverbial expression, not a noun."
4250,怎么这么,how can it be so...,noun,phrase,"Multiword constituent or fragment rather than a standalone lexical noun, verb, adjective, or adverb."
4252,舔,lick,noun,verb,Action or process rather than a noun.
4254,姿态不好,bad posture,adjective,phrase,"Multiword constituent or fragment rather than a standalone lexical noun, verb, adjective, or adverb."
4257,你觉得呢,what do you think?,noun,sentence,"Complete statement, question, directive, or conventional utterance; classify the entire Chinese entry."
4258,屎拉不出来,cannot poop,noun,sentence,"Complete statement, question, directive, or conventional utterance; classify the entire Chinese entry."
4259,拉不出屎,cannot poop,noun,phrase,"Multiword constituent or fragment rather than a standalone lexical noun, verb, adjective, or adverb."
4261,你的拉布拉多拉的多不多,Does your Labrador poop a lot?,phrase,sentence,"Complete statement, question, directive, or conventional utterance; classify the entire Chinese entry."
4263,难度,difficulty,adjective,noun,"Names an object, person, food, field, or nominal concept; the whole expression is not adjectival or verbal."
4264,光滑,smooth;glossy,noun,adjective,Describes a quality or state rather than a noun.
4265,我拉屎了,I pooped,noun,sentence,"Complete statement, question, directive, or conventional utterance; classify the entire Chinese entry."
4276,杀价,bargaining,noun,verb,Action or process rather than a noun.
4277,吓人的,scary,noun,phrase,"Multiword constituent or fragment rather than a standalone lexical noun, verb, adjective, or adverb."
4278,起不来,can't get up,noun,verb,Action or process rather than a noun.
4279,负面,negative,noun,adjective,Describes a quality or state rather than a noun.
4281,奇葩的人,oddball,noun,phrase,"Multiword constituent or fragment rather than a standalone lexical noun, verb, adjective, or adverb."
4282,闲聊,small talk,adjective,verb,Action or process; incorrect adjective/adverb label.
4283,认出我来了,recognized me,noun,sentence,"Complete statement, question, directive, or conventional utterance; classify the entire Chinese entry."
4284,摇头,shake head,noun,verb,Action or process rather than a noun.
4285,什么意思呢,What does it mean?,noun,sentence,"Complete statement, question, directive, or conventional utterance; classify the entire Chinese entry."
4288,吸尘机,vacuum cleaner,adjective,noun,"Names an object, person, food, field, or nominal concept; the whole expression is not adjectival or verbal."
4291,不环保,not environmentally friendly,noun,adjective,Describes a quality or state rather than a noun.
4298,催眠,hypnosis,noun,verb,Action or process rather than a noun.
4300,无拘无束,unfettered,adjective,idiom,"Established idiom: classify the expression as a whole rather than by its literal noun, adjective, or verb gloss."
4304,梦幻泡影,a dream bubble;pipe dream,noun,idiom,Established idiom rather than an ordinary noun.
4307,感染,infection,noun,verb,Action or process rather than a noun.
4310,别扭,uncomfortable,noun,adjective,Describes a quality or state rather than a noun.
4313,熟悉,familiar;know well,noun,adjective,Describes a quality or state rather than a noun.
4319,月亮上升，太阳下降,The moon rises and the sun sets,phrase,sentence,"Complete statement, question, directive, or conventional utterance; classify the entire Chinese entry."
4320,疲惫,exhausted,noun,adjective,Describes a quality or state rather than a noun.
4322,乐极生悲,Too much joy leads to sorrow,adverb,idiom,"Established idiom: classify the expression as a whole rather than by its literal noun, adjective, or verb gloss."
4323,迷茫,confused,noun,adjective,Describes a quality or state rather than a noun.
4329,好心人,good samaritan;good hearted person,adjective,noun,"Names an object, person, food, field, or nominal concept; the whole expression is not adjectival or verbal."
4331,我都读不来,I can't read it,noun,sentence,"Complete statement, question, directive, or conventional utterance; classify the entire Chinese entry."
4332,入口即化,melts in your mouth,noun,phrase,"Multiword constituent or fragment rather than a standalone lexical noun, verb, adjective, or adverb."
4333,难找,hard to find,noun,adjective,Describes a quality or state rather than a noun.
4337,旧的不去新的不来,the old must go before the new can come,phrase,sentence,"Complete statement, question, directive, or conventional utterance; classify the entire Chinese entry."
4343,不太会说中文,I can't speak Chinese well,noun,phrase,"Multiword constituent or fragment rather than a standalone lexical noun, verb, adjective, or adverb."
4345,那是什么声音,What's that sound?,noun,sentence,"Complete statement, question, directive, or conventional utterance; classify the entire Chinese entry."
4346,渴了吗,Are you thirsty?,noun,sentence,"Complete statement, question, directive, or conventional utterance; classify the entire Chinese entry."
4348,看个人,depends on the individual,noun,phrase,"Multiword constituent or fragment rather than a standalone lexical noun, verb, adjective, or adverb."
4349,做你自己就好,just be yourself,adverb,sentence,"Complete statement, question, directive, or conventional utterance; classify the entire Chinese entry."
4360,马里奥赛车,Mario Kart,noun,proper_noun,"Names a specific person, place, organization, or titled work."
4365,怪不得,no wonder,noun,adverb,"Adverbial expression, not a noun."
4367,治疗,therapy;to treat,noun,verb,Action or process rather than a noun.
4371,热水包治百病,Hot water cures all diseases,adjective,sentence,"Complete statement, question, directive, or conventional utterance; classify the entire Chinese entry."
4379,公共场合秀恩爱,PDA;public displays of affection,noun,phrase,"Multiword constituent or fragment rather than a standalone lexical noun, verb, adjective, or adverb."
4442,西雅图,Seattle,noun,proper_noun,"Names a specific person, place, organization, or titled work."
4445,黄石公园,Yellowstone park,adjective,proper_noun,"Names a specific person, place, organization, or titled work."
4446,优胜美地国家公园,Yosemite national park,phrase,proper_noun,"Names a specific person, place, organization, or titled work."
4459,小火,low heat,adjective,noun,"Names an object, person, food, field, or nominal concept; the whole expression is not adjectival or verbal."
4460,大火,high heat,adjective,noun,"Names an object, person, food, field, or nominal concept; the whole expression is not adjectival or verbal."
4475,秒回,instant reply,noun,verb,Action or process rather than a noun.
4479,冲鸭,let’s go!,noun,sentence,"Complete statement, question, directive, or conventional utterance; classify the entire Chinese entry."
4480,自律到变态,so self-disciplined it’s freaky,noun,sentence,"Complete statement, question, directive, or conventional utterance; classify the entire Chinese entry."
4482,打脸,proven wrong,noun,verb,Action or process rather than a noun.
4486,原地爆炸,explode on the spot (from excitement or anger),noun,phrase,"Multiword constituent or fragment rather than a standalone lexical noun, verb, adjective, or adverb."
4487,社死,super embarrassing;social death,noun,verb,Action or process rather than a noun.
4490,我裂开了,I’m broken (from shock or frustration),noun,sentence,"Complete statement, question, directive, or conventional utterance; classify the entire Chinese entry."
4493,备胎,backup partner,verb,noun,"Names an object, person, food, field, or nominal concept; the whole expression is not adjectival or verbal."
4496,母胎单身,never been in a relationship since birth,adverb,phrase,"Multiword constituent or fragment rather than a standalone lexical noun, verb, adjective, or adverb."
4499,分手快乐,happy breakup,adjective,sentence,"Complete statement, question, directive, or conventional utterance; classify the entire Chinese entry."
4502,壁咚,wall slam;pin to wall,noun,verb,Action or process rather than a noun.
4507,恋爱中,in love,adverb,phrase,"Multiword constituent or fragment rather than a standalone lexical noun, verb, adjective, or adverb."
4508,有情况,there is something going on; there may be a romantic development,adverb,phrase,"Multiword constituent or fragment rather than a standalone lexical noun, verb, adjective, or adverb."
4514,滚床单,roll in the sheets,noun,verb,Action or process rather than a noun.
4515,做运动,do exercise,noun,phrase,"Multiword constituent or fragment rather than a standalone lexical noun, verb, adjective, or adverb."
4517,小弟弟,little brother; young boy; penis (euphemistic or childish),adjective,noun,"Names an object, person, food, field, or nominal concept; the whole expression is not adjectival or verbal."
4524,蛋蛋的忧伤,"a touch of sadness (a humorous pun on 淡淡的忧伤, with 蛋蛋 meaning testicles)",adjective,phrase,"Multiword constituent or fragment rather than a standalone lexical noun, verb, adjective, or adverb."
4528,小妹妹,little sister; young girl; female genitals (euphemistic),adjective,noun,"Names an object, person, food, field, or nominal concept; the whole expression is not adjectival or verbal."
4541,大屁屁,big booty,adjective,noun,"Names an object, person, food, field, or nominal concept; the whole expression is not adjectival or verbal."
4548,掉线,disconnected;mentally checked out,noun,verb,Action or process rather than a noun.
4549,你也太会了吧,"you’re really smooth, huh?",noun,sentence,"Complete statement, question, directive, or conventional utterance; classify the entire Chinese entry."
4550,有被你帅到,I’ve been struck by your handsomeness,noun,sentence,"Complete statement, question, directive, or conventional utterance; classify the entire Chinese entry."
4551,甜死了,too sweet!,adverb,sentence,"Complete statement, question, directive, or conventional utterance; classify the entire Chinese entry."
4552,会哄人,you really know how to sweet talk,noun,phrase,"Multiword constituent or fragment rather than a standalone lexical noun, verb, adjective, or adverb."
4553,你今天好不一样,You're really different today.,adjective,sentence,"Complete statement, question, directive, or conventional utterance; classify the entire Chinese entry."
4555,大数据,big data,adjective,noun,"Names an object, person, food, field, or nominal concept; the whole expression is not adjectival or verbal."
4557,深度学习,deep learning,adjective,noun,"Names an object, person, food, field, or nominal concept; the whole expression is not adjectival or verbal."
4562,测试集,test set,verb,noun,"Names an object, person, food, field, or nominal concept; the whole expression is not adjectival or verbal."
4576,增强学习,reinforcement learning,verb,noun,"Names an object, person, food, field, or nominal concept; the whole expression is not adjectival or verbal."
4579,数据清洗,data cleaning,adjective,noun,"Names an object, person, food, field, or nominal concept; the whole expression is not adjectival or verbal."
4616,滤镜,optical filter; photo or video effect filter,adjective,noun,"Names an object, person, food, field, or nominal concept; the whole expression is not adjectival or verbal."
4624,插入,plug in;insert (data),noun,verb,Action or process rather than a noun.
4634,客户流失预测,customer churn prediction,adjective,noun,"Names an object, person, food, field, or nominal concept; the whole expression is not adjectival or verbal."
4641,信用评分建模,credit scoring modeling,adjective,noun,"Names an object, person, food, field, or nominal concept; the whole expression is not adjectival or verbal."
4643,医疗费用预测,medical cost prediction,adjective,noun,"Names an object, person, food, field, or nominal concept; the whole expression is not adjectival or verbal."
4647,社交媒体情绪分析,social media sentiment analysis,phrase,noun,"Names an object, person, food, field, or nominal concept; the whole expression is not adjectival or verbal."
4648,客户生命周期价值,customer lifetime value,phrase,noun,"Names an object, person, food, field, or nominal concept; the whole expression is not adjectival or verbal."
4656,信用卡欺诈,credit card fraud,adjective,noun,"Names an object, person, food, field, or nominal concept; the whole expression is not adjectival or verbal."
4657,洗钱,money laundering,noun,verb,Action or process rather than a noun.
4659,黑名单,blacklist,adjective,noun,"Names an object, person, food, field, or nominal concept; the whole expression is not adjectival or verbal."
4666,可疑模式,suspicious pattern,noun,phrase,"Multiword constituent or fragment rather than a standalone lexical noun, verb, adjective, or adverb."
4667,人工审核,manual review,noun,phrase,"Multiword constituent or fragment rather than a standalone lexical noun, verb, adjective, or adverb."
4668,自动报警,automatic alert,noun,phrase,"Multiword constituent or fragment rather than a standalone lexical noun, verb, adjective, or adverb."
4673,零下二十度,minus twenty degrees,noun,phrase,"Multiword constituent or fragment rather than a standalone lexical noun, verb, adjective, or adverb."
4675,祈祷,pray,noun,verb,Action or process rather than a noun.
4677,这怎么读,How do you read this?,noun,sentence,"Complete statement, question, directive, or conventional utterance; classify the entire Chinese entry."
4680,还是学习,still learning,adverb,phrase,"Multiword constituent or fragment rather than a standalone lexical noun, verb, adjective, or adverb."
4682,一言为定,It's a deal;promise,noun,idiom,"Established idiom: classify the expression as a whole rather than by its literal noun, adjective, or verb gloss."
4689,国外的月亮比较圆,The moon is rounder abroad,phrase,sentence,"Complete statement, question, directive, or conventional utterance; classify the entire Chinese entry."
4691,中国工商银行,Industrial and Commercial Bank of China,noun,proper_noun,"Names a specific person, place, organization, or titled work."
4692,中国建设银行,China Construction Bank,noun,proper_noun,"Names a specific person, place, organization, or titled work."
4693,中国银行,Bank of China,noun,proper_noun,"Names a specific person, place, organization, or titled work."
4694,中国农业银行,Agricultural Bank of China,noun,proper_noun,"Names a specific person, place, organization, or titled work."
4696,只剩一个,only one left,adverb,phrase,"Multiword constituent or fragment rather than a standalone lexical noun, verb, adjective, or adverb."
4698,来大姨妈,period,noun,verb,Action or process rather than a noun.
4700,好好学习 天天向上,Study hard and make progress every day,phrase,sentence,"Complete statement, question, directive, or conventional utterance; classify the entire Chinese entry."
4704,门灯闪烁 请勿上下车,Door lights flashing. Do not get on or off the vehicle.,phrase,sentence,"Complete statement, question, directive, or conventional utterance; classify the entire Chinese entry."
4705,当心夹手,Be careful of pinching your hands.,verb,sentence,"Complete statement, question, directive, or conventional utterance; classify the entire Chinese entry."
4706,当心间隙,Be careful of gaps.,verb,sentence,"Complete statement, question, directive, or conventional utterance; classify the entire Chinese entry."
4707,禁止倚靠,no leaning,noun,sentence,"Complete statement, question, directive, or conventional utterance; classify the entire Chinese entry."
4708,禁止推动,No pushing,noun,sentence,"Complete statement, question, directive, or conventional utterance; classify the entire Chinese entry."
4710,当心碰头,Be careful of bumping heads,verb,sentence,"Complete statement, question, directive, or conventional utterance; classify the entire Chinese entry."
4711,当心障碍物,Be careful of obstacles,verb,sentence,"Complete statement, question, directive, or conventional utterance; classify the entire Chinese entry."
4712,当心滑跌,Be careful of slipping,verb,sentence,"Complete statement, question, directive, or conventional utterance; classify the entire Chinese entry."
4713,禁止触摸,Do not touch,noun,sentence,"Complete statement, question, directive, or conventional utterance; classify the entire Chinese entry."
4714,禁止吸烟,Smoking is prohibited,noun,sentence,"Complete statement, question, directive, or conventional utterance; classify the entire Chinese entry."
4715,含电子烟,Even electronic cigarettes,noun,phrase,"Multiword constituent or fragment rather than a standalone lexical noun, verb, adjective, or adverb."
4716,违者罚款50-200元,Violators will be fined 50-200 yuan,phrase,sentence,"Complete statement, question, directive, or conventional utterance; classify the entire Chinese entry."
4718,乘梯安全须知,Elevator Safety Tips,adjective,noun,"Names an object, person, food, field, or nominal concept; the whole expression is not adjectival or verbal."
4719,照顾儿童,Take care of children,verb,sentence,"Complete statement, question, directive, or conventional utterance; classify the entire Chinese entry."
4720,请勿低头看手机,Do not look down at your phone,noun,sentence,"Complete statement, question, directive, or conventional utterance; classify the entire Chinese entry."
4721,小心夹脚,Be careful not to pinch your feet,verb,sentence,"Complete statement, question, directive, or conventional utterance; classify the entire Chinese entry."
4722,请勿坐卧,Do not sit or lie down,noun,sentence,"Complete statement, question, directive, or conventional utterance; classify the entire Chinese entry."
4723,握紧扶手带,Hold the handrails tightly,verb,sentence,"Complete statement, question, directive, or conventional utterance; classify the entire Chinese entry."
4724,老人、儿童及行动不方便者需家人监护,"The elderly, children and those with limited mobility need to be supervised by their family members",phrase,sentence,"Complete statement, question, directive, or conventional utterance; classify the entire Chinese entry."
4725,禁止逆行,Do not go against the flow,adjective,sentence,"Complete statement, question, directive, or conventional utterance; classify the entire Chinese entry."
4726,禁止嬉闹,Do not play,noun,sentence,"Complete statement, question, directive, or conventional utterance; classify the entire Chinese entry."
4727,禁止搬运,Do not carry,noun,sentence,"Complete statement, question, directive, or conventional utterance; classify the entire Chinese entry."
4728,禁止使用手推车,Do not use carts,noun,sentence,"Complete statement, question, directive, or conventional utterance; classify the entire Chinese entry."
4729,禁止攀、爬、骑乘扶手带,"Do not climb, crawl or ride on the handrails",phrase,sentence,"Complete statement, question, directive, or conventional utterance; classify the entire Chinese entry."
4730,禁止将头、肢体伸到扶手带外,Do not extend your head or limbs outside the handrails,phrase,sentence,"Complete statement, question, directive, or conventional utterance; classify the entire Chinese entry."
4732,"维护地铁公共安全,严禁携带违禁品进站乘车。","To maintain public safety in the subway, it is strictly forbidden to bring prohibited items into the station and take the train.",phrase,sentence,"Complete statement, question, directive, or conventional utterance; classify the entire Chinese entry."
4733,严禁携带易燃易爆等危险品进站,"It is strictly forbidden to bring flammable, explosive and other dangerous goods into the station",phrase,sentence,"Complete statement, question, directive, or conventional utterance; classify the entire Chinese entry."
4734,禁止烟火,No smoking or open flames.,noun,sentence,"Complete statement, question, directive, or conventional utterance; classify the entire Chinese entry."
4735,禁止堆放,No stacking,noun,sentence,"Complete statement, question, directive, or conventional utterance; classify the entire Chinese entry."
4736,请勿餐饮,No eating or drinking,noun,sentence,"Complete statement, question, directive, or conventional utterance; classify the entire Chinese entry."
4737,请勿穿旱冰鞋,No roller skates,noun,sentence,"Complete statement, question, directive, or conventional utterance; classify the entire Chinese entry."
4738,请勿丢弃废弃物,No discarding of waste,noun,sentence,"Complete statement, question, directive, or conventional utterance; classify the entire Chinese entry."
4739,请勿携带宠物,No pets,noun,sentence,"Complete statement, question, directive, or conventional utterance; classify the entire Chinese entry."
4741,道用消防通道严禁占月,Keep the fire access route clear (probable intended notice; Chinese text is corrupted).,phrase,sentence,"Complete statement, question, directive, or conventional utterance; classify the entire Chinese entry."
4742,禁止停车,No parking,noun,sentence,"Complete statement, question, directive, or conventional utterance; classify the entire Chinese entry."
4743,禁止摆摊,No stalls,noun,sentence,"Complete statement, question, directive, or conventional utterance; classify the entire Chinese entry."
4744,禁止停留,No stopping,noun,sentence,"Complete statement, question, directive, or conventional utterance; classify the entire Chinese entry."
4746,当心滑倒,Beware of slipping,noun,sentence,"Complete statement, question, directive, or conventional utterance; classify the entire Chinese entry."
4747,来也匆匆 去也冲冲,"Come in a hurry, flush when you leave",phrase,sentence,"Complete statement, question, directive, or conventional utterance; classify the entire Chinese entry."
4748,灭烟处,smoke extinguishing area,verb,noun,"Names an object, person, food, field, or nominal concept; the whole expression is not adjectival or verbal."
4753,污染纸张,contaminated paper,noun,phrase,"Multiword constituent or fragment rather than a standalone lexical noun, verb, adjective, or adverb."
4756,破旧陶瓷品,old ceramics,adjective,phrase,"Multiword constituent or fragment rather than a standalone lexical noun, verb, adjective, or adverb."
4763,家用化学品,Household chemicals,adjective,noun,"Names an object, person, food, field, or nominal concept; the whole expression is not adjectival or verbal."
4766,未经许可,Without permission,adverb,phrase,"Multiword constituent or fragment rather than a standalone lexical noun, verb, adjective, or adverb."
4767,禁止放飞无人机等飞行器,It is prohibited to fly drones and other aircraft,phrase,sentence,"Complete statement, question, directive, or conventional utterance; classify the entire Chinese entry."
4769,内有监控,Internal surveillance,noun,sentence,"Complete statement, question, directive, or conventional utterance; classify the entire Chinese entry."
4770,小心玻璃,Be careful of glass,verb,sentence,"Complete statement, question, directive, or conventional utterance; classify the entire Chinese entry."
4771,小心坠落,Be careful of falling,verb,sentence,"Complete statement, question, directive, or conventional utterance; classify the entire Chinese entry."
4772,请勿通过,Do not pass,noun,sentence,"Complete statement, question, directive, or conventional utterance; classify the entire Chinese entry."
4773,"此区域非游乐设施,请看管好儿童","This area is not a recreational facility, please take good care of children",phrase,sentence,"Complete statement, question, directive, or conventional utterance; classify the entire Chinese entry."
4774,请勿在池内 石台表面嬉戏玩耍,Do not play in the pool or on the stone platform,phrase,sentence,"Complete statement, question, directive, or conventional utterance; classify the entire Chinese entry."
4775,注意安全,Be careful,verb,sentence,"Complete statement, question, directive, or conventional utterance; classify the entire Chinese entry."
4776,您已进入监控区域,You have entered the monitoring area,phrase,sentence,"Complete statement, question, directive, or conventional utterance; classify the entire Chinese entry."
4778,水深危险请勿靠近,Do not approach due to the dangerous water depth,phrase,sentence,"Complete statement, question, directive, or conventional utterance; classify the entire Chinese entry."
4779,小心台阶,Be careful of the steps,verb,sentence,"Complete statement, question, directive, or conventional utterance; classify the entire Chinese entry."
4780,小心地滑,Be careful of slippery ground,verb,sentence,"Complete statement, question, directive, or conventional utterance; classify the entire Chinese entry."
4781,禁止乱扔废弃物,no littering,noun,sentence,"Complete statement, question, directive, or conventional utterance; classify the entire Chinese entry."
4782,禁止躺卧,no lying down,noun,sentence,"Complete statement, question, directive, or conventional utterance; classify the entire Chinese entry."
4783,禁止悬吊,no hanging,noun,sentence,"Complete statement, question, directive, or conventional utterance; classify the entire Chinese entry."
4784,使用电子设备禁止外放声音,No external sound from electronic devices,phrase,sentence,"Complete statement, question, directive, or conventional utterance; classify the entire Chinese entry."
4785,便捷换乘,Convenient transfer,noun,phrase,"Multiword constituent or fragment rather than a standalone lexical noun, verb, adjective, or adverb."
4786,插座设置于座垫接缝处前端 请正确使用 防止触电,The socket is located at the front of the seat cushion joint. Please use it correctly to prevent electric shock.,phrase,sentence,"Complete statement, question, directive, or conventional utterance; classify the entire Chinese entry."
4787,请勿坐或搁放重物在桌上,Please do not sit or place heavy objects on the table,phrase,sentence,"Complete statement, question, directive, or conventional utterance; classify the entire Chinese entry."
4789,上车时请注意站台与列车间隙,Please pay attention to the gap between the platform and the train when boarding.,phrase,sentence,"Complete statement, question, directive, or conventional utterance; classify the entire Chinese entry."
4790,请勿行走在防护栏杆外,Do not walk outside the guardrails.,phrase,sentence,"Complete statement, question, directive, or conventional utterance; classify the entire Chinese entry."
4791,请在白色安全线以内排队等候,Please queue up within the white safety line.,phrase,sentence,"Complete statement, question, directive, or conventional utterance; classify the entire Chinese entry."
4792,禁止攀登,No climbing.,noun,sentence,"Complete statement, question, directive, or conventional utterance; classify the entire Chinese entry."
4793,禁止跳下站台,No jumping off the platform.,noun,sentence,"Complete statement, question, directive, or conventional utterance; classify the entire Chinese entry."
4794,消防通道全段禁停,No parking in the entire fire passage,phrase,sentence,"Complete statement, question, directive, or conventional utterance; classify the entire Chinese entry."
4796,耗能低,Low energy consumption,adjective,phrase,"Multiword constituent or fragment rather than a standalone lexical noun, verb, adjective, or adverb."
4797,耗能高,High energy consumption,adjective,phrase,"Multiword constituent or fragment rather than a standalone lexical noun, verb, adjective, or adverb."
4803,外卖立减,Takeaway discount,noun,phrase,"Multiword constituent or fragment rather than a standalone lexical noun, verb, adjective, or adverb."
4804,续住优惠,Extended stay discount,noun,phrase,"Multiword constituent or fragment rather than a standalone lexical noun, verb, adjective, or adverb."
4805,扫码秒连,Scan the QR code to connect in seconds,noun,sentence,"Complete statement, question, directive, or conventional utterance; classify the entire Chinese entry."
4807,消火栓,fire hydrant,verb,noun,"Names an object, person, food, field, or nominal concept; the whole expression is not adjectival or verbal."
4808,灭火器,fire extinguisher,verb,noun,"Names an object, person, food, field, or nominal concept; the whole expression is not adjectival or verbal."
4810,请及时认领,please claim it promptly,noun,sentence,"Complete statement, question, directive, or conventional utterance; classify the entire Chinese entry."
4811,严禁入内园内有恶犬 后果自负,It is strictly forbidden to enter the park. There are vicious dogs in the park. You will be responsible for the consequences.,phrase,sentence,"Complete statement, question, directive, or conventional utterance; classify the entire Chinese entry."
4816,过时了,outdated,noun,sentence,"Complete statement, question, directive, or conventional utterance; classify the entire Chinese entry."
4818,谢谢大哥,thank you brother,noun,sentence,"Complete statement, question, directive, or conventional utterance; classify the entire Chinese entry."
4821,无情,ruthless,noun,adjective,Describes a quality or state rather than a noun.
4824,不急,no rush,noun,phrase,"Multiword constituent or fragment rather than a standalone lexical noun, verb, adjective, or adverb."
4826,手写,handwriting,noun,verb,Action or process rather than a noun.
4829,坚持,insist;persist,noun,verb,Action or process rather than a noun.
4830,配送,delivery,noun,verb,Action or process rather than a noun.
4831,脑子不在线,I'm not thinking clearly; my brain isn't working right now.,adjective,sentence,"Complete statement, question, directive, or conventional utterance; classify the entire Chinese entry."
4832,亚马逊,Amazon,noun,proper_noun,"Names a specific person, place, organization, or titled work."
4833,额外,additional,noun,adjective,Describes a quality or state rather than a noun.
4835,惊人,astonishing;amazing,noun,adjective,Describes a quality or state rather than a noun.
4836,预计,expected,noun,verb,Action or process rather than a noun.
4837,饥渴,hungry and thirsty; craving; sexually frustrated or horny (slang),noun,adjective,Describes a quality or state rather than a noun.
4839,发情,in heat,adverb,verb,Action or process; incorrect adjective/adverb label.
4842,有反应,got a reaction,noun,phrase,"Multiword constituent or fragment rather than a standalone lexical noun, verb, adjective, or adverb."
4844,馋身子,crave someone,noun,phrase,"Multiword constituent or fragment rather than a standalone lexical noun, verb, adjective, or adverb."
4845,临时抱佛脚,cram at the last moment,noun,idiom,"Established idiom: classify the expression as a whole rather than by its literal noun, adjective, or verb gloss."
4846,恐高的人,people who are afraid of heights,noun,phrase,"Multiword constituent or fragment rather than a standalone lexical noun, verb, adjective, or adverb."
4847,海枯石烂,eternal,noun,idiom,Established idiom rather than an ordinary noun.
4848,民不聊生,people suffering greatly,noun,idiom,Established idiom rather than an ordinary noun.
4849,气喘吁吁,out of breath,noun,idiom,Established idiom rather than an ordinary noun.
4852,墨守成规,rigidly conservative,noun,idiom,Established idiom rather than an ordinary noun.
4853,蜻蜓点水,superficial,noun,idiom,Established idiom rather than an ordinary noun.
4854,斤斤计较,petty,noun,idiom,Established idiom rather than an ordinary noun.
4855,毫无道理,makes no sense,noun,phrase,"Multiword constituent or fragment rather than a standalone lexical noun, verb, adjective, or adverb."
4856,虚伪,hypocritical,noun,adjective,Describes a quality or state rather than a noun.
4857,根据,according to,adverb,preposition,Introduces a prepositional phrase.
4858,拜登,Biden,noun,proper_noun,"Names a specific person, place, organization, or titled work."
4859,伯尼 桑德斯,Bernie Sanders,phrase,proper_noun,"Names a specific person, place, organization, or titled work."
4862,高人一等,superior,noun,idiom,Established idiom rather than an ordinary noun.
4866,脆弱,fragile,noun,adjective,Describes a quality or state rather than a noun.
4867,听话,obedient,noun,verb,Action or process rather than a noun.
4868,一颗老鼠屎坏了一锅汤,one bad apple spoils the bunch,phrase,sentence,"Complete statement, question, directive, or conventional utterance; classify the entire Chinese entry."
4874,何乐而不为呢,why not?,noun,sentence,"Complete statement, question, directive, or conventional utterance; classify the entire Chinese entry."
4875,顺水推舟,go with the flow;take advantage of an easy situation,verb,idiom,"Established idiom: classify the expression as a whole rather than by its literal noun, adjective, or verb gloss."
4877,太客气了,you're too kind,adjective,sentence,"Complete statement, question, directive, or conventional utterance; classify the entire Chinese entry."
4878,应付,cope,noun,verb,Action or process rather than a noun.
4881,光明正大,fair and aboveboard,noun,idiom,Established idiom rather than an ordinary noun.
4883,掩人耳目,deceive others,noun,idiom,Established idiom rather than an ordinary noun.
4884,草草了事,rush through work;get done hastily,noun,idiom,"Established idiom: classify the expression as a whole rather than by its literal noun, adjective, or verb gloss."
4885,想想看,think about it,verb,sentence,"Complete statement, question, directive, or conventional utterance; classify the entire Chinese entry."
4887,恶毒,vicious;malicious,noun,adjective,Describes a quality or state rather than a noun.
4889,你最近在忙什么呢,What have you been busy with recently?,phrase,sentence,"Complete statement, question, directive, or conventional utterance; classify the entire Chinese entry."
4890,你家人都还好吧,How is your family?,noun,sentence,"Complete statement, question, directive, or conventional utterance; classify the entire Chinese entry."
4891,你住在杭州什么地方,Where do you live in Hangzhou?,phrase,sentence,"Complete statement, question, directive, or conventional utterance; classify the entire Chinese entry."
4892,你对它有什么印象,What's your impression of it?,phrase,sentence,"Complete statement, question, directive, or conventional utterance; classify the entire Chinese entry."
4893,你在想什么,what's on your mind,noun,sentence,"Complete statement, question, directive, or conventional utterance; classify the entire Chinese entry."
4894,我想让你见一下我的猫,I want you to meet my cat.,phrase,sentence,"Complete statement, question, directive, or conventional utterance; classify the entire Chinese entry."
4895,你来杭州多长时间了,How long have you been in Hangzhou?,phrase,sentence,"Complete statement, question, directive, or conventional utterance; classify the entire Chinese entry."
4896,你习惯中国的生活吗,Are you used to life in China?,phrase,sentence,"Complete statement, question, directive, or conventional utterance; classify the entire Chinese entry."
4897,你都去过中国的哪些地方,Where have you been to in China?,phrase,sentence,"Complete statement, question, directive, or conventional utterance; classify the entire Chinese entry."
4898,你打算在杭州呆多久,How long do you plan to stay in Hangzhou?,phrase,sentence,"Complete statement, question, directive, or conventional utterance; classify the entire Chinese entry."
4899,你平时喜欢做什么,What do you usually like to do?,phrase,sentence,"Complete statement, question, directive, or conventional utterance; classify the entire Chinese entry."
4900,我对中国非常感兴趣,I am very interested in China,phrase,sentence,"Complete statement, question, directive, or conventional utterance; classify the entire Chinese entry."
4901,希望很快能见到你,Hope to see you soon,phrase,sentence,"Complete statement, question, directive, or conventional utterance; classify the entire Chinese entry."
4902,那真是太不行了,That's really not okay; that simply won't do.,noun,sentence,"Complete statement, question, directive, or conventional utterance; classify the entire Chinese entry."
4903,我不觉得那是个好主意,I don't think that's a good idea.,phrase,sentence,"Complete statement, question, directive, or conventional utterance; classify the entire Chinese entry."
4904,这个主意不错,That's a good idea,adjective,sentence,"Complete statement, question, directive, or conventional utterance; classify the entire Chinese entry."
4905,别着急 问题总会解决的,Don't worry it will work out,phrase,sentence,"Complete statement, question, directive, or conventional utterance; classify the entire Chinese entry."
4906,你明白我的意思吗,Do you get me,phrase,sentence,"Complete statement, question, directive, or conventional utterance; classify the entire Chinese entry."
4907,我还是不懂你的意思,I still don't understand what you mean,phrase,sentence,"Complete statement, question, directive, or conventional utterance; classify the entire Chinese entry."
4908,明天可能会下雨,It's probably going to rain tomorrow,noun,sentence,"Complete statement, question, directive, or conventional utterance; classify the entire Chinese entry."
4909,你每天上几个小时的班,How many hours do you work every day?,phrase,sentence,"Complete statement, question, directive, or conventional utterance; classify the entire Chinese entry."
4910,你是什么时候来这家公司的,When did you start to work in this company?,phrase,sentence,"Complete statement, question, directive, or conventional utterance; classify the entire Chinese entry."
4911,你经常来这里吗,Do you come here often?,noun,sentence,"Complete statement, question, directive, or conventional utterance; classify the entire Chinese entry."
4912,你是本地人吗,Are you a local?,noun,sentence,"Complete statement, question, directive, or conventional utterance; classify the entire Chinese entry."
4913,你想和我交换语言吗,Do you want to do a language exchange with me?,phrase,sentence,"Complete statement, question, directive, or conventional utterance; classify the entire Chinese entry."
4914,我学中文学了一年多了,I have studied Chinese for more than a year,phrase,sentence,"Complete statement, question, directive, or conventional utterance; classify the entire Chinese entry."
4916,白色液体,white liquid,adjective,phrase,"Multiword constituent or fragment rather than a standalone lexical noun, verb, adjective, or adverb."
4918,默不作声,remain silent,noun,idiom,Established idiom rather than an ordinary noun.
4919,蹬鼻子上脸,take advantage and push limits,verb,idiom,"Established idiom: classify the expression as a whole rather than by its literal noun, adjective, or verb gloss."
4922,"以武止戈,世界和平",Peace through strength,phrase,sentence,"Complete statement, question, directive, or conventional utterance; classify the entire Chinese entry."
4924,畅销,bestseller,noun,verb,Action or process rather than a noun.
4928,很卡,very laggy; freezing or stuttering (of a device or connection),adverb,phrase,"Multiword constituent or fragment rather than a standalone lexical noun, verb, adjective, or adverb."
4929,脚踏实地,down-to-earth,noun,idiom,Established idiom rather than an ordinary noun.
4930,踏踏实实,down to earth,noun,adjective,Describes a quality or state rather than a noun.
4935,量词,measure word,verb,noun,"Names an object, person, food, field, or nominal concept; the whole expression is not adjectival or verbal."
4941,无缘无故,no cause no reason,noun,idiom,Established idiom rather than an ordinary noun.
4943,唠叨,nagging,noun,verb,Action or process rather than a noun.
4946,乱扔垃圾,littering,noun,phrase,"Multiword constituent or fragment rather than a standalone lexical noun, verb, adjective, or adverb."
4947,赏心悦目,delightful,noun,idiom,Established idiom rather than an ordinary noun.
4948,山姆会员商店,Sam's Club,noun,proper_noun,"Names a specific person, place, organization, or titled work."
4952,下一站公园开左门,Next stop is park door opens on the left,phrase,sentence,"Complete statement, question, directive, or conventional utterance; classify the entire Chinese entry."
4953,开往公园的列车即将进站,The train bound for park is about to arrive at the station,phrase,sentence,"Complete statement, question, directive, or conventional utterance; classify the entire Chinese entry."
4954,"先下后上, 排队上车","Let passengers get off first, then board in an orderly queue.",phrase,sentence,"Complete statement, question, directive, or conventional utterance; classify the entire Chinese entry."
4955,上车请注意脚下间隙,Please pay attention to the clearance under your feet when getting on the bus,phrase,sentence,"Complete statement, question, directive, or conventional utterance; classify the entire Chinese entry."
4956,本次列车终点站公园,This train's final stop is park,phrase,sentence,"Complete statement, question, directive, or conventional utterance; classify the entire Chinese entry."
4957,前往公园方向的乘客请等待后续列车,"Passengers heading to park, please wait for the next train.",phrase,sentence,"Complete statement, question, directive, or conventional utterance; classify the entire Chinese entry."
4958,地铁车厢内禁止躺卧；乞讨；卖艺；推销等影响公共秩序的行为,"Any behavior that disrupts public order, such as lying down, begging, performing arts, or selling goods, is prohibited in subway cars.",phrase,sentence,"Complete statement, question, directive, or conventional utterance; classify the entire Chinese entry."
4959,请您携带很随身物品准备下车,Please prepare to disembark with your belongings.,phrase,sentence,"Complete statement, question, directive, or conventional utterance; classify the entire Chinese entry."
4960,文明乘车，使用手机等电子设备时，请勿外放声音,Please be considerate on the train. Do not play audio aloud on phones or other electronic devices.,phrase,sentence,"Complete statement, question, directive, or conventional utterance; classify the entire Chinese entry."
4961,上车乘客，请尽量往里走,"Passengers boarding the train, please proceed as far as possible to the inside.",phrase,sentence,"Complete statement, question, directive, or conventional utterance; classify the entire Chinese entry."
4962,尊老爱幼，是中华民族的美德，请给有需要的乘客让个座,Respecting the elderly and cherishing the young is a Chinese virtue. Please offer your seat to passengers in need.,phrase,sentence,"Complete statement, question, directive, or conventional utterance; classify the entire Chinese entry."
4963,境外人员住宿登记凭证,registration form of residence for visitors from overseas,phrase,noun,"Names an object, person, food, field, or nominal concept; the whole expression is not adjectival or verbal."
4968,金币,gold coin,adjective,noun,"Names an object, person, food, field, or nominal concept; the whole expression is not adjectival or verbal."
4973,一对三,1 versus 3 game,noun,phrase,"Multiword constituent or fragment rather than a standalone lexical noun, verb, adjective, or adverb."
4977,加速,speed up;boost,noun,verb,Action or process rather than a noun.
4978,减速,slow down,adjective,verb,Action or process; incorrect adjective/adverb label.
4987,漂移,drift,noun,verb,Action or process rather than a noun.
4988,漂移加速,drift boost,noun,phrase,"Multiword constituent or fragment rather than a standalone lexical noun, verb, adjective, or adverb."
4991,红龟壳,red shell,adjective,noun,"Names an object, person, food, field, or nominal concept; the whole expression is not adjectival or verbal."
4992,蓝龟壳,blue shell,adjective,noun,"Names an object, person, food, field, or nominal concept; the whole expression is not adjectival or verbal."
4993,绿龟壳,green shell,adjective,noun,"Names an object, person, food, field, or nominal concept; the whole expression is not adjectival or verbal."
5007,马里奥,Mario,noun,proper_noun,"Names a specific person, place, organization, or titled work."
5008,路易吉,Luigi,noun,proper_noun,"Names a specific person, place, organization, or titled work."
5009,碧琪公主,Princess Peach,noun,proper_noun,"Names a specific person, place, organization, or titled work."
5010,黛西,Daisy,noun,proper_noun,"Names a specific person, place, organization, or titled work."
5011,罗莎塔娜,Rosalina,noun,proper_noun,"Names a specific person, place, organization, or titled work."
5012,奇诺比奥,Toad,noun,proper_noun,"Names a specific person, place, organization, or titled work."
5013,奇诺比珂,Toadette,noun,proper_noun,"Names a specific person, place, organization, or titled work."
5014,耀西,Yoshi,noun,proper_noun,"Names a specific person, place, organization, or titled work."
5015,马里奥派对,Mario party,noun,proper_noun,"Names a specific person, place, organization, or titled work."
5016,瓦里奥,Wario,noun,proper_noun,"Names a specific person, place, organization, or titled work."
5017,瓦路易吉,Waluigi,noun,proper_noun,"Names a specific person, place, organization, or titled work."
5018,库巴,Bowser,noun,proper_noun,"Names a specific person, place, organization, or titled work."
5019,小库巴,Bowser Jr,noun,proper_noun,"Names a specific person, place, organization, or titled work."
5020,大金刚,Donkey Kong,noun,proper_noun,"Names a specific person, place, organization, or titled work."
5026,骨头库巴,Dry Bowser,noun,proper_noun,"Names a specific person, place, organization, or titled work."
5030,伪造证件,fake documents,noun,phrase,"Multiword constituent or fragment rather than a standalone lexical noun, verb, adjective, or adverb."
5041,沃尔玛,Walmart,noun,proper_noun,"Names a specific person, place, organization, or titled work."
5042,家乐福,Carrefour,noun,proper_noun,"Names a specific person, place, organization, or titled work."
5043,麦当劳,McDonald's,noun,proper_noun,"Names a specific person, place, organization, or titled work."
5044,肯德基,KFC,noun,proper_noun,"Names a specific person, place, organization, or titled work."
5045,赛百味,Subway,noun,proper_noun,"Names a specific person, place, organization, or titled work."
5046,星巴克,Starbucks,noun,proper_noun,"Names a specific person, place, organization, or titled work."
5047,必胜客,Pizza Hut,noun,proper_noun,"Names a specific person, place, organization, or titled work."
5048,汉堡王,Burger King,noun,proper_noun,"Names a specific person, place, organization, or titled work."
5049,棒约翰,Papa John's,noun,proper_noun,"Names a specific person, place, organization, or titled work."
5050,达美乐,Domino's Pizza,noun,proper_noun,"Names a specific person, place, organization, or titled work."
5051,DQ,Dairy Queen,noun,proper_noun,"Names a specific person, place, organization, or titled work."
5052,哈根达斯,Häagen-Dazs,noun,proper_noun,"Names a specific person, place, organization, or titled work."
5053,瑞幸咖啡,Luckin Coffee,noun,proper_noun,"Names a specific person, place, organization, or titled work."
5054,COSTA咖啡,Costa Coffee,noun,proper_noun,"Names a specific person, place, organization, or titled work."
5055,喜茶,HeyTea,noun,proper_noun,"Names a specific person, place, organization, or titled work."
5056,奈雪的茶,Naixue's Tea,noun,proper_noun,"Names a specific person, place, organization, or titled work."
5057,85度C,85°C Bakery,noun,proper_noun,"Names a specific person, place, organization, or titled work."
5058,全家便利店,FamilyMart,noun,proper_noun,"Names a specific person, place, organization, or titled work."
5059,7-11,7-Eleven,noun,proper_noun,"Names a specific person, place, organization, or titled work."
5060,罗森,Lawson,noun,proper_noun,"Names a specific person, place, organization, or titled work."
5061,屈臣氏,Watsons,noun,proper_noun,"Names a specific person, place, organization, or titled work."
5062,丝芙兰,Sephora,noun,proper_noun,"Names a specific person, place, organization, or titled work."
5063,优衣库,Uniqlo,noun,proper_noun,"Names a specific person, place, organization, or titled work."
5064,无印良品,Muji,noun,proper_noun,"Names a specific person, place, organization, or titled work."
5065,ZARA,ZARA,noun,proper_noun,"Names a specific person, place, organization, or titled work."
5066,H&M,H&M,noun,proper_noun,"Names a specific person, place, organization, or titled work."
5067,GAP,GAP,noun,proper_noun,"Names a specific person, place, organization, or titled work."
5068,耐克,Nike,noun,proper_noun,"Names a specific person, place, organization, or titled work."
5069,阿迪达斯,Adidas,noun,proper_noun,"Names a specific person, place, organization, or titled work."
5070,彪马,Puma,noun,proper_noun,"Names a specific person, place, organization, or titled work."
5071,锐步,Reebok,noun,proper_noun,"Names a specific person, place, organization, or titled work."
5072,新百伦,New Balance,adjective,proper_noun,"Names a specific person, place, organization, or titled work."
5073,安德玛,Under Armour,noun,proper_noun,"Names a specific person, place, organization, or titled work."
5074,华为,Huawei,noun,proper_noun,"Names a specific person, place, organization, or titled work."
5075,三星,Samsung,noun,proper_noun,"Names a specific person, place, organization, or titled work."
5076,宜家,IKEA,noun,proper_noun,"Names a specific person, place, organization, or titled work."
5077,迪卡侬,Decathlon,noun,proper_noun,"Names a specific person, place, organization, or titled work."
5078,塔可钟,Taco Bell,noun,proper_noun,"Names a specific person, place, organization, or titled work."
5079,外婆家,Grandma’s Home,noun,proper_noun,"Names a specific person, place, organization, or titled work."
5080,海底捞,Haidilao Hot Pot,adjective,proper_noun,"Names a specific person, place, organization, or titled work."
5081,呷哺呷哺,Xiabu Xiabu,noun,proper_noun,"Names a specific person, place, organization, or titled work."
5082,东来顺,Donglaishun,noun,proper_noun,"Names a specific person, place, organization, or titled work."
5083,杨国福,Yang Guofu Malatang,noun,proper_noun,"Names a specific person, place, organization, or titled work."
5084,张亮麻辣烫,Zhang Liang Malatang,noun,proper_noun,"Names a specific person, place, organization, or titled work."
5085,老乡鸡,Laoxiangji,noun,proper_noun,"Names a specific person, place, organization, or titled work."
5086,西贝莜面村,Xibei Oat Noodle Village,noun,proper_noun,"Names a specific person, place, organization, or titled work."
5087,全聚德,Quanjude,noun,proper_noun,"Names a specific person, place, organization, or titled work."
5088,大董,Dadong,noun,proper_noun,"Names a specific person, place, organization, or titled work."
5089,巴奴火锅,Banu Hot Pot,adjective,proper_noun,"Names a specific person, place, organization, or titled work."
5090,德庄火锅,Dezhuang Hot Pot,adjective,proper_noun,"Names a specific person, place, organization, or titled work."
5091,呷尚坊,Xiashangfang,noun,proper_noun,"Names a specific person, place, organization, or titled work."
5092,真功夫,Zhen Gongfu,noun,proper_noun,"Names a specific person, place, organization, or titled work."
5093,永和大王,Yonghe King,noun,proper_noun,"Names a specific person, place, organization, or titled work."
5094,大娘水饺,Daniang Dumplings,noun,proper_noun,"Names a specific person, place, organization, or titled work."
5095,和合谷,Hehegu,noun,proper_noun,"Names a specific person, place, organization, or titled work."
5096,庆丰包子铺,Qingfeng Steamed Buns,noun,proper_noun,"Names a specific person, place, organization, or titled work."
5097,蜜雪冰城,Mixue,noun,proper_noun,"Names a specific person, place, organization, or titled work."
5098,茶颜悦色,Chayan Yuese;Changsha milk tea,noun,proper_noun,"Names a specific person, place, organization, or titled work."
5099,一点点,"Yidiandian (1 Diandian, a tea chain)",noun,proper_noun,"Names a specific person, place, organization, or titled work."
5100,CoCo都可,CoCo Tea,noun,proper_noun,"Names a specific person, place, organization, or titled work."
5101,书亦烧仙草,Shuyi Grass Jelly Tea,noun,proper_noun,"Names a specific person, place, organization, or titled work."
5102,古茗,Guming Tea,noun,proper_noun,"Names a specific person, place, organization, or titled work."
5103,茶百道,ChaBaiDao,noun,proper_noun,"Names a specific person, place, organization, or titled work."
5104,沪上阿姨,Auntie Shanghai,noun,proper_noun,"Names a specific person, place, organization, or titled work."
5105,益禾堂,Yihetang,noun,proper_noun,"Names a specific person, place, organization, or titled work."
5106,蜜菓,Miguo,noun,proper_noun,"Names a specific person, place, organization, or titled work."
5107,豪大大鸡排,Hot-Star Large Fried Chicken,adjective,proper_noun,"Names a specific person, place, organization, or titled work."
5108,正新鸡排,Zhengxin Chicken Steak,noun,proper_noun,"Names a specific person, place, organization, or titled work."
5109,黄记煌,Huangjihuang,noun,proper_noun,"Names a specific person, place, organization, or titled work."
5110,绿茶餐厅,Green Tea Restaurant,adjective,proper_noun,"Names a specific person, place, organization, or titled work."
5111,云海肴,Yunhaiyao,noun,proper_noun,"Names a specific person, place, organization, or titled work."
5112,外婆味道,Grandma’s Flavor,noun,proper_noun,"Names a specific person, place, organization, or titled work."
5113,湘鄂情,Xiang E Qing,noun,proper_noun,"Names a specific person, place, organization, or titled work."
5114,乡村基,Countryside Base,noun,proper_noun,"Names a specific person, place, organization, or titled work."
5115,大米先生,Mr Rice,noun,proper_noun,"Names a specific person, place, organization, or titled work."
5116,霸王茶姬,CHAGEE,noun,proper_noun,"Names a specific person, place, organization, or titled work."
5120,祝酒,(drinking) toast,noun,verb,Action or process rather than a noun.
5127,红酒,red wine,adjective,noun,"Names an object, person, food, field, or nominal concept; the whole expression is not adjectival or verbal."
5130,上菜,serve dishes,noun,verb,Action or process rather than a noun.
5134,敬酒,propose a toast,noun,verb,Action or process rather than a noun.
5138,合影,group photo,adjective,verb,Action or process; incorrect adjective/adverb label.
5143,谢谢你纠正我,thanks for correcting me,noun,sentence,"Complete statement, question, directive, or conventional utterance; classify the entire Chinese entry."
5148,有压力,under pressure; feeling stressed,noun,phrase,"Multiword constituent or fragment rather than a standalone lexical noun, verb, adjective, or adverb."
5160,哇靠,whoa,noun,interjection,Exclamation rather than a noun.
5161,呀,adds emphasis or surprise,interjection,particle,"Sentence-final grammatical particle in the supplied gloss, not an interjection."
5162,呢,indicates continuation or bounces a question back,interjection,particle,"Sentence-final grammatical particle in the supplied gloss, not an interjection."
5163,吧,a suggestion or softens command,interjection,particle,"Sentence-final grammatical particle in the supplied gloss, not an interjection."
5164,哇塞,strong wow;surprise or excitement,adjective,interjection,Conventional exclamation or response.
5165,啊,"enthusiasm, surprise, or confirmation;softens tone",interjection,particle,"Sentence-final grammatical particle in the supplied gloss, not an interjection."
5186,哎哟,"pain, surprise, or complaint",noun,interjection,Exclamation rather than a noun.
5188,哇喔,Expresses admiration or amazement (like “wow!”).,noun,interjection,Exclamation rather than a noun.
5198,哇咧,Colloquial exclamation expressing disbelief or complaint (Taiwan slang).,noun,interjection,Exclamation rather than a noun.
5203,多种包装,variety pack,noun,phrase,"Multiword constituent or fragment rather than a standalone lexical noun, verb, adjective, or adverb."
5206,小玩具,"small toy; sex toy (euphemistic, depending on context)",adjective,noun,"Names an object, person, food, field, or nominal concept; the whole expression is not adjectival or verbal."
5209,攀岩,rock climbing,noun,verb,Action or process rather than a noun.
5211,胡思乱想,daydream or overthink,noun,idiom,Established idiom rather than an ordinary noun.
5214,今年上半年,first half of this year,noun,phrase,"Multiword constituent or fragment rather than a standalone lexical noun, verb, adjective, or adverb."
5219,高潮,high tide; high water; climax; peak; orgasm,adjective,noun,"Names an object, person, food, field, or nominal concept; the whole expression is not adjectival or verbal."
5221,康庄大道,broad and open road;easy future prospects,adjective,noun,"Names an object, person, food, field, or nominal concept; the whole expression is not adjectival or verbal."
5222,你疯了吗,are you crazy?,adjective,sentence,"Complete statement, question, directive, or conventional utterance; classify the entire Chinese entry."
5226,男人因性而爱 女人因爱而性,"men love because of sex, women have sex because of love",phrase,sentence,"Complete statement, question, directive, or conventional utterance; classify the entire Chinese entry."
5229,也就是说,that is to say,noun,phrase,"Multiword constituent or fragment rather than a standalone lexical noun, verb, adjective, or adverb."
5234,闪婚闪离,marrying quickly and divorcing soon afterward,noun,phrase,"Multiword constituent or fragment rather than a standalone lexical noun, verb, adjective, or adverb."
5235,那还用问吗,Is there any need to ask?,noun,sentence,"Complete statement, question, directive, or conventional utterance; classify the entire Chinese entry."
5239,微博,Weibo; microblog,noun,proper_noun,"Names a specific person, place, organization, or titled work."
5241,淘宝,Taobao (online marketplace),noun,proper_noun,"Names a specific person, place, organization, or titled work."
5242,滴滴,DiDi (ride-hailing service),noun,proper_noun,"Names a specific person, place, organization, or titled work."
5244,饿了么,Ele.me (food-delivery service),noun,proper_noun,"Names a specific person, place, organization, or titled work."
5246,美团,Meituan (local services and food-delivery platform),noun,proper_noun,"Names a specific person, place, organization, or titled work."
5247,行 (表格),row (spreadsheet),phrase,noun,"Names an object, person, food, field, or nominal concept; the whole expression is not adjectival or verbal."
5248,小红书,Xiaohongshu (RedNote; social and lifestyle platform),adjective,proper_noun,"Names a specific person, place, organization, or titled work."
5250,哈啰,Hello (formerly Hellobike; shared-mobility service),adjective,proper_noun,"Names a specific person, place, organization, or titled work."
5252,叮咚买菜,Dingdong Maicai (grocery-delivery service),noun,proper_noun,"Names a specific person, place, organization, or titled work."
5254,大众点评,Dianping (local business reviews and recommendations),noun,proper_noun,"Names a specific person, place, organization, or titled work."
5255,京东,JD.com; Jingdong,noun,proper_noun,"Names a specific person, place, organization, or titled work."
5257,盒马,Hema; Freshippo (grocery retailer),noun,proper_noun,"Names a specific person, place, organization, or titled work."
5258,百度,Baidu (search engine and technology company),noun,proper_noun,"Names a specific person, place, organization, or titled work."
5259,高德地图,Amap; Gaode Maps,noun,proper_noun,"Names a specific person, place, organization, or titled work."
5260,天猫,Tmall (online marketplace),noun,proper_noun,"Names a specific person, place, organization, or titled work."
5261,抖音,Douyin (short-video platform),noun,proper_noun,"Names a specific person, place, organization, or titled work."
5262,微信,WeChat,noun,proper_noun,"Names a specific person, place, organization, or titled work."
5263,支付宝,Alipay,noun,proper_noun,"Names a specific person, place, organization, or titled work."
5264,拼多多,Pinduoduo (online shopping platform),noun,proper_noun,"Names a specific person, place, organization, or titled work."
5265,钉钉,DingTalk (workplace communication and collaboration platform),noun,proper_noun,"Names a specific person, place, organization, or titled work."
5266,闲鱼,Xianyu; Idle Fish (secondhand marketplace),noun,proper_noun,"Names a specific person, place, organization, or titled work."
5267,哔哩哔哩,Bilibili (video-sharing platform),noun,proper_noun,"Names a specific person, place, organization, or titled work."
5268,知乎,Zhihu (question-and-answer platform),noun,proper_noun,"Names a specific person, place, organization, or titled work."
5269,去哪儿,Qunar (travel booking platform),noun,proper_noun,"Names a specific person, place, organization, or titled work."
5272,基本上,basically,noun,adverb,"Adverbial expression, not a noun."
5273,振动,vibration,noun,verb,Action or process rather than a noun.
5274,长生不老,live forever and never get old,verb,idiom,"Established idiom: classify the expression as a whole rather than by its literal noun, adjective, or verb gloss."
5279,搬砖,doing dull work daily,noun,verb,Action or process rather than a noun.
5281,世界那么大 我想去看看,"The world is so big, I want to see it",phrase,sentence,"Complete statement, question, directive, or conventional utterance; classify the entire Chinese entry."
5282,佛系,very laid back,adverb,adjective,Describes a state or property rather than functioning as an adverb.
5283,怪我咯,blame me then;it's not my fault,noun,sentence,"Complete statement, question, directive, or conventional utterance; classify the entire Chinese entry."
5284,城里人真会玩儿,satirize someone for being too much;City people really know how to have fun,noun,sentence,"Complete statement, question, directive, or conventional utterance; classify the entire Chinese entry."
5287,你懂的,you know,noun,sentence,"Complete statement, question, directive, or conventional utterance; classify the entire Chinese entry."
5288,可不是吗,isn't it;agreed;right,noun,sentence,"Complete statement, question, directive, or conventional utterance; classify the entire Chinese entry."
5289,厉害了,awesome,noun,sentence,"Complete statement, question, directive, or conventional utterance; classify the entire Chinese entry."
5290,别怂了,Don't be a coward,noun,sentence,"Complete statement, question, directive, or conventional utterance; classify the entire Chinese entry."
5291,别丧了,Don't be sad,adjective,sentence,"Complete statement, question, directive, or conventional utterance; classify the entire Chinese entry."
5292,累觉不爱,too tired can't continue to love,adverb,phrase,"Multiword constituent or fragment rather than a standalone lexical noun, verb, adjective, or adverb."
5293,生无可恋,life is hopeless;nothing else to live for,noun,phrase,"Multiword constituent or fragment rather than a standalone lexical noun, verb, adjective, or adverb."
5295,土豪,local tycoon;someone who suddenly gets rich and spends a lot,adjective,noun,"Names an object, person, food, field, or nominal concept; the whole expression is not adjectival or verbal."
5297,拜金女,golddigger,adjective,noun,"Names an object, person, food, field, or nominal concept; the whole expression is not adjectival or verbal."
5299,撒狗粮,scatter dog food;showing affection publicly,noun,verb,Action or process rather than a noun.
5301,尊嘟假嘟,real or fake,noun,sentence,"Complete statement, question, directive, or conventional utterance; classify the entire Chinese entry."
5302,双向奔赴,mutual effort and commitment; moving toward each other,noun,phrase,"Multiword constituent or fragment rather than a standalone lexical noun, verb, adjective, or adverb."
5305,牛逼,really awesome,noun,adjective,Describes a quality or state rather than a noun.
5308,找茬,pick a fight,noun,verb,Action or process rather than a noun.
5310,兜圈子,beat around the bush,noun,verb,Action or process rather than a noun.
5312,呀米呀米,yummy yummy,noun,interjection,Conventional exclamation rather than a noun.
5313,三分钟热度,lose interest quickly,verb,idiom,"Established idiom: classify the expression as a whole rather than by its literal noun, adjective, or verb gloss."
5314,别乌鸦嘴,don't jinx it;don't be such a pessimist,noun,sentence,"Complete statement, question, directive, or conventional utterance; classify the entire Chinese entry."
5338,掉毛,shedding,noun,verb,Action or process rather than a noun.
5357,粘人,clingy,noun,adjective,Describes a quality or state rather than a noun.
5358,高冷,aloof,noun,adjective,Describes a quality or state rather than a noun.
5359,小鱼干,small dried fish,adjective,noun,"Names an object, person, food, field, or nominal concept; the whole expression is not adjectival or verbal."
5363,舔爪子,lick paws,noun,phrase,"Multiword constituent or fragment rather than a standalone lexical noun, verb, adjective, or adverb."
5368,"如果你可以选择世界上任何一个人共进晚餐, 你会选择谁？","Given the choice of anyone in the world, whom would you want as a dinner guest?",phrase,sentence,"Complete statement, question, directive, or conventional utterance; classify the entire Chinese entry."
5369,你想出名吗？以什么方式？,Would you like to be famous? In what way?,phrase,sentence,"Complete statement, question, directive, or conventional utterance; classify the entire Chinese entry."
5370,"在打电话之前, 你会不会预演要说的话？为什么？","Before making a telephone call, do you ever rehearse what you are going to say? Why?",phrase,sentence,"Complete statement, question, directive, or conventional utterance; classify the entire Chinese entry."
5371,"对你来说, 什么才算是“一天的完美”？",What would constitute a “perfect” day for you?,phrase,sentence,"Complete statement, question, directive, or conventional utterance; classify the entire Chinese entry."
5372,你上次自己唱歌是什么时候？给别人唱呢？,When did you last sing to yourself? To someone else?,phrase,sentence,"Complete statement, question, directive, or conventional utterance; classify the entire Chinese entry."
5374,你有没有预感自己会怎样死去？,Do you have a secret hunch about how you will die?,phrase,sentence,"Complete statement, question, directive, or conventional utterance; classify the entire Chinese entry."
5375,说出三件你和你的伴侣看起来有共同点的事情。,Name three things you and your partner appear to have in common.,phrase,sentence,"Complete statement, question, directive, or conventional utterance; classify the entire Chinese entry."
5376,"在你的人生中, 你最感激的是什么？",For what in your life do you feel most grateful?,phrase,sentence,"Complete statement, question, directive, or conventional utterance; classify the entire Chinese entry."
5377,"如果你能改变你成长过程中的任何一点, 你会改变什么？","If you could change anything about the way you were raised, what would it be?",phrase,sentence,"Complete statement, question, directive, or conventional utterance; classify the entire Chinese entry."
5378,用四分钟尽可能详细地讲述你的人生故事。,Take four minutes and tell your partner your life story in as much detail as possible.,phrase,sentence,"Complete statement, question, directive, or conventional utterance; classify the entire Chinese entry."
5379,"如果明天醒来时, 你能获得一种新的品质或能力, 那会是什么？","If you could wake up tomorrow having gained any one quality or ability, what would it be?",phrase,sentence,"Complete statement, question, directive, or conventional utterance; classify the entire Chinese entry."
5380,"如果水晶球能告诉你关于自己, 生活, 未来或其他任何事情的真相, 你最想知道什么？","If a crystal ball could tell you the truth about yourself, your life, the future or anything else, what would you want to know?",phrase,sentence,"Complete statement, question, directive, or conventional utterance; classify the entire Chinese entry."
5381,有没有什么事是你一直梦想去做的？为什么还没做？,Is there something that you’ve dreamed of doing for a long time? Why haven’t you done it?,phrase,sentence,"Complete statement, question, directive, or conventional utterance; classify the entire Chinese entry."
5382,你一生中最伟大的成就是什么？,What is the greatest accomplishment of your life?,phrase,sentence,"Complete statement, question, directive, or conventional utterance; classify the entire Chinese entry."
5383,你在友谊中最看重的是什么？,What do you value most in a friendship?,phrase,sentence,"Complete statement, question, directive, or conventional utterance; classify the entire Chinese entry."
5384,你最珍惜的记忆是什么？,What is your most treasured memory?,phrase,sentence,"Complete statement, question, directive, or conventional utterance; classify the entire Chinese entry."
5385,你最痛苦的记忆是什么？,What is your most terrible memory?,phrase,sentence,"Complete statement, question, directive, or conventional utterance; classify the entire Chinese entry."
5386,"如果你知道自己一年后会突然死去, 你会改变现在的生活方式吗？为什么？","If you knew that in one year you would die suddenly, would you change anything about the way you are now living? Why?",phrase,sentence,"Complete statement, question, directive, or conventional utterance; classify the entire Chinese entry."
5387,友谊对你来说意味着什么？,What does friendship mean to you?,phrase,sentence,"Complete statement, question, directive, or conventional utterance; classify the entire Chinese entry."
5388,爱情和感情在你的生活中扮演什么角色？,What roles do love and affection play in your life?,phrase,sentence,"Complete statement, question, directive, or conventional utterance; classify the entire Chinese entry."
5389,"轮流说出你认为伴侣的一个优点, 总共说五个。",Alternate sharing something you consider a positive characteristic of your partner. Share a total of five items.,phrase,sentence,"Complete statement, question, directive, or conventional utterance; classify the entire Chinese entry."
5390,你的家庭亲密又温暖吗？你觉得你的童年比大多数人更快乐吗？,How close and warm is your family? Do you feel your childhood was happier than most other people’s?,phrase,sentence,"Complete statement, question, directive, or conventional utterance; classify the entire Chinese entry."
5391,你对你和母亲的关系有什么感觉？,How do you feel about your relationship with your mother?,phrase,sentence,"Complete statement, question, directive, or conventional utterance; classify the entire Chinese entry."
5392,"每个人各说三个真实的“我们”句子。例如：“我们都在这个房间里, 感觉……”","Make three true “we” statements each. For instance, “We are both in this room feeling ...”",phrase,sentence,"Complete statement, question, directive, or conventional utterance; classify the entire Chinese entry."
5393,完成这个句子：“我希望我有一个可以一起分享……的人。”,Complete this sentence: “I wish I had someone with whom I could share ... “,phrase,sentence,"Complete statement, question, directive, or conventional utterance; classify the entire Chinese entry."
5394,"如果你要和伴侣成为亲密朋友, 请分享让对方了解你的一件重要事情。","If you were going to become a close friend with your partner, please share what would be important for him or her to know.",phrase,sentence,"Complete statement, question, directive, or conventional utterance; classify the entire Chinese entry."
5396,和伴侣分享一件让你尴尬的事情。,Share with your partner an embarrassing moment in your life.,phrase,sentence,"Complete statement, question, directive, or conventional utterance; classify the entire Chinese entry."
5397,你上次在别人面前哭是什么时候？自己一个人哭呢？,When did you last cry in front of another person? By yourself?,phrase,sentence,"Complete statement, question, directive, or conventional utterance; classify the entire Chinese entry."
5398,告诉你的伴侣一件你已经喜欢上他们的事情。,Tell your partner something that you like about them already.,phrase,sentence,"Complete statement, question, directive, or conventional utterance; classify the entire Chinese entry."
5399,有没有什么事情是太严肃而不能开玩笑的？,"What, if anything, is too serious to be joked about?",phrase,sentence,"Complete statement, question, directive, or conventional utterance; classify the entire Chinese entry."
5400,"如果你今晚去世, 无法再与任何人沟通, 你最会后悔没告诉谁什么？为什么还没告诉？","If you were to die this evening with no opportunity to communicate with anyone, what would you most regret not having told someone? Why haven’t you told them yet?",phrase,sentence,"Complete statement, question, directive, or conventional utterance; classify the entire Chinese entry."
5401,"如果你的房子着火了, 里面的东西都要烧毁, 救出亲人和宠物后, 你还有时间再救出一件物品, 你会救什么？为什么？","Your house, containing everything you own, catches fire. After saving your loved ones and pets, you have time to safely make a final dash to save any one item. What would it be? Why?",phrase,sentence,"Complete statement, question, directive, or conventional utterance; classify the entire Chinese entry."
5402,"在你家人中, 谁的去世对你来说最难接受？为什么？","Of all the people in your family, whose death would you find most disturbing? Why?",phrase,sentence,"Complete statement, question, directive, or conventional utterance; classify the entire Chinese entry."
5403,"分享一个你个人的问题, 请你的伴侣给出建议, 并让他们说说他们认为你对这个问题的感受。","Share a personal problem and ask your partner’s advice on how he or she might handle it. Also, ask your partner to reflect back to you how you seem to be feeling about the problem you have chosen.",phrase,sentence,"Complete statement, question, directive, or conventional utterance; classify the entire Chinese entry."
5406,下头了,turned off,noun,sentence,"Complete statement, question, directive, or conventional utterance; classify the entire Chinese entry."
5407,太逗了,so funny;ridiculous in a good way,adjective,sentence,"Complete statement, question, directive, or conventional utterance; classify the entire Chinese entry."
5408,"你的钱在哪儿, 你的爱在哪儿","Where your money is, there your love is.",phrase,sentence,"Complete statement, question, directive, or conventional utterance; classify the entire Chinese entry."
5409,你的时间在哪儿，你的成就就在哪儿,"Where your time goes, your success follows.",phrase,sentence,"Complete statement, question, directive, or conventional utterance; classify the entire Chinese entry."
5410,你的注意力在哪儿，你的人生就在哪儿,"Where your attention goes, that’s where your life is.",phrase,sentence,"Complete statement, question, directive, or conventional utterance; classify the entire Chinese entry."
5411,你的心在哪儿，你的家就在哪儿,"Where your heart is, there your home is.",phrase,sentence,"Complete statement, question, directive, or conventional utterance; classify the entire Chinese entry."
5412,钱花在哪儿，爱就在哪儿,"Where you spend your money, that’s where your love is.",phrase,sentence,"Complete statement, question, directive, or conventional utterance; classify the entire Chinese entry."
5413,习近平,Xi Jinping,noun,proper_noun,"Names a specific person, place, organization, or titled work."
5414,特朗普,Trump,noun,proper_noun,"Names a specific person, place, organization, or titled work."
5415,普京,Putin,noun,proper_noun,"Names a specific person, place, organization, or titled work."
5416,马云,Jack Ma,noun,proper_noun,"Names a specific person, place, organization, or titled work."
5417,马化腾,Pony Ma,noun,proper_noun,"Names a specific person, place, organization, or titled work."
5418,周杰伦,Jay Chou,noun,proper_noun,"Names a specific person, place, organization, or titled work."
5419,成龙,Jackie Chan,noun,proper_noun,"Names a specific person, place, organization, or titled work."
5420,李连杰,Jet Li,noun,proper_noun,"Names a specific person, place, organization, or titled work."
5421,刘德华,Andy Lau,noun,proper_noun,"Names a specific person, place, organization, or titled work."
5422,王力宏,Leehom Wang,noun,proper_noun,"Names a specific person, place, organization, or titled work."
5423,毛泽东,Mao Zedong,noun,proper_noun,"Names a specific person, place, organization, or titled work."
5424,邓小平,Deng Xiaoping,noun,proper_noun,"Names a specific person, place, organization, or titled work."
5425,马斯克,Elon Musk,noun,proper_noun,"Names a specific person, place, organization, or titled work."
5426,霉霉,Taylor Swift,noun,proper_noun,"Names a specific person, place, organization, or titled work."
5427,詹姆斯,James; LeBron James (in basketball contexts),noun,proper_noun,"Names a specific person, place, organization, or titled work."
5428,科比,Kobe Bryant,noun,proper_noun,"Names a specific person, place, organization, or titled work."
5429,姚明,Yao Ming,noun,proper_noun,"Names a specific person, place, organization, or titled work."
5430,斯蒂芬·库里,Steph Curry,noun,proper_noun,"Names a specific person, place, organization, or titled work."
5432,南京红姐,Nanjing Red Sister,adjective,proper_noun,"Names a specific person, place, organization, or titled work."
5433,约炮,hook up,noun,verb,Action or process rather than a noun.
5435,舌吻,french kiss,noun,verb,Action or process rather than a noun.
5437,什么东西,what; what thing; what the heck (depending on tone),noun,phrase,"Multiword constituent or fragment rather than a standalone lexical noun, verb, adjective, or adverb."
5439,黑红,infamy,noun,adjective,Describes a quality or state rather than a noun.
5440,已订婚,engaged,noun,phrase,"Multiword constituent or fragment rather than a standalone lexical noun, verb, adjective, or adverb."
5442,不欢而散,end on bad terms,adjective,idiom,"Established idiom: classify the expression as a whole rather than by its literal noun, adjective, or verb gloss."
5443,避而不谈,Avoid talking about it,verb,idiom,"Established idiom: classify the expression as a whole rather than by its literal noun, adjective, or verb gloss."
5444,挂在嘴边,always talk about,adverb,phrase,"Multiword constituent or fragment rather than a standalone lexical noun, verb, adjective, or adverb."
5446,射精,ejaculation,noun,verb,Action or process rather than a noun.
5449,关了灯，都一个样,"When you turn off the lights, everyone looks the same",phrase,sentence,"Complete statement, question, directive, or conventional utterance; classify the entire Chinese entry."
5450,你情我愿,mutually agreeable,noun,phrase,"Multiword constituent or fragment rather than a standalone lexical noun, verb, adjective, or adverb."
5454,所谓,so-called,noun,phrase,"Multiword constituent or fragment rather than a standalone lexical noun, verb, adjective, or adverb."
5457,职业前期,early career,noun,phrase,"Multiword constituent or fragment rather than a standalone lexical noun, verb, adjective, or adverb."
5458,"一人一诊,他人就诊时请勿入内",One person per consultation; please do not enter when others are seeing the doctor,phrase,sentence,"Complete statement, question, directive, or conventional utterance; classify the entire Chinese entry."
5459,"当日回诊及过号者,请重新签到",Those returning the same day or who missed their number please sign in again,phrase,sentence,"Complete statement, question, directive, or conventional utterance; classify the entire Chinese entry."
5460,请以下患者到窗口排队取药,Please have the following patients line up at the window to get their medicine,phrase,sentence,"Complete statement, question, directive, or conventional utterance; classify the entire Chinese entry."
5461,签到区域错误,Sign-in area error,noun,sentence,"Complete statement, question, directive, or conventional utterance; classify the entire Chinese entry."
5465,就诊,see a doctor,noun,verb,Action or process rather than a noun.
5467,签到,sign in,noun,verb,Action or process rather than a noun.
5468,请到,please go to,noun,phrase,"Multiword constituent or fragment rather than a standalone lexical noun, verb, adjective, or adverb."
5470,输血,blood transfusion,noun,verb,Action or process rather than a noun.
5501,静脉置管护理门诊,intravenous catheter care clinic,phrase,noun,"Names an object, person, food, field, or nominal concept; the whole expression is not adjectival or verbal."
5502,伤口造口护理门诊,wound and stoma care clinic,phrase,noun,"Names an object, person, food, field, or nominal concept; the whole expression is not adjectival or verbal."
5505,康复,rehabilitation,noun,verb,Action or process rather than a noun.
5506,核医学科,nuclear medicine,adjective,noun,"Names an object, person, food, field, or nominal concept; the whole expression is not adjectival or verbal."
5543,输液,infusion;I.V.,noun,verb,Action or process rather than a noun.
5544,注射,injection,noun,verb,Action or process rather than a noun.
5554,小伙子,young man,adjective,noun,"Names an object, person, food, field, or nominal concept; the whole expression is not adjectival or verbal."
5565,令人恐惧,frightening,noun,phrase,"Multiword constituent or fragment rather than a standalone lexical noun, verb, adjective, or adverb."
5567,解读,interpretation;to interpret,noun,verb,Action or process rather than a noun.
5570,依靠,rely on,noun,verb,Action or process rather than a noun.
5576,明知,knowingly,noun,verb,Action or process rather than a noun.
5578,夸大,exaggeration;to exaggerate,noun,verb,Action or process rather than a noun.
5579,来都来了,since you're here anyway,noun,phrase,"Multiword constituent or fragment rather than a standalone lexical noun, verb, adjective, or adverb."
5583,多维,multidimensional,noun,adjective,Describes a quality or state rather than a noun.
5624,吓死,frighten to death,noun,verb,Action or process rather than a noun.
5625,忙死,extremely busy,adverb,phrase,"Multiword constituent or fragment rather than a standalone lexical noun, verb, adjective, or adverb."
5626,饿死,starve to death,noun,verb,Action or process rather than a noun.
5627,累死,deathly tired,adjective,phrase,"Multiword constituent or fragment rather than a standalone lexical noun, verb, adjective, or adverb."
5655,看不清楚,unable to see clearly,adjective,phrase,"Multiword constituent or fragment rather than a standalone lexical noun, verb, adjective, or adverb."
5656,三角恋情,love triangle,verb,noun,"Names an object, person, food, field, or nominal concept; the whole expression is not adjectival or verbal."
5662,受不了的,unbearable,noun,phrase,"Multiword constituent or fragment rather than a standalone lexical noun, verb, adjective, or adverb."
5666,外国的月亮比较圆,grass is greener elsewhere,phrase,sentence,"Complete statement, question, directive, or conventional utterance; classify the entire Chinese entry."
5671,平地人,lowland people,adjective,noun,"Names an object, person, food, field, or nominal concept; the whole expression is not adjectival or verbal."
5675,发生了什么,what happened,noun,sentence,"Complete statement, question, directive, or conventional utterance; classify the entire Chinese entry."
5680,银联,UnionPay,noun,proper_noun,"Names a specific person, place, organization, or titled work."
5681,冷门,less popular; niche; unexpected winner or upset,adverb,adjective,Describes a state or property rather than functioning as an adverb.
5683,抓住机会,seize the chance,noun,phrase,"Multiword constituent or fragment rather than a standalone lexical noun, verb, adjective, or adverb."
5684,黄金周,Golden Week,adjective,noun,"Names an object, person, food, field, or nominal concept; the whole expression is not adjectival or verbal."
5685,非凡,extraordinary,noun,adjective,Describes a quality or state rather than a noun.
5686,顾客是上帝,the customer is God,noun,sentence,"Complete statement, question, directive, or conventional utterance; classify the entire Chinese entry."
5691,超过,exceed,noun,verb,Action or process rather than a noun.
5693,成家立业,start a family and build a career,verb,idiom,"Established idiom: classify the expression as a whole rather than by its literal noun, adjective, or verb gloss."
5694,聊到我,talking about me,noun,phrase,"Multiword constituent or fragment rather than a standalone lexical noun, verb, adjective, or adverb."
5695,反正,anyway,noun,adverb,"Adverbial expression, not a noun."
5703,我想提高我的中文,I want to improve my Chinese,phrase,sentence,"Complete statement, question, directive, or conventional utterance; classify the entire Chinese entry."
5705,光耀门楣,to bring honor to one's family,verb,idiom,"Established idiom: classify the expression as a whole rather than by its literal noun, adjective, or verb gloss."
5719,脸书,Facebook,noun,proper_noun,"Names a specific person, place, organization, or titled work."
5720,冰柜,freezer,adjective,noun,"Names an object, person, food, field, or nominal concept; the whole expression is not adjectival or verbal."
5721,食材,(food) ingredients,adjective,noun,"Names an object, person, food, field, or nominal concept; the whole expression is not adjectival or verbal."
5725,吃到饱,all you can eat,noun,phrase,"Multiword constituent or fragment rather than a standalone lexical noun, verb, adjective, or adverb."
5731,泡泡玛特,Pop Mart,noun,proper_noun,"Names a specific person, place, organization, or titled work."
5732,拉布布,Labubu,noun,proper_noun,"Names a specific person, place, organization, or titled work."
5733,冷清,deserted,noun,adjective,Describes a quality or state rather than a noun.
5736,依偎,snuggle,noun,verb,Action or process rather than a noun.
5737,搂抱,cuddle,noun,verb,Action or process rather than a noun.
5761,游泳,swim,noun,verb,Action or process rather than a noun.
5767,堂吉柯德,Don Quixote,noun,proper_noun,"Names a specific person, place, organization, or titled work."
5782,长白山,Changbai Mountain,noun,proper_noun,"Names a specific person, place, organization, or titled work."
5809,美少女战士,Sailor Moon,noun,proper_noun,"Names a specific person, place, organization, or titled work."
5817,馍,flatbread;small steamed bread,adjective,noun,"Names an object, person, food, field, or nominal concept; the whole expression is not adjectival or verbal."
5821,白骨精,White Bone Spirit,adjective,proper_noun,"Names a specific person, place, organization, or titled work."
5829,私奔,elope,noun,verb,Action or process rather than a noun.
5831,熄火,stall out;to go out,noun,verb,Action or process rather than a noun.
5833,奶粉,infant formula;powdered milk,adjective,noun,"Names an object, person, food, field, or nominal concept; the whole expression is not adjectival or verbal."
5835,发射,launch,noun,verb,Action or process rather than a noun.
5841,奥特曼,Ultraman,noun,proper_noun,"Names a specific person, place, organization, or titled work."
5853,鱼香肉丝,fish-flavored shredded pork,adjective,noun,"Names an object, person, food, field, or nominal concept; the whole expression is not adjectival or verbal."
5854,整容,plastic surgery,noun,verb,Action or process rather than a noun.
5859,小明,Xiao Ming (simple name),adjective,proper_noun,"Names a specific person, place, organization, or titled work."
5876,加菲猫,Garfield,noun,proper_noun,"Names a specific person, place, organization, or titled work."
5897,维纳斯,Venus,noun,proper_noun,"Names a specific person, place, organization, or titled work."
5903,酒店,hotel,adjective,noun,"Names an object, person, food, field, or nominal concept; the whole expression is not adjectival or verbal."
5905,太上皇,retired emperor,adjective,noun,"Names an object, person, food, field, or nominal concept; the whole expression is not adjectival or verbal."
5906,美白,whitening,adjective,verb,Action or process; incorrect adjective/adverb label.
5909,辞海,Cihai dictionary,noun,proper_noun,"Names a specific person, place, organization, or titled work."
5910,囧,embarrassed,noun,adjective,Describes a quality or state rather than a noun.
5922,醉,drunk,noun,adjective,Describes a quality or state rather than a noun.
5957,黄飞鸿,Wong Fei-hung (martial artist),noun,proper_noun,"Names a specific person, place, organization, or titled work."
5965,歌舞升平,peace and prosperity,noun,idiom,Established idiom rather than an ordinary noun.
5967,理财,financial management,noun,verb,Action or process rather than a noun.
5971,模糊,vague;blurry,noun,adjective,Describes a quality or state rather than a noun.
5973,休战,truce,noun,verb,Action or process rather than a noun.
5974,停战,armistice;truce;ceasefire,noun,verb,Action or process rather than a noun.
5975,层出不穷,emerging endlessly,noun,idiom,Established idiom rather than an ordinary noun.
5981,乱七八糟,messy,noun,idiom,Established idiom rather than an ordinary noun.
5983,白领,white-collar worker,adjective,noun,"Names an object, person, food, field, or nominal concept; the whole expression is not adjectival or verbal."
5985,入乡随俗,when in Rome do as Romans do,noun,idiom,Established idiom rather than an ordinary noun.
5987,百忙之中,despite being busy,adjective,phrase,"Multiword constituent or fragment rather than a standalone lexical noun, verb, adjective, or adverb."
5988,非诚勿扰,serious inquiries only,adjective,sentence,"Complete statement, question, directive, or conventional utterance; classify the entire Chinese entry."
5992,洗耳恭听,listen attentively,verb,idiom,"Established idiom: classify the expression as a whole rather than by its literal noun, adjective, or verb gloss."
5997,主要,mainly,noun,adjective,Describes a quality or state rather than a noun.
6002,越来越常见,increasingly common,noun,phrase,"Multiword constituent or fragment rather than a standalone lexical noun, verb, adjective, or adverb."
6003,谁有空谁做,whoever’s free does it,adjective,sentence,"Complete statement, question, directive, or conventional utterance; classify the entire Chinese entry."
6006,不管发生什么,no matter what happens,noun,phrase,"Multiword constituent or fragment rather than a standalone lexical noun, verb, adjective, or adverb."
6008,一家四口,family of four,noun,phrase,"Multiword constituent or fragment rather than a standalone lexical noun, verb, adjective, or adverb."
6009,幸福快乐,happiness and joy,noun,phrase,"Multiword constituent or fragment rather than a standalone lexical noun, verb, adjective, or adverb."
6010,能走多久就走多久,to keep walking for as long as one can,phrase,sentence,"Complete statement, question, directive, or conventional utterance; classify the entire Chinese entry."
6012,结婚容易离婚难,easy to marry; hard to divorce,adjective,sentence,"Complete statement, question, directive, or conventional utterance; classify the entire Chinese entry."
6014,我去,oh my god;damn,noun,interjection,Conventional exclamation rather than a noun.
6015,服从,obedient;obey,noun,verb,Action or process rather than a noun.
6017,打成一片,to mingle closely with; to become part of a group,verb,idiom,"Established idiom: classify the expression as a whole rather than by its literal noun, adjective, or verb gloss."
6020,邋遢,sloppy;messy,noun,adjective,Describes a quality or state rather than a noun.
6023,嫉妒,envy;jealous,noun,verb,Action or process rather than a noun.
6025,令人讨厌,disgusting;annoying,noun,phrase,"Multiword constituent or fragment rather than a standalone lexical noun, verb, adjective, or adverb."
6026,装逼,pretentious;to show off,noun,verb,Action or process rather than a noun.
6028,劝酒,pressure to drink,noun,verb,Action or process rather than a noun.
6029,道德绑架,moral blackmail;guilt-trip,adjective,verb,Action or process; incorrect adjective/adverb label.
6031,都能忍受,can tolerate anything,verb,phrase,"Multiword constituent or fragment rather than a standalone lexical noun, verb, adjective, or adverb."
6032,脏话,bad language;cursing,adjective,noun,"Names an object, person, food, field, or nominal concept; the whole expression is not adjectival or verbal."
6036,请你小一点声,please lower your voice,adjective,sentence,"Complete statement, question, directive, or conventional utterance; classify the entire Chinese entry."
6041,大吵大闹,making a scene;loud,noun,idiom,Established idiom rather than an ordinary noun.
6049,洁癖,an obsession with cleanliness; excessive concern about dirt,adjective,noun,"Names an object, person, food, field, or nominal concept; the whole expression is not adjectival or verbal."
6053,嫩草,young person,adjective,noun,"Names an object, person, food, field, or nominal concept; the whole expression is not adjectival or verbal."
6060,般配,well-matched,noun,adjective,Describes a quality or state rather than a noun.
6062,还行吧,it's alright;not bad,adjective,sentence,"Complete statement, question, directive, or conventional utterance; classify the entire Chinese entry."
6063,自学的,self-taught,noun,phrase,"Multiword constituent or fragment rather than a standalone lexical noun, verb, adjective, or adverb."
6174,内蒙古自治区,Inner Mongolia Autonomous Region,noun,proper_noun,"Names a specific person, place, organization, or titled work."
6175,广西壮族自治区,Guangxi Zhuang Autonomous Region,noun,proper_noun,"Names a specific person, place, organization, or titled work."
6176,西藏自治区,Tibet Autonomous Region,noun,proper_noun,"Names a specific person, place, organization, or titled work."
6177,宁夏回族自治区,Ningxia Hui Autonomous Region,noun,proper_noun,"Names a specific person, place, organization, or titled work."
6178,新疆维吾尔自治区,Xinjiang Uygur Autonomous Region,phrase,proper_noun,"Names a specific person, place, organization, or titled work."
6179,香港特别行政区,Hong Kong Special Administrative Region,noun,proper_noun,"Names a specific person, place, organization, or titled work."
6180,澳门特别行政区,Macau Special Administrative Region,noun,proper_noun,"Names a specific person, place, organization, or titled work."
6186,犹豫,hesitate,noun,verb,Action or process rather than a noun.
6187,养生,health preservation,noun,verb,Action or process rather than a noun.
6194,全年无休,open all year without a break,verb,phrase,"Multiword constituent or fragment rather than a standalone lexical noun, verb, adjective, or adverb."
6195,每况愈下,to get worse each day,verb,idiom,"Established idiom: classify the expression as a whole rather than by its literal noun, adjective, or verb gloss."
6205,行李收拾完了,My luggage is packed,noun,sentence,"Complete statement, question, directive, or conventional utterance; classify the entire Chinese entry."
6206,厚,thick,noun,adjective,Describes a quality or state rather than a noun.
6207,薄,thin,noun,adjective,Describes a quality or state rather than a noun.
6210,死板,rigid;inflexible,noun,adjective,Describes a quality or state rather than a noun.
6212,克制,restraint,noun,verb,Action or process rather than a noun.
6215,星星之火可以燎原,small beginnings grow big,phrase,sentence,"Complete statement, question, directive, or conventional utterance; classify the entire Chinese entry."
6217,开放式婚姻,open marriage,verb,noun,"Names an object, person, food, field, or nominal concept; the whole expression is not adjectival or verbal."
6218,炸掉,blow up,adjective,verb,Action or process; incorrect adjective/adverb label.
6220,懒,lazy,noun,adjective,Describes a quality or state rather than a noun.
6227,干涉,interfere,noun,verb,Action or process rather than a noun.
6228,收尾吧,let's wrap it up,noun,sentence,"Complete statement, question, directive, or conventional utterance; classify the entire Chinese entry."
6229,家家有本难念的经,Every family has its own problems.,phrase,sentence,"Complete statement, question, directive, or conventional utterance; classify the entire Chinese entry."
6230,倒霉,unlucky,noun,adjective,Describes a quality or state rather than a noun.
6231,袖手旁观,stand by and do nothing,verb,idiom,"Established idiom: classify the expression as a whole rather than by its literal noun, adjective, or verb gloss."
6233,惊世骇俗,shocking,noun,idiom,Established idiom rather than an ordinary noun.
6244,吃不下了,I can't eat anymore,noun,sentence,"Complete statement, question, directive, or conventional utterance; classify the entire Chinese entry."
6247,人怕出名猪怕壮,"People fear becoming famous, just as pigs fear growing fat.",adjective,sentence,"Complete statement, question, directive, or conventional utterance; classify the entire Chinese entry."
6248,除非,unless;only if,noun,conjunction,Connects clauses or alternatives.
6250,无解,no solution,noun,adjective,Describes a quality or state rather than a noun.
6255,另一方面,on the other hand,adverb,phrase,"Multiword constituent or fragment rather than a standalone lexical noun, verb, adjective, or adverb."
6256,生存,survive,noun,verb,"Action, process, or mental state rather than a noun."
6257,不务正业,neglect main job,noun,idiom,Established idiom rather than ordinary noun.
6258,死心塌地,utterly devoted,noun,idiom,Established idiom rather than ordinary noun.
6259,巧舌如簧,glib speaker,noun,idiom,Established idiom rather than ordinary noun.
6261,见钱眼开,greedy,noun,idiom,Established idiom rather than ordinary noun.
6262,被动,passive,noun,adjective,Describes a state or property rather than an ordinary noun.
6264,僧多粥少,scarce resources,noun,idiom,Established idiom rather than ordinary noun.
6269,血本无归,total loss,noun,idiom,Established idiom rather than ordinary noun.
6271,迪士尼,Disney,noun,proper_noun,"Names a specific person, place, organization, or titled work."
6272,修身T恤,slim fit T shirt,adjective,noun,"Names an object, person, food, field, or nominal concept; the whole expression is not adjectival or verbal."
6280,宝马,BMW,noun,proper_noun,"Names a specific person, place, organization, or titled work."
6284,比亚迪,BYD,noun,proper_noun,"Names a specific person, place, organization, or titled work."
6285,太烧钱了,too expensive burns money,adverb,sentence,"Complete statement, question, directive, or conventional utterance; classify the entire Chinese entry."
6286,丰田,Toyota,noun,proper_noun,"Names a specific person, place, organization, or titled work."
6287,小猪佩奇,Peppa Pig,noun,proper_noun,"Names a specific person, place, organization, or titled work."
6290,好喽,happy OK;alright then,adjective,interjection,Conventional exclamation or response.
6292,莲花,lotus flower,adjective,noun,"Names an object, person, food, field, or nominal concept; the whole expression is not adjectival or verbal."
6295,彼此,each other,noun,pronoun,Pronominal expression.
6297,酒肉朋友,fair-weather friends,noun,idiom,Established idiom rather than ordinary noun.
6298,鼻青脸肿,beaten badly,adjective,idiom,"Established idiom: classify the expression as a whole rather than by its literal noun, adjective, or verb gloss."
6301,高高在上,aloof or arrogant,noun,idiom,Established idiom rather than ordinary noun.
6302,越来越差,worse and worse,noun,phrase,"Multiword constituent or fragment rather than a standalone lexical noun, verb, adjective, or adverb."
6305,两倍,twice; double,noun,phrase,"Multiword constituent or fragment rather than a standalone lexical noun, verb, adjective, or adverb."
6306,收拾收拾,tidy up,noun,phrase,"Multiword constituent or fragment rather than a standalone lexical noun, verb, adjective, or adverb."
6307,硬着头皮,force oneself,noun,idiom,Established idiom rather than ordinary noun.
6309,消灭,wipe out;eliminate,noun,verb,"Action, process, or mental state rather than a noun."
6311,一八年,year 2018,noun,phrase,"Multiword constituent or fragment rather than a standalone lexical noun, verb, adjective, or adverb."
6312,张白纸,a sheet of blank paper; a blank slate (figurative),noun,phrase,"Multiword constituent or fragment rather than a standalone lexical noun, verb, adjective, or adverb."
6313,你是否能够接受加班,Are you willing to work overtime?,phrase,sentence,"Complete statement, question, directive, or conventional utterance; classify the entire Chinese entry."
6315,花花世界迷人眼,the colorful world is distracting,noun,sentence,"Complete statement, question, directive, or conventional utterance; classify the entire Chinese entry."
6316,出人头地,succeed,noun,idiom,Established idiom rather than ordinary noun.
6317,拜神了,worship;go pray to gods,noun,phrase,"Multiword constituent or fragment rather than a standalone lexical noun, verb, adjective, or adverb."
6319,哭哭啼啼,crying nonstop;crying and sobbing,noun,idiom,Established idiom rather than ordinary noun.
6320,逃避,escape,noun,verb,"Action, process, or mental state rather than a noun."
6322,心软,soft-hearted,noun,adjective,Describes a state or property rather than an ordinary noun.
6340,独生子,only child who is a son,adverb,noun,"Names an object, person, food, field, or nominal concept; the whole expression is not adjectival or verbal."
6341,独生女,only child who is a daughter,adverb,noun,"Names an object, person, food, field, or nominal concept; the whole expression is not adjectival or verbal."
6346,哥哥,older brother,adjective,noun,"Names an object, person, food, field, or nominal concept; the whole expression is not adjectival or verbal."
6347,弟弟,younger brother,adjective,noun,"Names an object, person, food, field, or nominal concept; the whole expression is not adjectival or verbal."
6348,姐姐,older sister,adjective,noun,"Names an object, person, food, field, or nominal concept; the whole expression is not adjectival or verbal."
6349,妹妹,younger sister,adjective,noun,"Names an object, person, food, field, or nominal concept; the whole expression is not adjectival or verbal."
6351,叔叔,uncle;father’s younger brother,adjective,noun,"Names an object, person, food, field, or nominal concept; the whole expression is not adjectival or verbal."
6352,伯伯,uncle;father’s older brother,adjective,noun,"Names an object, person, food, field, or nominal concept; the whole expression is not adjectival or verbal."
6359,阿姨,aunt; mother's sister; auntie (polite address); domestic helper,adjective,noun,"Names an object, person, food, field, or nominal concept; the whole expression is not adjectival or verbal."
6361,表哥,older male cousin (not father's brother's child),adjective,noun,"Names an object, person, food, field, or nominal concept; the whole expression is not adjectival or verbal."
6362,表弟,younger male cousin (not father's brother's child),adjective,noun,"Names an object, person, food, field, or nominal concept; the whole expression is not adjectival or verbal."
6363,表姐,older female cousin (not father's brother's child),adjective,noun,"Names an object, person, food, field, or nominal concept; the whole expression is not adjectival or verbal."
6364,表妹,younger female cousin (not father's brother's child),adjective,noun,"Names an object, person, food, field, or nominal concept; the whole expression is not adjectival or verbal."
6365,堂哥,older male cousin (father's brother's child),adjective,noun,"Names an object, person, food, field, or nominal concept; the whole expression is not adjectival or verbal."
6366,堂弟,younger male cousin (father's brother's child),adjective,noun,"Names an object, person, food, field, or nominal concept; the whole expression is not adjectival or verbal."
6367,堂姐,older female cousin (father's brother's child),adjective,noun,"Names an object, person, food, field, or nominal concept; the whole expression is not adjectival or verbal."
6368,堂妹,younger female cousin (father's brother's child),adjective,noun,"Names an object, person, food, field, or nominal concept; the whole expression is not adjectival or verbal."
6382,嫂子,sister-in-law (older brother’s wife),adjective,noun,"Names an object, person, food, field, or nominal concept; the whole expression is not adjectival or verbal."
6383,弟媳,sister-in-law (younger brother’s wife),adjective,noun,"Names an object, person, food, field, or nominal concept; the whole expression is not adjectival or verbal."
6384,姐夫,brother-in-law (older sister’s husband),adjective,noun,"Names an object, person, food, field, or nominal concept; the whole expression is not adjectival or verbal."
6385,妹夫,brother-in-law (younger sister’s husband),adjective,noun,"Names an object, person, food, field, or nominal concept; the whole expression is not adjectival or verbal."
6412,兄嫂,older brother and his wife,adjective,noun,"Names an object, person, food, field, or nominal concept; the whole expression is not adjectival or verbal."
6413,弟妹,younger siblings; younger brother's wife,adjective,noun,"Names an object, person, food, field, or nominal concept; the whole expression is not adjectival or verbal."
6418,表叔,younger male cousin of father (extended),adjective,noun,"Names an object, person, food, field, or nominal concept; the whole expression is not adjectival or verbal."
6419,表伯,older male cousin of father (extended),adjective,noun,"Names an object, person, food, field, or nominal concept; the whole expression is not adjectival or verbal."
6420,堂叔,father's younger male cousin on the paternal line,adjective,noun,"Names an object, person, food, field, or nominal concept; the whole expression is not adjectival or verbal."
6421,堂伯,father's older male cousin on the paternal line,adjective,noun,"Names an object, person, food, field, or nominal concept; the whole expression is not adjectival or verbal."
6425,婶婶,wife of father’s younger brother,adjective,noun,"Names an object, person, food, field, or nominal concept; the whole expression is not adjectival or verbal."
6426,伯母,wife of father’s older brother,adjective,noun,"Names an object, person, food, field, or nominal concept; the whole expression is not adjectival or verbal."
6427,中国由工程师治理，美国由律师治理。,China is governed by engineers while the US is governed by lawyers,phrase,sentence,"Complete statement, question, directive, or conventional utterance; classify the entire Chinese entry."
6428,收拾好行李,pack luggage,noun,sentence,"Complete statement, question, directive, or conventional utterance; classify the entire Chinese entry."
6430,战战兢兢,very cautious,adverb,idiom,"Established idiom: classify the expression as a whole rather than by its literal noun, adjective, or verb gloss."
6432,风风雨雨,hardships,noun,idiom,Established idiom rather than ordinary noun.
6434,似乎,seems;apparently,noun,adverb,Adverbial expression rather than a noun.
6435,普遍,common,noun,adjective,Describes a state or property rather than an ordinary noun.
6437,不孝有三 无后为大,"There are three major forms of unfilial conduct, and having no heir is the greatest of them.",phrase,sentence,"Complete statement, question, directive, or conventional utterance; classify the entire Chinese entry."
6440,破碎,broken,noun,adjective,Describes a state or property rather than an ordinary noun.
6441,男怕入错行，女怕嫁错郎,"Men fear choosing the wrong profession, and women fear marrying the wrong man.",phrase,sentence,"Complete statement, question, directive, or conventional utterance; classify the entire Chinese entry."
6442,老蚌生珠就把你吓死了,Having a child late in life would scare you to death.,phrase,sentence,"Complete statement, question, directive, or conventional utterance; classify the entire Chinese entry."
6447,抛诸脑后,forget completely,verb,idiom,"Established idiom: classify the expression as a whole rather than by its literal noun, adjective, or verb gloss."
6450,凶猛,fierce;ferocious,noun,adjective,Describes a state or property rather than an ordinary noun.
6452,无形,invisible,noun,adjective,Describes a state or property rather than an ordinary noun.
6455,富不过三代,Wealth rarely lasts for more than three generations.,noun,sentence,"Complete statement, question, directive, or conventional utterance; classify the entire Chinese entry."
6456,并不意外,not surprised,noun,phrase,"Multiword constituent or fragment rather than a standalone lexical noun, verb, adjective, or adverb."
6464,早晨习惯,morning routine,noun,phrase,"Multiword constituent or fragment rather than a standalone lexical noun, verb, adjective, or adverb."
6465,整理床铺,make the bed,verb,phrase,"Multiword constituent or fragment rather than a standalone lexical noun, verb, adjective, or adverb."
6466,擦,wipe,noun,verb,"Action, process, or mental state rather than a noun."
6467,刷牙,brush teeth,noun,verb,"Action, process, or mental state rather than a noun."
6471,醒来,wake up,noun,verb,"Action, process, or mental state rather than a noun."
6474,梳头,comb hair,noun,verb,"Action, process, or mental state rather than a noun."
6479,细菌感染,bacterial infection,noun,phrase,"Multiword constituent or fragment rather than a standalone lexical noun, verb, adjective, or adverb."
6480,肿,swollen,noun,adjective,Describes a state or property rather than an ordinary noun.
6483,正式,formal;officially,noun,adjective,Describes a state or property rather than an ordinary noun.
6484,发炎,inflamed,noun,verb,"Action, process, or mental state rather than a noun."
6486,搭配词语,collocations (word combinations),noun,phrase,"Multiword constituent or fragment rather than a standalone lexical noun, verb, adjective, or adverb."
6487,抓痒,scratch an itch,noun,verb,"Action, process, or mental state rather than a noun."
6489,得不得了,extremely,noun,phrase,"Multiword constituent or fragment rather than a standalone lexical noun, verb, adjective, or adverb."
6490,赶快,hurry up,noun,adverb,Adverbial expression rather than a noun.
6494,截肢,amputation,noun,verb,"Action, process, or mental state rather than a noun."
6496,投票,vote,noun,verb,"Action, process, or mental state rather than a noun."
6498,爱因斯坦,Einstein,noun,proper_noun,"Names a specific person, place, organization, or titled work."
6499,赞助,sponsor,noun,verb,"Action, process, or mental state rather than a noun."
6500,有机的食物,organic food,noun,phrase,"Multiword constituent or fragment rather than a standalone lexical noun, verb, adjective, or adverb."
6501,穷游,budget travel,noun,verb,"Action, process, or mental state rather than a noun."
6503,线条小狗,Maltese cartoon dogs (Moonlab's line-drawn dog characters),noun,proper_noun,"Names a specific person, place, organization, or titled work."
6504,蹑手蹑脚,sneak around,noun,idiom,Established idiom rather than ordinary noun.
6505,悄悄,quietly,adjective,adverb,Adverbial entry rather than adjective.
6506,鬼鬼祟祟,shady,noun,idiom,Established idiom rather than ordinary noun.
6507,面无表情,expressionless,noun,phrase,"Multiword constituent or fragment rather than a standalone lexical noun, verb, adjective, or adverb."
6508,支支吾吾,hesitant speech,noun,idiom,Established idiom rather than ordinary noun.
6509,结结巴巴,stammering,noun,adjective,Describes a state or property rather than an ordinary noun.
6511,内情不单纯,the situation is more complicated than it seems.,noun,sentence,"Complete statement, question, directive, or conventional utterance; classify the entire Chinese entry."
6512,大事化小，小事化无,reduce big issues and erase small ones,phrase,sentence,"Complete statement, question, directive, or conventional utterance; classify the entire Chinese entry."
6514,腿上,lap;on the legs,noun,phrase,"Multiword constituent or fragment rather than a standalone lexical noun, verb, adjective, or adverb."
6516,叹,sigh,noun,verb,"Action, process, or mental state rather than a noun."
6518,报复,revenge,noun,verb,"Action, process, or mental state rather than a noun."
6520,好莱坞,Hollywood,noun,proper_noun,"Names a specific person, place, organization, or titled work."
6523,美国的历史和英国的菜谱是世界上最薄的两本书,American history and British cookbooks are the two thinnest books in the world.,phrase,sentence,"Complete statement, question, directive, or conventional utterance; classify the entire Chinese entry."
6528,圣诞老人,Santa Claus,noun,proper_noun,"Names a specific person, place, organization, or titled work."
6532,铃铛,small bell,adjective,noun,"Names an object, person, food, field, or nominal concept; the whole expression is not adjectival or verbal."
6545,烤火鸡,roast turkey,verb,noun,"Names an object, person, food, field, or nominal concept; the whole expression is not adjectival or verbal."
6550,热巧克力,hot chocolate,adjective,noun,"Names an object, person, food, field, or nominal concept; the whole expression is not adjectival or verbal."
6558,圣诞快乐,Merry Christmas,noun,sentence,"Complete statement, question, directive, or conventional utterance; classify the entire Chinese entry."
6562,交换礼物,gift exchange,noun,phrase,"Multiword constituent or fragment rather than a standalone lexical noun, verb, adjective, or adverb."
6563,拆礼物,open presents,verb,phrase,"Multiword constituent or fragment rather than a standalone lexical noun, verb, adjective, or adverb."
6588,透明,transparent,noun,adjective,Describes a state or property rather than an ordinary noun.
6589,半透明,translucent;semi transparent,noun,adjective,Describes a state or property rather than an ordinary noun.
6666,大疆,DJI drones,noun,proper_noun,"Names a specific person, place, organization, or titled work."
6667,脑暴,brainstorm,noun,verb,"Action, process, or mental state rather than a noun."
6668,凭什么,based on what?;on what grounds?,noun,sentence,"Complete statement, question, directive, or conventional utterance; classify the entire Chinese entry."
6671,东波,Dongbo,noun,proper_noun,"Names a specific person, place, organization, or titled work."
6672,季凌姐,Ji Ling jie,noun,proper_noun,"Names a specific person, place, organization, or titled work."
6676,蓝图,blueprint,adjective,noun,"Names an object, person, food, field, or nominal concept; the whole expression is not adjectival or verbal."
6682,遇到,encounter,noun,verb,"Action, process, or mental state rather than a noun."
6684,不愧,worthy of,noun,adverb,Adverbial expression rather than a noun.
6686,没有孩子的人看起来就是年轻,People without children tend to look younger.,phrase,sentence,"Complete statement, question, directive, or conventional utterance; classify the entire Chinese entry."
6689,上下五千年,five thousand years of history,noun,phrase,"Multiword constituent or fragment rather than a standalone lexical noun, verb, adjective, or adverb."
6690,城乡结合部,suburbs;urban-rural fringe,proper_noun,noun,"Names an object, person, food, field, or nominal concept; the whole expression is not adjectival or verbal."
6691,没事闲的,having nothing better to do,noun,phrase,"Multiword constituent or fragment rather than a standalone lexical noun, verb, adjective, or adverb."
6693,各有千秋,each has merits,noun,idiom,Established idiom rather than ordinary noun.
6694,信马由缰,act freely,adjective,idiom,"Established idiom: classify the expression as a whole rather than by its literal noun, adjective, or verb gloss."
6696,数不胜数,numerous,noun,idiom,Established idiom rather than ordinary noun.
6697,勒索,blackmail,adjective,verb,Action or process; incorrect adjective/adverb label.
6700,试吃,taste test,noun,verb,"Action, process, or mental state rather than a noun."
6704,无伤大雅,no big deal,adjective,idiom,"Established idiom: classify the expression as a whole rather than by its literal noun, adjective, or verb gloss."
6705,非理性,irrational,noun,adjective,Describes a state or property rather than an ordinary noun.
6706,适得其反,backfire,noun,idiom,Established idiom rather than ordinary noun.
6707,北约,NATO,noun,proper_noun,"Names a specific person, place, organization, or titled work."
6708,金正恩,Kim Jong-un,noun,proper_noun,"Names a specific person, place, organization, or titled work."
6709,绝命毒师,Breaking Bad,adjective,proper_noun,"Names a specific person, place, organization, or titled work."
6711,永远,forever,noun,adverb,Adverbial expression rather than a noun.
6713,很伟大的人,very great person,adverb,phrase,"Multiword constituent or fragment rather than a standalone lexical noun, verb, adjective, or adverb."
6714,冬日则饮汤，夏日则饮水,"drink soup in winter, water in summer",phrase,sentence,"Complete statement, question, directive, or conventional utterance; classify the entire Chinese entry."
6715,就到这里,that's all for now,noun,sentence,"Complete statement, question, directive, or conventional utterance; classify the entire Chinese entry."
6725,字正腔圆,clear and proper speech,adjective,idiom,"Established idiom: classify the expression as a whole rather than by its literal noun, adjective, or verb gloss."
6726,地标,landmark,proper_noun,noun,"Names an object, person, food, field, or nominal concept; the whole expression is not adjectival or verbal."
6727,玩得开心,have fun!,verb,sentence,"Complete statement, question, directive, or conventional utterance; classify the entire Chinese entry."
6731,四条腿除了板凳之外，天上飞的除了飞机之外，广东人都会去吃,"People from Guangdong will eat anything with four legs except stools, and anything that flies except airplanes (a regional stereotype).",phrase,sentence,"Complete statement, question, directive, or conventional utterance; classify the entire Chinese entry."
6733,拐弯抹角,beat around the bush,noun,idiom,Established idiom rather than ordinary noun.
6736,不美颜不拍照，不化妆不出门,"I won't take photos without filters, and I won't go out without makeup.",phrase,sentence,"Complete statement, question, directive, or conventional utterance; classify the entire Chinese entry."
6739,崩塌,collapse,noun,verb,"Action, process, or mental state rather than a noun."
6743,颐和园,"Summer Palace (Beijing), imperial gardens and lakeside retreat",noun,proper_noun,"Names a specific person, place, organization, or titled work."
6746,华山,"Mount Hua (Shaanxi), famous for steep cliffs and hiking trails",adjective,proper_noun,"Names a specific person, place, organization, or titled work."
6747,泰山,Mount Tai,noun,proper_noun,"Names a specific person, place, organization, or titled work."
6748,黄山,Mount Huangshan,noun,proper_noun,"Names a specific person, place, organization, or titled work."
6749,峨眉山,"Mount Emei (Sichuan), Buddhist mountain with temples and natural beauty",adjective,proper_noun,"Names a specific person, place, organization, or titled work."
6751,九寨沟,Jiuzhaigou Valley,noun,proper_noun,"Names a specific person, place, organization, or titled work."
6754,漓江,Li River (with karsts),noun,proper_noun,"Names a specific person, place, organization, or titled work."
6755,西湖,West Lake,noun,proper_noun,"Names a specific person, place, organization, or titled work."
6760,青海湖,Qinghai Lake,noun,proper_noun,"Names a specific person, place, organization, or titled work."
6762,丝绸之路,Silk Road,noun,proper_noun,"Names a specific person, place, organization, or titled work."
6763,壶口瀑布,"Hukou Waterfall (Shanxi, Shaanxi, largest waterfall on the Yellow River)",adjective,proper_noun,"Names a specific person, place, organization, or titled work."
6764,黄河,Yellow River,adjective,proper_noun,"Names a specific person, place, organization, or titled work."
6765,长江,Yangtze River,noun,proper_noun,"Names a specific person, place, organization, or titled work."
6766,三峡,"Three Gorges (Hubei;Chongqing), scenic river gorges on the Yangtze",noun,proper_noun,"Names a specific person, place, organization, or titled work."
6774,玉龙雪山,"Jade Dragon Snow Mountain (Yunnan), scenic mountain near Lijiang",noun,proper_noun,"Names a specific person, place, organization, or titled work."
6775,稻城亚丁,"Daocheng Yading (Sichuan), natural reserve with alpine scenery",adjective,proper_noun,"Names a specific person, place, organization, or titled work."
6776,喀纳斯湖,"Kanas Lake (Xinjiang), glacial lake with turquoise waters",noun,proper_noun,"Names a specific person, place, organization, or titled work."
6777,鸣沙山,"Mingsha Mountain (Gansu, desert dunes)",noun,proper_noun,"Names a specific person, place, organization, or titled work."
6778,月牙泉,"Crescent Lake (Gansu), oasis near the desert dunes",noun,proper_noun,"Names a specific person, place, organization, or titled work."
6780,承德避暑山庄,"Chengde Mountain Resort (Hebei), imperial summer retreat",noun,proper_noun,"Names a specific person, place, organization, or titled work."
6781,五台山,"Mount Wutai (Shanxi), sacred Buddhist mountain with temples",adjective,proper_noun,"Names a specific person, place, organization, or titled work."
6782,雁荡山,"Yandang Mountain (Zhejiang), scenic mountain area",noun,proper_noun,"Names a specific person, place, organization, or titled work."
6790,香山,"Fragrant Hills (Beijing), park and historic site with temples",noun,proper_noun,"Names a specific person, place, organization, or titled work."
6791,北海公园,"Beihai Park (Beijing), imperial garden with lake and pavilions",noun,proper_noun,"Names a specific person, place, organization, or titled work."
6796,鼓浪屿,Gulangyu; Kulangsu (an island in Xiamen),noun,proper_noun,"Names a specific person, place, organization, or titled work."
6798,土楼,"tulou; earthen communal buildings, especially those in Fujian",proper_noun,noun,"Names an object, person, food, field, or nominal concept; the whole expression is not adjectival or verbal."
6799,湄洲岛,"Meizhou Island (Fujian), sacred island for Mazu worship",adjective,proper_noun,"Names a specific person, place, organization, or titled work."
6801,清明上河园,"Qingming Riverside Landscape Garden (Kaifeng, Henan), park inspired by painting",adjective,proper_noun,"Names a specific person, place, organization, or titled work."
6802,嵩山,"Mount Song (Henan), sacred mountain with Shaolin Temple",adjective,proper_noun,"Names a specific person, place, organization, or titled work."
6804,洪崖洞,"Hongya Cave (Chongqing), riverside entertainment and historic area",noun,proper_noun,"Names a specific person, place, organization, or titled work."
6805,磁器口,"Ciqikou Ancient Town (Chongqing), historic river town",adjective,proper_noun,"Names a specific person, place, organization, or titled work."
6808,青城山,"Mount Qingcheng (Sichuan), Taoist mountain with temples",noun,proper_noun,"Names a specific person, place, organization, or titled work."
6809,海螺沟,"Hailuogou Glacier (Sichuan), glacier and scenic valley",noun,proper_noun,"Names a specific person, place, organization, or titled work."
6811,纳木错,"Namtso Lake (Tibet), high-altitude saltwater lake",adjective,proper_noun,"Names a specific person, place, organization, or titled work."
6812,赛里木湖,"Sayram Lake (Xinjiang), alpine lake with clear waters",adjective,proper_noun,"Names a specific person, place, organization, or titled work."
6813,火焰山,"Flaming Mountains (Xinjiang), desert mountains from classic tales",noun,proper_noun,"Names a specific person, place, organization, or titled work."
6815,塔克拉玛干沙漠,"Taklamakan Desert (Xinjiang), vast desert in western China",noun,proper_noun,"Names a specific person, place, organization, or titled work."
6822,南岳衡山,"Mount Heng (Hunan), sacred mountain with temples",adjective,proper_noun,"Names a specific person, place, organization, or titled work."
6824,橘子洲头,Orange Island (Changsha),noun,proper_noun,"Names a specific person, place, organization, or titled work."
6825,丹霞山,"Danxia Mountain (Guangdong), UNESCO site with red sandstone formations",adjective,proper_noun,"Names a specific person, place, organization, or titled work."
6826,武夷山,"Mount Wuyi (Fujian), scenic mountain range and tea region",noun,proper_noun,"Names a specific person, place, organization, or titled work."
6828,老君山,"Mount Laojun (Henan), Taoist mountain with temples",noun,proper_noun,"Names a specific person, place, organization, or titled work."
6829,神农架,"Shennongjia (Hubei), forested mountain area with rare wildlife",noun,proper_noun,"Names a specific person, place, organization, or titled work."
6830,万亿,trillion,noun,numeral,Numerical value rather than ordinary noun.
6831,疯狂动物城,Zootopia,noun,proper_noun,"Names a specific person, place, organization, or titled work."
6832,镜柜,mirrored cabinet; bathroom cabinet with a mirror,adjective,noun,"Names an object, person, food, field, or nominal concept; the whole expression is not adjectival or verbal."
6833,岁序更替，花长日新,"As the seasons change and flowers bloom anew, each day brings new life; time passes and everything renews",phrase,sentence,"Complete statement, question, directive, or conventional utterance; classify the entire Chinese entry."
6837,欣欣向荣,prosperous and growing well,noun,idiom,Established idiom rather than ordinary noun.
6838,抗日战争,The War of Resistance Against Japan,noun,proper_noun,"Names a specific person, place, organization, or titled work."
6839,世界反法西斯战争,World Anti-Fascist War; WWII,phrase,proper_noun,"Names a specific person, place, organization, or titled work."
6841,赋能,empower,noun,verb,"Action, process, or mental state rather than a noun."
6845,点燃,ignite,noun,verb,"Action, process, or mental state rather than a noun."
6847,枝叶总关情,care for details and people;the branches and leaves are always a source of affection.,noun,sentence,"Complete statement, question, directive, or conventional utterance; classify the entire Chinese entry."
6848,蒸蒸日上,steadily improving,noun,idiom,Established idiom rather than ordinary noun.
6851,马不停蹄,keep going without rest,verb,idiom,"Established idiom: classify the expression as a whole rather than by its literal noun, adjective, or verb gloss."
6852,冷冻柜,freezer cabinet,adjective,noun,"Names an object, person, food, field, or nominal concept; the whole expression is not adjectival or verbal."
6853,大摇大摆,swagger openly,noun,idiom,Established idiom rather than ordinary noun.
6856,自动续费,automatic renewal,adjective,verb,Action or process; incorrect adjective/adverb label.
6857,谨防诈骗,beware of scams,noun,sentence,"Complete statement, question, directive, or conventional utterance; classify the entire Chinese entry."
6859,关我屁事,What the hell does that have to do with me?; None of my damn business.,noun,sentence,"Complete statement, question, directive, or conventional utterance; classify the entire Chinese entry."
6860,微笑,smile,noun,verb,"Action, process, or mental state rather than a noun."
6861,坏笑,evil smile;wicked grin;mischievous smile,noun,verb,"Action, process, or mental state rather than a noun."
6862,大笑,laugh loudly,noun,verb,"Action, process, or mental state rather than a noun."
6863,狂笑,laugh wildly,noun,verb,"Action, process, or mental state rather than a noun."
6864,偷笑,chuckle;snicker,noun,verb,"Action, process, or mental state rather than a noun."
6865,冷笑,sneer,noun,verb,"Action, process, or mental state rather than a noun."
6866,傻笑,giggle,noun,verb,"Action, process, or mental state rather than a noun."
6867,嘲笑,laugh at;mock,noun,verb,"Action, process, or mental state rather than a noun."
6868,大方,generous,noun,adjective,Describes a state or property rather than an ordinary noun.
6869,体贴,thoughtful;considerate,noun,adjective,Describes a state or property rather than an ordinary noun.
6870,刻薄,mean;harsh,noun,adjective,Describes a state or property rather than an ordinary noun.
6871,挑剔,picky,noun,adjective,Describes a state or property rather than an ordinary noun.
6872,脾气不好,grumpy;bad temper,adjective,phrase,"Multiword constituent or fragment rather than a standalone lexical noun, verb, adjective, or adverb."
6874,没心情,not in the mood,noun,phrase,"Multiword constituent or fragment rather than a standalone lexical noun, verb, adjective, or adverb."
6875,笑死我了,that’s hilarious,noun,sentence,"Complete statement, question, directive, or conventional utterance; classify the entire Chinese entry."
6877,必不可少,essential;indispensable,noun,adjective,Describes a state or property rather than an ordinary noun.
6879,流鼻血,nosebleed,noun,verb,"Action, process, or mental state rather than a noun."
6883,大鱼吃小鱼,big fish eat small fish,adjective,sentence,"Complete statement, question, directive, or conventional utterance; classify the entire Chinese entry."
6887,适度,moderate;moderation,noun,adjective,Describes a state or property rather than an ordinary noun.
6890,绳之以法,punish according to law,noun,idiom,Established idiom rather than ordinary noun.
6891,濒危物种,endangered species,adjective,noun,"Names an object, person, food, field, or nominal concept; the whole expression is not adjectival or verbal."
6893,后会有期,see you again sometime,noun,idiom,Established idiom rather than ordinary noun.
6894,托运行李,checked baggage,noun,phrase,"Multiword constituent or fragment rather than a standalone lexical noun, verb, adjective, or adverb."
6895,值机柜台,check in counter,verb,noun,"Names an object, person, food, field, or nominal concept; the whole expression is not adjectival or verbal."
6900,精神恍惚,dazed or absent-minded,noun,idiom,Established idiom rather than ordinary noun.
6901,千言万语,so much to say,noun,idiom,Established idiom rather than ordinary noun.
6902,"江湖险恶, 好自为之","the world is dangerous, take care of yourself",phrase,sentence,"Complete statement, question, directive, or conventional utterance; classify the entire Chinese entry."
6903,哭天抹泪,weep bitterly,noun,idiom,Established idiom rather than ordinary noun.
6905,大江南北,all across the land,proper_noun,phrase,"Multiword constituent or fragment rather than a standalone lexical noun, verb, adjective, or adverb."
6908,中国达人秀,China's Got Talent (show),noun,proper_noun,"Names a specific person, place, organization, or titled work."
6912,平易近人,down-to-earth and approachable,noun,idiom,Established idiom rather than ordinary noun.
6913,家喻户晓,well-known to all,noun,idiom,Established idiom rather than ordinary noun.
6915,夸你呢,I am praising you,noun,sentence,"Complete statement, question, directive, or conventional utterance; classify the entire Chinese entry."
6916,吐槽大会,Roast Session (show),verb,proper_noun,"Names a specific person, place, organization, or titled work."
6917,隔三差五,every now and then,noun,idiom,Established idiom rather than ordinary noun.
6925,当牛做马,work like a servant,verb,phrase,"Multiword constituent or fragment rather than a standalone lexical noun, verb, adjective, or adverb."
6927,寿命延长,life expectancy extension,noun,phrase,"Multiword constituent or fragment rather than a standalone lexical noun, verb, adjective, or adverb."
6928,为你好,for your own good,adjective,phrase,"Multiword constituent or fragment rather than a standalone lexical noun, verb, adjective, or adverb."
6929,很崩溃,very overwhelmed;devastated;collapse,adverb,phrase,"Multiword constituent or fragment rather than a standalone lexical noun, verb, adjective, or adverb."
6930,上有老下有小,supporting both parents and children,noun,sentence,"Complete statement, question, directive, or conventional utterance; classify the entire Chinese entry."
6932,尽量,try one's best;as much as possible,verb,adverb,Adverbial entry describing necessity or degree.
6934,顺其自然,let things take their course,noun,idiom,Established idiom rather than ordinary noun.
6938,密室逃脱,escape room,verb,noun,"Names an object, person, food, field, or nominal concept; the whole expression is not adjectival or verbal."
6939,摘,pick (fruit),noun,verb,"Action, process, or mental state rather than a noun."
6942,格格不入,not fitting in,noun,idiom,Established idiom rather than ordinary noun.
6944,上吊,hang oneself,noun,verb,"Action, process, or mental state rather than a noun."
6946,专门,specialized,noun,adverb,Adverbial expression rather than a noun.
6948,硅谷,Silicon Valley,noun,proper_noun,"Names a specific person, place, organization, or titled work."
6949,以及,as well as,noun,conjunction,Connects clauses or alternatives.
6953,值机,airline check-in,noun,verb,"Action, process, or mental state rather than a noun."
6956,亮点,highlight,adjective,noun,"Names an object, person, food, field, or nominal concept; the whole expression is not adjectival or verbal."
6979,停车标志,stop sign;parking sign,verb,noun,"Names an object, person, food, field, or nominal concept; the whole expression is not adjectival or verbal."
6982,让行,yield,noun,verb,"Action, process, or mental state rather than a noun."
6984,我的世界,Minecraft,noun,proper_noun,"Names a specific person, place, organization, or titled work."
6985,英雄联盟,League of Legends,noun,proper_noun,"Names a specific person, place, organization, or titled work."
6986,王者荣耀,Honor of Kings,noun,proper_noun,"Names a specific person, place, organization, or titled work."
6987,塞尔达传说,The Legend of Zelda,noun,proper_noun,"Names a specific person, place, organization, or titled work."
6988,街头霸王,Street Fighter,noun,proper_noun,"Names a specific person, place, organization, or titled work."
6989,使命召唤,Call of Duty,verb,proper_noun,"Names a specific person, place, organization, or titled work."
6990,糖果传奇,Candy Crush,noun,proper_noun,"Names a specific person, place, organization, or titled work."
6993,天然气,natural gas,adjective,noun,"Names an object, person, food, field, or nominal concept; the whole expression is not adjectival or verbal."
6994,蝙蝠侠,Batman,noun,proper_noun,"Names a specific person, place, organization, or titled work."
6995,蜘蛛侠,Spider-Man,noun,proper_noun,"Names a specific person, place, organization, or titled work."
6996,钢铁侠,Iron Man,noun,proper_noun,"Names a specific person, place, organization, or titled work."
6997,神奇女侠,Wonder Woman,noun,proper_noun,"Names a specific person, place, organization, or titled work."
6998,闪电侠,The Flash,noun,proper_noun,"Names a specific person, place, organization, or titled work."
6999,美国队长,Captain America,noun,proper_noun,"Names a specific person, place, organization, or titled work."
7000,雷神,Thor,noun,proper_noun,"Names a specific person, place, organization, or titled work."
7001,绿巨人,Hulk,noun,proper_noun,"Names a specific person, place, organization, or titled work."
7002,黑豹,Black Panther,adjective,proper_noun,"Names a specific person, place, organization, or titled work."
7003,星球大战,Star Wars,noun,proper_noun,"Names a specific person, place, organization, or titled work."
7004,黑客帝国,The Matrix,noun,proper_noun,"Names a specific person, place, organization, or titled work."
7005,阿凡达,Avatar,noun,proper_noun,"Names a specific person, place, organization, or titled work."
7007,宽粉,wide glass noodles,adjective,noun,"Names an object, person, food, field, or nominal concept; the whole expression is not adjectival or verbal."
7010,太鲁阁,Taroko Gorge (in Taiwan),noun,proper_noun,"Names a specific person, place, organization, or titled work."
7011,台积电,TSMC,noun,proper_noun,"Names a specific person, place, organization, or titled work."
7013,林肯,Abraham Lincoln,noun,proper_noun,"Names a specific person, place, organization, or titled work."
7014,华盛顿,George Washington,noun,proper_noun,"Names a specific person, place, organization, or titled work."
7015,丘吉尔,Winston Churchill,noun,proper_noun,"Names a specific person, place, organization, or titled work."
7016,拿破仑,Napoleon Bonaparte,noun,proper_noun,"Names a specific person, place, organization, or titled work."
7017,甘地,Mahatma Gandhi,noun,proper_noun,"Names a specific person, place, organization, or titled work."
7018,曼德拉,Nelson Mandela,noun,proper_noun,"Names a specific person, place, organization, or titled work."
7019,奥巴马,Barack Obama,noun,proper_noun,"Names a specific person, place, organization, or titled work."
7035,感冒灵,Ganmaoling (a Chinese cold-remedy product),adjective,proper_noun,"Names a specific person, place, organization, or titled work."
7037,雀巢,Nestlé,noun,proper_noun,"Names a specific person, place, organization, or titled work."
7043,莎士比亚,William Shakespeare,noun,proper_noun,"Names a specific person, place, organization, or titled work."
7044,斯皮尔伯格,Steven Spielberg,noun,proper_noun,"Names a specific person, place, organization, or titled work."
7045,宫崎骏,Hayao Miyazaki,noun,proper_noun,"Names a specific person, place, organization, or titled work."
7046,诺兰,Christopher Nolan,noun,proper_noun,"Names a specific person, place, organization, or titled work."
7047,红楼梦,Dream of the Red Chamber,adjective,proper_noun,"Names a specific person, place, organization, or titled work."
7048,西游记,Journey to the West,noun,proper_noun,"Names a specific person, place, organization, or titled work."
7049,三国演义,Romance of the Three Kingdoms,noun,proper_noun,"Names a specific person, place, organization, or titled work."
7050,哈利波特,Harry Potter,noun,proper_noun,"Names a specific person, place, organization, or titled work."
7051,圣经,Holy Bible,noun,proper_noun,"Names a specific person, place, organization, or titled work."
7052,达芬奇,da Vinci,noun,proper_noun,"Names a specific person, place, organization, or titled work."
7053,毕加索,Pablo Picasso,noun,proper_noun,"Names a specific person, place, organization, or titled work."
7054,梵高,Vincent van Gogh,noun,proper_noun,"Names a specific person, place, organization, or titled work."
7060,新闻联播,Xinwen Lianbo;CCTV news,adjective,proper_noun,"Names a specific person, place, organization, or titled work."
7062,愤怒,anger,noun,adjective,Describes a state or property rather than an ordinary noun.
7065,感动,touched,noun,verb,"Action, process, or mental state rather than a noun."
7066,海飞丝,Head & Shoulders,noun,proper_noun,"Names a specific person, place, organization, or titled work."
7067,多芬,Dove (soap),noun,proper_noun,"Names a specific person, place, organization, or titled work."
7068,鲁迅,Lu Xun (writer),noun,proper_noun,"Names a specific person, place, organization, or titled work."
7074,米老鼠,Mickey Mouse,noun,proper_noun,"Names a specific person, place, organization, or titled work."
7075,唐老鸭,Donald Duck,noun,proper_noun,"Names a specific person, place, organization, or titled work."
7076,孙悟空,Monkey King,noun,proper_noun,"Names a specific person, place, organization, or titled work."
7078,史努比,Snoopy,noun,proper_noun,"Names a specific person, place, organization, or titled work."
7079,蒙娜丽莎,Mona Lisa,noun,proper_noun,"Names a specific person, place, organization, or titled work."
7080,最后的晚餐,The Last Supper,noun,proper_noun,"Names a specific person, place, organization, or titled work."
7081,星夜,The Starry Night,noun,proper_noun,"Names a specific person, place, organization, or titled work."
7082,呐喊,shout;The Scream,noun,proper_noun,"Names a specific person, place, organization, or titled work."
7084,金字塔,Pyramids,proper_noun,noun,"Names an object, person, food, field, or nominal concept; the whole expression is not adjectival or verbal."
7090,白雪公主,Snow White,adjective,proper_noun,"Names a specific person, place, organization, or titled work."
7091,灰姑娘,Cinderella,noun,proper_noun,"Names a specific person, place, organization, or titled work."
7092,小红帽,Little Red Riding Hood,adjective,proper_noun,"Names a specific person, place, organization, or titled work."
7093,睡美人,Sleeping Beauty,noun,proper_noun,"Names a specific person, place, organization, or titled work."
7094,丑小鸭,The Ugly Duckling,noun,proper_noun,"Names a specific person, place, organization, or titled work."
7095,胡迪尼,Houdini,noun,proper_noun,"Names a specific person, place, organization, or titled work."
7096,大卫布莱恩,David Blaine,noun,proper_noun,"Names a specific person, place, organization, or titled work."
7097,贝多芬,Beethoven,noun,proper_noun,"Names a specific person, place, organization, or titled work."
7098,莫扎特,Mozart,noun,proper_noun,"Names a specific person, place, organization, or titled work."
7099,巴赫,Bach,noun,proper_noun,"Names a specific person, place, organization, or titled work."
7100,央视新闻,CCTV News,adjective,proper_noun,"Names a specific person, place, organization, or titled work."
7101,纽约时报,The New York Times,adjective,proper_noun,"Names a specific person, place, organization, or titled work."
7102,人民网,people’s daily online;people.cn,noun,proper_noun,"Names a specific person, place, organization, or titled work."
7103,新华网,Xinhua Net,noun,proper_noun,"Names a specific person, place, organization, or titled work."
7106,洛杉矶湖人,Los Angeles Lakers,noun,proper_noun,"Names a specific person, place, organization, or titled work."
7107,芝加哥公牛,Chicago Bulls,noun,proper_noun,"Names a specific person, place, organization, or titled work."
7108,金州勇士,Golden State Warriors,adjective,proper_noun,"Names a specific person, place, organization, or titled work."
7109,谷爱凌,Eileen Gu,noun,proper_noun,"Names a specific person, place, organization, or titled work."
7131,炒,stir-fry,noun,verb,"Action, process, or mental state rather than a noun."
7132,煮,boil,noun,verb,"Action, process, or mental state rather than a noun."
7133,蒸,steam,noun,verb,"Action, process, or mental state rather than a noun."
7134,炸,deep-fry,adjective,verb,The supplied sense is the cooking action deep-fry.
7135,烤,roast,noun,verb,"Action, process, or mental state rather than a noun."
7136,炖,stew,noun,verb,"Action, process, or mental state rather than a noun."
7137,煎,pan-fry,noun,verb,"Action, process, or mental state rather than a noun."
7138,焯,blanch,noun,verb,"Action, process, or mental state rather than a noun."
7139,卤,braise in soy sauce,noun,verb,"Action, process, or mental state rather than a noun."
7140,拌,mix,noun,verb,"Action, process, or mental state rather than a noun."
7141,昆汀,Quentin Tarantino,noun,proper_noun,"Names a specific person, place, organization, or titled work."
7143,热气球,hot air balloon,adjective,noun,"Names an object, person, food, field, or nominal concept; the whole expression is not adjectival or verbal."
7147,向日葵,sunflower,adjective,noun,"Names an object, person, food, field, or nominal concept; the whole expression is not adjectival or verbal."
7155,福尔摩斯,Sherlock Holmes,noun,proper_noun,"Names a specific person, place, organization, or titled work."
7157,露营,camping,noun,verb,"Action, process, or mental state rather than a noun."
7158,乐高,LEGO,noun,proper_noun,"Names a specific person, place, organization, or titled work."
7161,奥利奥,Oreo,noun,proper_noun,"Names a specific person, place, organization, or titled work."
7166,李小龙,Bruce Lee,noun,proper_noun,"Names a specific person, place, organization, or titled work."
7167,爱迪生,Thomas Edison,noun,proper_noun,"Names a specific person, place, organization, or titled work."
7168,牛顿,Isaac Newton,adjective,proper_noun,"Names a specific person, place, organization, or titled work."
7169,德克士,Dicos,noun,proper_noun,"Names a specific person, place, organization, or titled work."
7173,愤怒的小鸟,Angry Birds,adjective,proper_noun,"Names a specific person, place, organization, or titled work."
7181,中央人民广播电台,China National Radio,phrase,proper_noun,"Names a specific person, place, organization, or titled work."
7182,杨利伟,Yang Liwei,noun,proper_noun,"Names a specific person, place, organization, or titled work."
7183,阿姆斯特朗,Armstrong; Neil Armstrong (in astronaut contexts),adjective,proper_noun,"Names a specific person, place, organization, or titled work."
7193,金鱼,goldfish,adjective,noun,"Names an object, person, food, field, or nominal concept; the whole expression is not adjectival or verbal."
7198,八喜,BAXY (ice-cream brand),noun,proper_noun,"Names a specific person, place, organization, or titled work."
7200,珠穆朗玛峰,Mount Everest,noun,proper_noun,"Names a specific person, place, organization, or titled work."
7201,太平洋,Pacific Ocean,noun,proper_noun,"Names a specific person, place, organization, or titled work."
7202,大西洋,Atlantic Ocean,noun,proper_noun,"Names a specific person, place, organization, or titled work."
7203,印度洋,Indian Ocean,noun,proper_noun,"Names a specific person, place, organization, or titled work."
7204,北冰洋,Arctic Ocean,noun,proper_noun,"Names a specific person, place, organization, or titled work."
7205,南海,South China Sea,noun,proper_noun,"Names a specific person, place, organization, or titled work."
7206,东海,East China Sea,noun,proper_noun,"Names a specific person, place, organization, or titled work."
7207,黄海,Yellow Sea,adjective,proper_noun,"Names a specific person, place, organization, or titled work."
7208,地中海,Mediterranean Sea,noun,proper_noun,"Names a specific person, place, organization, or titled work."
7209,红海,Red Sea,adjective,proper_noun,"Names a specific person, place, organization, or titled work."
7210,加勒比海,Caribbean Sea,noun,proper_noun,"Names a specific person, place, organization, or titled work."
7211,康师傅,Master Kong,noun,proper_noun,"Names a specific person, place, organization, or titled work."
7234,溺水,drowning,noun,verb,"Action, process, or mental state rather than a noun."
7235,窒息,suffocation;to choke,noun,verb,"Action, process, or mental state rather than a noun."
7238,亚马逊河,Amazon River,noun,proper_noun,"Names a specific person, place, organization, or titled work."
7239,尼罗河,Nile River,noun,proper_noun,"Names a specific person, place, organization, or titled work."
7240,密西西比河,Mississippi River,noun,proper_noun,"Names a specific person, place, organization, or titled work."
7269,大润发,RT-Mart,noun,proper_noun,"Names a specific person, place, organization, or titled work."
7272,感冒,cold,adjective,verb,Action or process; incorrect adjective/adverb label.
7273,过敏,allergy,noun,verb,"Action, process, or mental state rather than a noun."
7280,文件夹,folder,adjective,noun,"Names an object, person, food, field, or nominal concept; the whole expression is not adjectival or verbal."
7282,欧乐B,Oral-B,noun,proper_noun,"Names a specific person, place, organization, or titled work."
7290,红豆,red bean;azuki bean,adjective,noun,"Names an object, person, food, field, or nominal concept; the whole expression is not adjectival or verbal."
7291,黑豆,black soybean; black bean (depending on variety),adjective,noun,"Names an object, person, food, field, or nominal concept; the whole expression is not adjectival or verbal."
7297,李白,Li Bai (poet),noun,proper_noun,"Names a specific person, place, organization, or titled work."
7298,国家地理,National Geographic,noun,proper_noun,"Names a specific person, place, organization, or titled work."
7299,北京大学,Peking University,noun,proper_noun,"Names a specific person, place, organization, or titled work."
7300,清华大学,Tsinghua University,noun,proper_noun,"Names a specific person, place, organization, or titled work."
7301,复旦大学,Fudan University,noun,proper_noun,"Names a specific person, place, organization, or titled work."
7302,刘翔,Liu Xiang (Olympian),noun,proper_noun,"Names a specific person, place, organization, or titled work."
7305,潇洒过,lived freely;lived life with style/grace.,adjective,phrase,"Multiword constituent or fragment rather than a standalone lexical noun, verb, adjective, or adverb."
7306,阳光灿烂,The sun is shining brightly,noun,phrase,"Multiword constituent or fragment rather than a standalone lexical noun, verb, adjective, or adverb."
7311,柳树,willow,adjective,noun,"Names an object, person, food, field, or nominal concept; the whole expression is not adjectival or verbal."
7318,腾讯,Tencent,noun,proper_noun,"Names a specific person, place, organization, or titled work."
7319,网易,Netease,noun,proper_noun,"Names a specific person, place, organization, or titled work."
7327,狮子王,The Lion King,noun,proper_noun,"Names a specific person, place, organization, or titled work."
7328,歌剧魅影,The Phantom of the Opera,noun,proper_noun,"Names a specific person, place, organization, or titled work."
7330,火山爆发,volcanic eruption,noun,phrase,"Multiword constituent or fragment rather than a standalone lexical noun, verb, adjective, or adverb."
7341,偷渡,illegal immigration,noun,verb,"Action, process, or mental state rather than a noun."
7343,纵火,arson,noun,verb,"Action, process, or mental state rather than a noun."
7344,贩毒,drug trafficking,noun,verb,"Action, process, or mental state rather than a noun."
7345,绑架,kidnapping,noun,verb,"Action, process, or mental state rather than a noun."
7346,恭喜发财,wishing you prosperity,noun,idiom,Established idiom rather than ordinary noun.
7347,万事如意,may everything go as you wish,noun,idiom,Established idiom rather than ordinary noun.
7349,心想事成,may all your wishes come true,noun,idiom,Established idiom rather than ordinary noun.
7350,阖家幸福,happiness for the whole family,noun,phrase,"Multiword constituent or fragment rather than a standalone lexical noun, verb, adjective, or adverb."
7351,年年有余,may you have abundance every year,noun,idiom,Established idiom rather than ordinary noun.
7352,大吉大利,great luck and great profit,noun,idiom,Established idiom rather than ordinary noun.
7353,事业顺利,may your career go smoothly,noun,phrase,"Multiword constituent or fragment rather than a standalone lexical noun, verb, adjective, or adverb."
7354,财源滚滚,may wealth pour in,noun,phrase,"Multiword constituent or fragment rather than a standalone lexical noun, verb, adjective, or adverb."
7355,舒肤佳,Safeguard (soap),adjective,proper_noun,"Names a specific person, place, organization, or titled work."
7356,汰渍,Tide (detergent),noun,proper_noun,"Names a specific person, place, organization, or titled work."
7357,暴饮暴食,binge eat and drink,noun,idiom,Established idiom rather than ordinary noun.
7358,拖延,procrastination,noun,verb,"Action, process, or mental state rather than a noun."
7359,说脏话,swearing,noun,phrase,"Multiword constituent or fragment rather than a standalone lexical noun, verb, adjective, or adverb."
7360,玩手机,to use or play on one's phone,verb,phrase,"Multiword constituent or fragment rather than a standalone lexical noun, verb, adjective, or adverb."
7361,看剧成瘾,addiction to watching TV series,noun,phrase,"Multiword constituent or fragment rather than a standalone lexical noun, verb, adjective, or adverb."
7362,网购成瘾,online shopping addiction,noun,phrase,"Multiword constituent or fragment rather than a standalone lexical noun, verb, adjective, or adverb."
7363,地球,earth,noun,proper_noun,"Names a specific person, place, organization, or titled work."
7364,火星,Mars,noun,proper_noun,"Names a specific person, place, organization, or titled work."
7365,金星,Venus,noun,proper_noun,"Names a specific person, place, organization, or titled work."
7366,水星,Mercury,noun,proper_noun,"Names a specific person, place, organization, or titled work."
7367,木星,Jupiter,noun,proper_noun,"Names a specific person, place, organization, or titled work."
7368,土星,Saturn,noun,proper_noun,"Names a specific person, place, organization, or titled work."
7369,天王星,Uranus,noun,proper_noun,"Names a specific person, place, organization, or titled work."
7370,海王星,Neptune,noun,proper_noun,"Names a specific person, place, organization, or titled work."
7371,冥王星,Pluto,noun,proper_noun,"Names a specific person, place, organization, or titled work."
7377,梅西,Lionel Messi,noun,proper_noun,"Names a specific person, place, organization, or titled work."
7378,C 罗,Cristiano Ronaldo,phrase,proper_noun,"Names a specific person, place, organization, or titled work."
7396,蓝调,blues,adjective,noun,"Names an object, person, food, field, or nominal concept; the whole expression is not adjectival or verbal."
7401,中国国际航空,Air China,noun,proper_noun,"Names a specific person, place, organization, or titled work."
7402,东方航空,China Eastern Airlines,noun,proper_noun,"Names a specific person, place, organization, or titled work."
7403,南方航空,China Southern Airlines,noun,proper_noun,"Names a specific person, place, organization, or titled work."
7404,美国联合航空,United Airlines,noun,proper_noun,"Names a specific person, place, organization, or titled work."
7405,达美航空,Delta Air Lines,noun,proper_noun,"Names a specific person, place, organization, or titled work."
7409,美女与野兽,Beauty and the Beast,noun,proper_noun,"Names a specific person, place, organization, or titled work."
7425,联想,Lenovo,noun,proper_noun,"Names a specific person, place, organization, or titled work."
7426,一加,OnePlus,noun,proper_noun,"Names a specific person, place, organization, or titled work."
7430,孙中山,Sun Yat-sen,noun,proper_noun,"Names a specific person, place, organization, or titled work."
7436,泰坦尼克号,Titanic,noun,proper_noun,"Names a specific person, place, organization, or titled work."
7444,人民日报,People's Daily,noun,proper_noun,"Names a specific person, place, organization, or titled work."
7452,燕子,swallow,adjective,noun,"Names an object, person, food, field, or nominal concept; the whole expression is not adjectival or verbal."
7467,万圣节,Halloween,adjective,noun,"Names an object, person, food, field, or nominal concept; the whole expression is not adjectival or verbal."
7475,人人为我我为人人,All for one and one for all.,phrase,sentence,"Complete statement, question, directive, or conventional utterance; classify the entire Chinese entry."
7477,鸡蛋里头挑骨头,nitpick,noun,idiom,"Established idiom: classify the expression as a whole rather than by its literal noun, adjective, or verb gloss."
7478,扣除,deduct,noun,verb,"Action, process, or mental state rather than a noun."
7483,平淡,dull;plain;ordinary,noun,adjective,Describes a state or property rather than an ordinary noun.
7489,鼓起勇气,drum up courage,noun,phrase,"Multiword constituent or fragment rather than a standalone lexical noun, verb, adjective, or adverb."
7499,勤奋,diligent,noun,adjective,Describes a state or property rather than an ordinary noun.
7500,不对劲,something is wrong;off;not right,noun,adjective,Describes a state or property rather than an ordinary noun.
7502,傻乎乎,silly;dim-witted,noun,adjective,Describes a state or property rather than an ordinary noun.
7504,男儿有泪不轻弹,men don’t cry easily,noun,sentence,"Complete statement, question, directive, or conventional utterance; classify the entire Chinese entry."
7505,天下无敌,unbeatable,noun,idiom,Established idiom rather than ordinary noun.
7508,乖,obedient;well-behaved,noun,adjective,Describes a state or property rather than an ordinary noun.
7509,酒足饭饱思淫欲,lust after being full,adjective,sentence,"Complete statement, question, directive, or conventional utterance; classify the entire Chinese entry."
7512,流产,miscarriage;abortion,noun,verb,"Action, process, or mental state rather than a noun."
7513,紧迫,pressing;urgent,noun,adjective,Describes a state or property rather than an ordinary noun.
7516,人生地不熟,stranger in a new place,adjective,idiom,"Established idiom: classify the expression as a whole rather than by its literal noun, adjective, or verb gloss."
7517,落叶归根,return to one’s origins,verb,idiom,"Established idiom: classify the expression as a whole rather than by its literal noun, adjective, or verb gloss."
7521,鲤鱼跳龙门,achieve great success,noun,idiom,"Established idiom: classify the expression as a whole rather than by its literal noun, adjective, or verb gloss."
7525,吃闷亏,accept loss without complaint,noun,verb,"Action, process, or mental state rather than a noun."
7529,不是一家人，不进一家门,birds of a feather flock together,phrase,sentence,"Complete statement, question, directive, or conventional utterance; classify the entire Chinese entry."
7530,包水包电,water and electricity included,noun,phrase,"Multiword constituent or fragment rather than a standalone lexical noun, verb, adjective, or adverb."
7533,荒无人烟,uninhabited,noun,idiom,Established idiom rather than ordinary noun.
7535,踩雷,step on a landmine; make a blunder,noun,verb,"Action, process, or mental state rather than a noun."
7537,东张西望,to look around in all directions,verb,idiom,"Established idiom: classify the expression as a whole rather than by its literal noun, adjective, or verb gloss."
7538,因材施教,tailor teaching to student,noun,idiom,Established idiom rather than ordinary noun.
7540,压抑,oppressive; repressed,noun,adjective,Describes a state or property rather than an ordinary noun.
7541,不仅,not only,noun,conjunction,Connects clauses or alternatives.
7543,融入,blend in;to integrate,noun,verb,"Action, process, or mental state rather than a noun."
7545,该说了都说了,I’ve said all that should be said,noun,sentence,"Complete statement, question, directive, or conventional utterance; classify the entire Chinese entry."
7547,不排斥的,not resistant to,noun,phrase,"Multiword constituent or fragment rather than a standalone lexical noun, verb, adjective, or adverb."
7548,出淤泥而不染,remain pure in bad environment,adjective,idiom,"Established idiom: classify the expression as a whole rather than by its literal noun, adjective, or verb gloss."
7552,挑衅,provocative;to provoke,noun,verb,"Action, process, or mental state rather than a noun."
7555,摊牌,show one’s cards;showdown,noun,verb,"Action, process, or mental state rather than a noun."
7557,被迫,be forced,verb,phrase,"Multiword constituent or fragment rather than a standalone lexical noun, verb, adjective, or adverb."
7559,男主外女主内,"The husband works outside the home, and the wife manages the household.",adjective,sentence,"Complete statement, question, directive, or conventional utterance; classify the entire Chinese entry."
7560,遮风挡雨,provide protection,verb,phrase,"Multiword constituent or fragment rather than a standalone lexical noun, verb, adjective, or adverb."
7561,男的多女的少,more men than women,adverb,sentence,"Complete statement, question, directive, or conventional utterance; classify the entire Chinese entry."
7562,不流通的,not in circulation,noun,phrase,"Multiword constituent or fragment rather than a standalone lexical noun, verb, adjective, or adverb."
7563,好山好水,beautiful scenery,adjective,phrase,"Multiword constituent or fragment rather than a standalone lexical noun, verb, adjective, or adverb."
7564,人情世故,social norms,noun,idiom,Established idiom rather than ordinary noun.
7566,招生,enroll students,noun,verb,"Action, process, or mental state rather than a noun."
7572,发牌,deal cards,noun,verb,"Action, process, or mental state rather than a noun."
7579,应酬,social niceties,noun,verb,"Action, process, or mental state rather than a noun."
7581,托福,TOEFL,noun,proper_noun,"Names a specific person, place, organization, or titled work."
7582,多邻国,Duolingo,noun,proper_noun,"Names a specific person, place, organization, or titled work."
7590,星链,Starlink,noun,proper_noun,"Names a specific person, place, organization, or titled work."
7593,黏人,clingy,noun,adjective,Describes a state or property rather than an ordinary noun.
7598,停电,power outage,noun,verb,"Action, process, or mental state rather than a noun."
7601,侃侃大山,chat casually;shoot the breeze,noun,verb,"Action, process, or mental state rather than a noun."
7602,塞翁失马,blessing in disguise,noun,idiom,Established idiom rather than ordinary noun.
7603,很俗,very tacky,adverb,phrase,"Multiword constituent or fragment rather than a standalone lexical noun, verb, adjective, or adverb."
7608,降息,interest rate cut,noun,verb,"Action, process, or mental state rather than a noun."
7610,美联储,Federal Reserve,noun,proper_noun,"Names a specific person, place, organization, or titled work."
7611,华尔街,Wall Street,noun,proper_noun,"Names a specific person, place, organization, or titled work."
7620,标普500,S&P 500,noun,proper_noun,"Names a specific person, place, organization, or titled work."
7621,标准普尔500指数,S&P 500 index,phrase,proper_noun,"Names a specific person, place, organization, or titled work."
7622,排名第一,ranked first,noun,phrase,"Multiword constituent or fragment rather than a standalone lexical noun, verb, adjective, or adverb."
7633,腻腻歪歪,overly affectionate;lovey dovey,noun,adjective,Describes a state or property rather than an ordinary noun.
7634,情书,love letter,verb,noun,"Names an object, person, food, field, or nominal concept; the whole expression is not adjectival or verbal."
7636,说也错不说也错,damned if you do or don’t,noun,sentence,"Complete statement, question, directive, or conventional utterance; classify the entire Chinese entry."
7645,吸引,attract,noun,verb,"Action, process, or mental state rather than a noun."
7646,赎回,redeem;redemption,adjective,verb,Action or process; incorrect adjective/adverb label.
7647,非要,insist on,noun,adverb,Adverbial expression rather than a noun.
7652,水土不服,not acclimated,noun,idiom,Established idiom rather than ordinary noun.
7658,死缠烂打,harass persistently,noun,idiom,Established idiom rather than ordinary noun.
7660,填空,fill in the blank,noun,verb,"Action, process, or mental state rather than a noun."
7663,肉眼看上去,to the naked eye,verb,phrase,"Multiword constituent or fragment rather than a standalone lexical noun, verb, adjective, or adverb."
7669,悠闲,laid back,noun,adjective,Describes a state or property rather than an ordinary noun.
7670,致命,fatal,noun,adjective,Describes a state or property rather than an ordinary noun.
7673,大笔财富,a large fortune,noun,phrase,"Multiword constituent or fragment rather than a standalone lexical noun, verb, adjective, or adverb."
7674,此地无银三百两,hiding something obvious;a guilty denial,adjective,idiom,"Established idiom: classify the expression as a whole rather than by its literal noun, adjective, or verb gloss."
7675,跑酷,"parkour; running and leaping around (playfully, of pets)",adjective,verb,Action or process; incorrect adjective/adverb label.
7678,折叠自行车,folding bicycle,adjective,noun,"Names an object, person, food, field, or nominal concept; the whole expression is not adjectival or verbal."
7680,花里胡哨,gaudy,noun,idiom,Established idiom rather than ordinary noun.
7681,虚惊一场,needless fright,noun,idiom,Established idiom rather than ordinary noun.
7684,鱼与熊掌不可兼得,you can’t have it both ways,phrase,sentence,"Complete statement, question, directive, or conventional utterance; classify the entire Chinese entry."
7690,菜鸟驿站,Cainiao pickup station,noun,proper_noun,"Names a specific person, place, organization, or titled work."
7693,已全部取出,all picked up,noun,sentence,"Complete statement, question, directive, or conventional utterance; classify the entire Chinese entry."
7695,怀旧,nostalgia,noun,verb,"Action, process, or mental state rather than a noun."
7700,鹅毛大雪,heavy snowfall,noun,idiom,Established idiom rather than ordinary noun.
7702,忙疯了,extremely busy,adverb,sentence,"Complete statement, question, directive, or conventional utterance; classify the entire Chinese entry."
7703,贵得离谱,ridiculously expensive,noun,phrase,"Multiword constituent or fragment rather than a standalone lexical noun, verb, adjective, or adverb."
7704,丢了西瓜捡芝麻,miss the bigger gain,verb,idiom,"Established idiom: classify the expression as a whole rather than by its literal noun, adjective, or verb gloss."
7705,省略,omit,noun,verb,"Action, process, or mental state rather than a noun."
7707,久而久之,eventually,noun,idiom,Established idiom rather than ordinary noun.
7711,苍蝇馆子,cheap small restaurant,adjective,noun,"Names an object, person, food, field, or nominal concept; the whole expression is not adjectival or verbal."
7712,复古,retro,noun,adjective,Describes a state or property rather than an ordinary noun.
7714,志同道合,like-minded,noun,idiom,Established idiom rather than ordinary noun.
7715,有失必有得，有得必有失,every gain has a loss,phrase,sentence,"Complete statement, question, directive, or conventional utterance; classify the entire Chinese entry."
7717,收购,acquisition,noun,verb,"Action, process, or mental state rather than a noun."
7724,牛鬼蛇神,evil or strange people,noun,idiom,Established idiom rather than ordinary noun.
7725,安排特别紧,very tight schedule,adverb,sentence,"Complete statement, question, directive, or conventional utterance; classify the entire Chinese entry."
7726,忽冷忽热,inconsistent,noun,idiom,Established idiom rather than ordinary noun.
7727,路上顺利吗,Was the journey smooth?,noun,sentence,"Complete statement, question, directive, or conventional utterance; classify the entire Chinese entry."
7728,幸亏,fortunately,noun,adverb,Adverbial expression rather than a noun.
7729,久仰大名,long admired your name;I've heard great things about you,adjective,sentence,"Complete statement, question, directive, or conventional utterance; classify the entire Chinese entry."
7730,气度不凡,impressive demeanor,noun,idiom,Established idiom rather than ordinary noun.
7731,一表人才,handsome; distinguished-looking,noun,idiom,Established idiom rather than ordinary noun.
7732,绿皮火车,slow green train,adjective,noun,"Names an object, person, food, field, or nominal concept; the whole expression is not adjectival or verbal."
7734,皱皱的,wrinkled,noun,phrase,"Multiword constituent or fragment rather than a standalone lexical noun, verb, adjective, or adverb."
7738,中性,neutral,noun,adjective,Describes a state or property rather than an ordinary noun.
7739,布置,layout;arrangement,noun,verb,"Action, process, or mental state rather than a noun."
7740,耶,yay,noun,interjection,Exclamation rather than a noun.
7743,吞咽,swallow,adjective,verb,Action or process; incorrect adjective/adverb label.
7744,萝卜白菜各有所爱,everyone has their own taste;different strokes for different folks,phrase,sentence,"Complete statement, question, directive, or conventional utterance; classify the entire Chinese entry."
7751,远足,hike,noun,verb,"Action, process, or mental state rather than a noun."
7754,复数,plural (grammar); complex number (mathematics),adjective,noun,"Names an object, person, food, field, or nominal concept; the whole expression is not adjectival or verbal."
7761,候鸟老人,older people who migrate seasonally to warmer places; snowbirds,adjective,noun,"Names an object, person, food, field, or nominal concept; the whole expression is not adjectival or verbal."
7764,解压,unzip;relieve stress,noun,verb,"Action, process, or mental state rather than a noun."
7769,追尾,rear-end collision,noun,verb,"Action, process, or mental state rather than a noun."
7770,醉翁之意不在酒,hidden motive,noun,idiom,"Established idiom: classify the expression as a whole rather than by its literal noun, adjective, or verb gloss."
7773,撕下,tear off,noun,verb,"Action, process, or mental state rather than a noun."
7777,大跃进,Great Leap Forward,noun,proper_noun,"Names a specific person, place, organization, or titled work."
7778,文革,Cultural Revolution,noun,proper_noun,"Names a specific person, place, organization, or titled work."
7779,的确,indeed,noun,adverb,Adverbial expression rather than a noun.
7784,夜郎自大,overconfident in ignorance,noun,idiom,Established idiom rather than ordinary noun.
7787,早餐要吃好，午餐要吃饱，晚餐要吃少,"Eat a good breakfast, a full lunch, and a light dinner.",phrase,sentence,"Complete statement, question, directive, or conventional utterance; classify the entire Chinese entry."
7799,保洁员,cleaning staff,adjective,noun,"Names an object, person, food, field, or nominal concept; the whole expression is not adjectival or verbal."
7803,不过如此,that's all;nothing special,noun,idiom,Established idiom rather than ordinary noun.
7804,毫不夸张地说,without exaggeration,adverb,phrase,"Multiword constituent or fragment rather than a standalone lexical noun, verb, adjective, or adverb."
7807,十八线城市,a very small or obscure lower-tier city (humorous exaggeration),proper_noun,phrase,"Multiword constituent or fragment rather than a standalone lexical noun, verb, adjective, or adverb."
7809,出于好奇,out of curiosity,noun,phrase,"Multiword constituent or fragment rather than a standalone lexical noun, verb, adjective, or adverb."
7812,一杯没有珍珠的奶茶就像是没有灵魂一样,A milk tea without pearls is like a person without a soul.,phrase,sentence,"Complete statement, question, directive, or conventional utterance; classify the entire Chinese entry."
7817,顺丰,SF Express,noun,proper_noun,"Names a specific person, place, organization, or titled work."
7818,中通,ZTO Express,noun,proper_noun,"Names a specific person, place, organization, or titled work."
7819,申通,STO Express,noun,proper_noun,"Names a specific person, place, organization, or titled work."
7820,圆通,YTO Express,noun,proper_noun,"Names a specific person, place, organization, or titled work."
7823,隔离,isolation;quarantine,noun,verb,"Action, process, or mental state rather than a noun."
7828,省会,provincial capital,proper_noun,noun,"Names an object, person, food, field, or nominal concept; the whole expression is not adjectival or verbal."
7832,折叠,fold,adjective,verb,Action or process; incorrect adjective/adverb label.
7835,下降,decrease;decline;drop;fall,noun,verb,"Action, process, or mental state rather than a noun."
7843,冲你翻白眼,roll eyes at you,noun,phrase,"Multiword constituent or fragment rather than a standalone lexical noun, verb, adjective, or adverb."
7844,翻白眼,roll eyes,noun,verb,"Action, process, or mental state rather than a noun."
7845,昏昏欲睡,sleepy,noun,idiom,Established idiom rather than ordinary noun.
7846,一如既往,unchanged,noun,idiom,Established idiom rather than ordinary noun.
7847,趁虚而入,take advantage of weakness,verb,idiom,"Established idiom: classify the expression as a whole rather than by its literal noun, adjective, or verb gloss."
7848,不显山不露水,keep a low profile,verb,idiom,"Established idiom: classify the expression as a whole rather than by its literal noun, adjective, or verb gloss."
7849,保持清醒,stay clear-headed,adjective,phrase,"Multiword constituent or fragment rather than a standalone lexical noun, verb, adjective, or adverb."
7851,节俭,frugal,noun,adjective,Describes a state or property rather than an ordinary noun.
7852,精打细算,be thrifty,verb,idiom,"Established idiom: classify the expression as a whole rather than by its literal noun, adjective, or verb gloss."
7853,分期付款买,buy on installments,verb,phrase,"Multiword constituent or fragment rather than a standalone lexical noun, verb, adjective, or adverb."
7855,吃苦耐劳,hardworking,noun,idiom,Established idiom rather than ordinary noun.
7856,裸奔,streaking,noun,verb,"Action, process, or mental state rather than a noun."
7862,怕热,afraid of heat,noun,verb,"Action, process, or mental state rather than a noun."
7865,握手,shake hands,noun,verb,"Action, process, or mental state rather than a noun."
7866,话不多说,without further ado;no more talk,adverb,sentence,"Complete statement, question, directive, or conventional utterance; classify the entire Chinese entry."
7869,省吃俭用,live frugally,verb,idiom,"Established idiom: classify the expression as a whole rather than by its literal noun, adjective, or verb gloss."
7872,老妹儿,young girl (northeast),adjective,noun,"Names an object, person, food, field, or nominal concept; the whole expression is not adjectival or verbal."
7873,小姑娘,young girl,adjective,noun,"Names an object, person, food, field, or nominal concept; the whole expression is not adjectival or verbal."
7874,斩杀线,execution threshold (gaming); threshold below which defeat or collapse becomes likely (figurative),adjective,noun,"Names an object, person, food, field, or nominal concept; the whole expression is not adjectival or verbal."
7876,手头很紧,short on money,noun,phrase,"Multiword constituent or fragment rather than a standalone lexical noun, verb, adjective, or adverb."
7877,物价上涨,prices rising,noun,phrase,"Multiword constituent or fragment rather than a standalone lexical noun, verb, adjective, or adverb."
7879,一百出头,a little over 100,noun,phrase,"Multiword constituent or fragment rather than a standalone lexical noun, verb, adjective, or adverb."
7884,钟点房,hourly hotel,adjective,noun,"Names an object, person, food, field, or nominal concept; the whole expression is not adjectival or verbal."
7885,顺理成章,logical and natural,adjective,idiom,"Established idiom: classify the expression as a whole rather than by its literal noun, adjective, or verb gloss."
7886,渐渐地,gradually,noun,adverb,Adverbial expression rather than a noun.
7887,热衷于,passionate about;keen on,noun,verb,"Action, process, or mental state rather than a noun."
7888,因祸得福,blessing in disguise,noun,idiom,Established idiom rather than ordinary noun.
7889,纠结了,feeling torn;conflicted,noun,sentence,"Complete statement, question, directive, or conventional utterance; classify the entire Chinese entry."
7890,纠结,dilemma;struggle mentally,noun,adjective,Describes a state or property rather than an ordinary noun.
7891,阴差阳错,accidental coincidence,noun,idiom,Established idiom rather than ordinary noun.
7892,没什么两样,no difference,noun,sentence,"Complete statement, question, directive, or conventional utterance; classify the entire Chinese entry."
7894,言论自由,freedom of speech,adjective,noun,"Names an object, person, food, field, or nominal concept; the whole expression is not adjectival or verbal."
7895,轻生念头,suicidal thoughts,noun,phrase,"Multiword constituent or fragment rather than a standalone lexical noun, verb, adjective, or adverb."
7896,实施,implement,noun,verb,"Action, process, or mental state rather than a noun."
7898,小众,niche,noun,adjective,Describes a state or property rather than an ordinary noun.
7899,稀有,rare;uncommon,noun,adjective,Describes a state or property rather than an ordinary noun.
7900,拆除,demolish;tear down,noun,verb,"Action, process, or mental state rather than a noun."
7901,钉子户,holdout,adjective,noun,"Names an object, person, food, field, or nominal concept; the whole expression is not adjectival or verbal."
7905,刷剧,binge-watch shows,noun,verb,"Action, process, or mental state rather than a noun."
7908,降温,cool down,noun,verb,"Action, process, or mental state rather than a noun."
7909,升温,warm up,noun,verb,"Action, process, or mental state rather than a noun."
7910,2000年出的,released in 2000,noun,phrase,"Multiword constituent or fragment rather than a standalone lexical noun, verb, adjective, or adverb."
7912,多多关照,please take care of me;nice to meet you,noun,phrase,"Multiword constituent or fragment rather than a standalone lexical noun, verb, adjective, or adverb."
7913,早点休息吧,Get some rest early; go to bed early.,verb,sentence,"Complete statement, question, directive, or conventional utterance; classify the entire Chinese entry."
7914,有多大本事享多大的福,enjoy what you’re capable of,phrase,sentence,"Complete statement, question, directive, or conventional utterance; classify the entire Chinese entry."
7916,欢乐颂,Ode to Joy (TV show),noun,proper_noun,"Names a specific person, place, organization, or titled work."
7917,女强人,strong career woman,adjective,noun,"Names an object, person, food, field, or nominal concept; the whole expression is not adjectival or verbal."
7919,纸醉金迷,decadent lifestyle,noun,idiom,Established idiom rather than ordinary noun.
7921,吃喝玩乐,eat drink and play,verb,idiom,"Established idiom: classify the expression as a whole rather than by its literal noun, adjective, or verb gloss."
7922,继承,inherit;inheritance,noun,verb,"Action, process, or mental state rather than a noun."
7927,绝大多数,vast majority,noun,phrase,"Multiword constituent or fragment rather than a standalone lexical noun, verb, adjective, or adverb."
7928,每时每刻,every moment,noun,phrase,"Multiword constituent or fragment rather than a standalone lexical noun, verb, adjective, or adverb."
7932,君为臣纲，父为子纲、夫为妻纲,"The ruler guides the subject, the father guides the son, and the husband guides the wife (the traditional Three Bonds).",phrase,sentence,"Complete statement, question, directive, or conventional utterance; classify the entire Chinese entry."
7936,脍炙人口,universally appreciated,noun,idiom,Established idiom rather than ordinary noun.
7937,子不教父之过,father’s fault if child not taught,noun,sentence,"Complete statement, question, directive, or conventional utterance; classify the entire Chinese entry."
7938,过眼烟云,fleeting,noun,idiom,Established idiom rather than ordinary noun.
7939,望尘莫及,far behind;see only the other rider's dust,noun,idiom,Established idiom rather than ordinary noun.
7940,不约而同,coincidentally;agree by chance,noun,idiom,Established idiom rather than ordinary noun.
7941,持之以恒,to pursue unremittingly;perseverance,verb,idiom,"Established idiom: classify the expression as a whole rather than by its literal noun, adjective, or verb gloss."
7942,热泪盈眶,eyes filled with tears,noun,idiom,Established idiom rather than ordinary noun.
7943,宠辱不惊,remain calm;unperturbed by honor or disgrace,adjective,idiom,"Established idiom: classify the expression as a whole rather than by its literal noun, adjective, or verb gloss."
7945,为难我,make it hard for me,verb,phrase,"Multiword constituent or fragment rather than a standalone lexical noun, verb, adjective, or adverb."
7947,打退堂鼓,chicken out;back down;beat the return drum,noun,idiom,Established idiom rather than ordinary noun.
7950,来不及了,too late,adverb,sentence,"Complete statement, question, directive, or conventional utterance; classify the entire Chinese entry."
7951,暗恋,secret crush,noun,verb,"Action, process, or mental state rather than a noun."
7952,坐以待毙,wait to die,verb,idiom,"Established idiom: classify the expression as a whole rather than by its literal noun, adjective, or verb gloss."
7953,鱼腥味,fishy smell,adjective,noun,"Names an object, person, food, field, or nominal concept; the whole expression is not adjectival or verbal."
7954,腥味,fishy or gamey smell; rank odor of raw meat or fish,adjective,noun,"Names an object, person, food, field, or nominal concept; the whole expression is not adjectival or verbal."
7959,一知半解,half-understood,noun,idiom,Established idiom rather than ordinary noun.
7960,只言片语,fragmentary words;a few isolated phrases,noun,idiom,Established idiom rather than ordinary noun.
7961,情人眼里出西施,beauty is in the eye of the beholder,adjective,sentence,"Complete statement, question, directive, or conventional utterance; classify the entire Chinese entry."
7962,左右逢源,be successful in all directions,verb,idiom,"Established idiom: classify the expression as a whole rather than by its literal noun, adjective, or verb gloss."
7963,四处碰壁,bumping into walls everywhere;meet obstacles,noun,idiom,Established idiom rather than ordinary noun.
7964,中流砥柱,main pillar;mainstay,noun,idiom,Established idiom rather than ordinary noun.
7965,一动不动,don't move once;motionless,noun,idiom,"Established idiom: classify the expression as a whole rather than by its literal noun, adjective, or verb gloss."
7966,自查,self-examination;self-check,noun,verb,"Action, process, or mental state rather than a noun."
7967,推三阻四,make all sorts of excuses;procrastination,verb,idiom,"Established idiom: classify the expression as a whole rather than by its literal noun, adjective, or verb gloss."
7975,正如我所说,as I said,noun,phrase,"Multiword constituent or fragment rather than a standalone lexical noun, verb, adjective, or adverb."
7977,试图,attempt,noun,verb,"Action, process, or mental state rather than a noun."
7981,密切的关系,close relationship,verb,phrase,"Multiword constituent or fragment rather than a standalone lexical noun, verb, adjective, or adverb."
7982,彩虹糖,Skittles,noun,proper_noun,"Names a specific person, place, organization, or titled work."
7983,福利待遇,work benefits,verb,noun,"Names an object, person, food, field, or nominal concept; the whole expression is not adjectival or verbal."
7984,眼不见为净,"out of sight, out of mind",noun,sentence,"Complete statement, question, directive, or conventional utterance; classify the entire Chinese entry."
7986,体面,decent;respectable,noun,adjective,Describes a state or property rather than an ordinary noun.
7988,此时此刻,at this moment,adverb,phrase,"Multiword constituent or fragment rather than a standalone lexical noun, verb, adjective, or adverb."
7989,寸步难行,hard to move,noun,idiom,Established idiom rather than ordinary noun.
7992,不可或缺,indispensable,noun,adjective,Describes a state or property rather than an ordinary noun.
7993,来之不易,hard-earned,noun,idiom,Established idiom rather than ordinary noun.
7997,一荤一素,"one meat, one veg",noun,phrase,"Multiword constituent or fragment rather than a standalone lexical noun, verb, adjective, or adverb."
7998,步骤1,step 1,noun,phrase,"Multiword constituent or fragment rather than a standalone lexical noun, verb, adjective, or adverb."
8000,翻,flip;turn over,noun,verb,"Action, process, or mental state rather than a noun."
8002,卖关子了,keeping someone in suspense; being deliberately mysterious,noun,sentence,"Complete statement, question, directive, or conventional utterance; classify the entire Chinese entry."
8006,结扎,ligation; surgical sterilization (such as vasectomy or tubal ligation),noun,verb,"Action, process, or mental state rather than a noun."
8007,楼群,building complex,adjective,noun,"Names an object, person, food, field, or nominal concept; the whole expression is not adjectival or verbal."
8011,既然,since;now that,noun,conjunction,Connects clauses or alternatives.
8012,中国银联,China UnionPay,noun,proper_noun,"Names a specific person, place, organization, or titled work."
8016,支付宝到账十元,Alipay received 10 yuan,noun,sentence,"Complete statement, question, directive, or conventional utterance; classify the entire Chinese entry."
8017,微信收款十元,WeChat received 10 yuan,noun,sentence,"Complete statement, question, directive, or conventional utterance; classify the entire Chinese entry."
8018,鸡肋了,of little value but hard to give up,noun,sentence,"Complete statement, question, directive, or conventional utterance; classify the entire Chinese entry."
8028,尽我所能,do my best,noun,phrase,"Multiword constituent or fragment rather than a standalone lexical noun, verb, adjective, or adverb."
8029,精听,intensive listening,noun,verb,"Action, process, or mental state rather than a noun."
8030,周末愉快,have a good weekend,verb,sentence,"Complete statement, question, directive, or conventional utterance; classify the entire Chinese entry."
8032,得益于,benefit from;thanks to;due to,noun,verb,"Action, process, or mental state rather than a noun."
8035,漫长,very long (time),adverb,adjective,Describes a state or property rather than functioning as an adverb.
8040,足足,full;as much as,adjective,adverb,Adverbial entry rather than adjective.
8042,水很深,very complicated;waters are deep;full of traps,adverb,phrase,"Multiword constituent or fragment rather than a standalone lexical noun, verb, adjective, or adverb."
8046,五味杂陈,five flavors mixed;mixed feelings,noun,idiom,Established idiom rather than ordinary noun.
8052,意料之外,unexpected,noun,phrase,"Multiword constituent or fragment rather than a standalone lexical noun, verb, adjective, or adverb."
8053,逃税,tax evasion,noun,verb,"Action, process, or mental state rather than a noun."
8058,混乱,chaotic;disorganized,noun,adjective,Describes a state or property rather than an ordinary noun.
8060,提心吊胆,to be on tenterhooks; anxious; to have one's heart in one's mouth,verb,idiom,"Established idiom: classify the expression as a whole rather than by its literal noun, adjective, or verb gloss."
8068,不了了之,end up with nothing;fizzle out,noun,idiom,"Established idiom: classify the expression as a whole rather than by its literal noun, adjective, or verb gloss."
8071,意想不到,unexpected,noun,phrase,"Multiword constituent or fragment rather than a standalone lexical noun, verb, adjective, or adverb."
8072,头昏眼花,dizzy;blurry vision,noun,idiom,Established idiom rather than ordinary noun.
8073,一线希望,a ray of hope,noun,phrase,"Multiword constituent or fragment rather than a standalone lexical noun, verb, adjective, or adverb."
8074,不足,shortcoming;insufficient,noun,adjective,Describes a state or property rather than an ordinary noun.
8075,手足无措,at a loss,adverb,adjective,Describes a state or property rather than functioning as an adverb.
8077,互联网大厂,big tech company,adjective,noun,"Names an object, person, food, field, or nominal concept; the whole expression is not adjectival or verbal."
8080,天翻地覆,earth-shattering,noun,idiom,Established idiom rather than ordinary noun.
8081,息息相关,closely related;intertwined,noun,idiom,Established idiom rather than ordinary noun.
8091,嘴上说说,to just pay lip service,verb,phrase,"Multiword constituent or fragment rather than a standalone lexical noun, verb, adjective, or adverb."
8092,白左,white leftists,adjective,noun,"Names an object, person, food, field, or nominal concept; the whole expression is not adjectival or verbal."
8098,取消文化,cancel culture,verb,noun,"Names an object, person, food, field, or nominal concept; the whole expression is not adjectival or verbal."
8108,切身感受,personal experience;firsthand feeling,noun,phrase,"Multiword constituent or fragment rather than a standalone lexical noun, verb, adjective, or adverb."
8115,投机,having good rapport;clicking (in conversation);stock market speculation,adjective,verb,Action or process; incorrect adjective/adverb label.
8117,没苦硬吃,force oneself to endure,noun,phrase,"Multiword constituent or fragment rather than a standalone lexical noun, verb, adjective, or adverb."
8119,人为,artificial;man-made,noun,adjective,Describes a state or property rather than an ordinary noun.
8120,难以想象,hard to imagine,noun,phrase,"Multiword constituent or fragment rather than a standalone lexical noun, verb, adjective, or adverb."
8124,毫无意义,meaningless,noun,phrase,"Multiword constituent or fragment rather than a standalone lexical noun, verb, adjective, or adverb."
8126,消化,digestion;to digest (information),noun,verb,"Action, process, or mental state rather than a noun."
8128,绿地,green space,adjective,noun,"Names an object, person, food, field, or nominal concept; the whole expression is not adjectival or verbal."
8132,自力更生,self-reliance,noun,idiom,Established idiom rather than ordinary noun.
8133,托举,parental support;lifting up,noun,verb,"Action, process, or mental state rather than a noun."
8137,赶时间,in a hurry;rush against time,adverb,verb,Action or process; incorrect adjective/adverb label.
8138,"成也萧何, 败也萧何",success and failure come from same source,phrase,sentence,"Complete statement, question, directive, or conventional utterance; classify the entire Chinese entry."
8141,恒大,Evergrande,noun,proper_noun,"Names a specific person, place, organization, or titled work."
8144,毫不夸张,not at all exaggerated,noun,phrase,"Multiword constituent or fragment rather than a standalone lexical noun, verb, adjective, or adverb."
8146,除以,divided by,noun,verb,"Action, process, or mental state rather than a noun."
8151,滤网,filter screen,verb,noun,"Names an object, person, food, field, or nominal concept; the whole expression is not adjectival or verbal."
8152,间接,indirectly,noun,adjective,Describes a state or property rather than an ordinary noun.
8156,文化符号,cultural symbol,proper_noun,noun,"Names an object, person, food, field, or nominal concept; the whole expression is not adjectival or verbal."
8158,睡眠质量,sleep quality,verb,noun,"Names an object, person, food, field, or nominal concept; the whole expression is not adjectival or verbal."
8163,偏僻,remote;out-of-the-way,noun,adjective,Describes a state or property rather than an ordinary noun.
8169,又爱又恨,love-hate,noun,phrase,"Multiword constituent or fragment rather than a standalone lexical noun, verb, adjective, or adverb."
8170,消耗体力,to consume physical energy,verb,phrase,"Multiword constituent or fragment rather than a standalone lexical noun, verb, adjective, or adverb."
8171,消耗精力,to consume mental energy,verb,phrase,"Multiword constituent or fragment rather than a standalone lexical noun, verb, adjective, or adverb."
8172,调整状态,to adjust one's state (after break),verb,phrase,"Multiword constituent or fragment rather than a standalone lexical noun, verb, adjective, or adverb."
8174,功不可没,indispensable contribution,noun,idiom,Established idiom rather than ordinary noun.
8182,省时,time-saving,noun,verb,"Action, process, or mental state rather than a noun."
8185,大喊大叫,shout loudly,noun,phrase,"Multiword constituent or fragment rather than a standalone lexical noun, verb, adjective, or adverb."
8190,静音车厢,quiet carriage,adjective,noun,"Names an object, person, food, field, or nominal concept; the whole expression is not adjectival or verbal."
8191,顾名思义,as the name suggests,noun,idiom,Established idiom rather than ordinary noun.
8194,网络新词,new internet slang,adjective,noun,"Names an object, person, food, field, or nominal concept; the whole expression is not adjectival or verbal."
8201,趋之若鹜,to flock eagerly to something (often disapproving),verb,idiom,"Established idiom: classify the expression as a whole rather than by its literal noun, adjective, or verb gloss."
8204,解放双手,to free one's hands,verb,phrase,"Multiword constituent or fragment rather than a standalone lexical noun, verb, adjective, or adverb."
8205,脏衣篮,dirty laundry basket,adjective,noun,"Names an object, person, food, field, or nominal concept; the whole expression is not adjectival or verbal."
8215,崇洋媚外,worship foreign things,noun,idiom,Established idiom rather than ordinary noun.
8223,十大,top ten,noun,phrase,"Multiword constituent or fragment rather than a standalone lexical noun, verb, adjective, or adverb."
8226,两个胖子站在一起，你要猜一个城市的名字,"Two fat people stand together, guess a city name",phrase,sentence,"Complete statement, question, directive, or conventional utterance; classify the entire Chinese entry."
8228,守护解放西,Guarding Jiefang West (TV show),noun,proper_noun,"Names a specific person, place, organization, or titled work."
8230,熨烫,ironing,noun,verb,"Action, process, or mental state rather than a noun."
8239,撸管,hand job;masturbate,noun,verb,"Action, process, or mental state rather than a noun."
8241,红眼航班,red-eye flight,adjective,noun,"Names an object, person, food, field, or nominal concept; the whole expression is not adjectival or verbal."
8243,十全十美,perfect in every way,noun,idiom,Established idiom rather than ordinary noun.
8244,起眼,eye-catching,noun,adjective,Describes a state or property rather than an ordinary noun.
8245,眼前一亮,pleasantly surprised;to brighten one's eyes,noun,idiom,Established idiom rather than ordinary noun.
8246,刮目相看,look at with new admiration,verb,idiom,"Established idiom: classify the expression as a whole rather than by its literal noun, adjective, or verb gloss."
8249,雪中送炭,help in time of need,verb,idiom,"Established idiom: classify the expression as a whole rather than by its literal noun, adjective, or verb gloss."
8252,洋务运动,Westernization Movement,noun,proper_noun,"Names a specific person, place, organization, or titled work."
8256,首当其冲,bear the brunt,noun,idiom,Established idiom rather than ordinary noun.
8257,职业高中,vocational high school,adjective,noun,"Names an object, person, food, field, or nominal concept; the whole expression is not adjectival or verbal."
8258,开拓眼界,broaden horizons,noun,phrase,"Multiword constituent or fragment rather than a standalone lexical noun, verb, adjective, or adverb."
8259,大差不差,more or less the same,adverb,adjective,Describes a state or property rather than functioning as an adverb.
8260,五湖四海,from all over the country,proper_noun,idiom,Established figurative expression rather than a literal place or fragment.
8261,老乡,fellow townsman,adjective,noun,"Names an object, person, food, field, or nominal concept; the whole expression is not adjectival or verbal."
8262,肆无忌惮,unscrupulous,noun,idiom,Established idiom rather than ordinary noun.
8264,何不食肉糜,out of touch with common people;Why don't they eat meat porridge,noun,sentence,"Complete statement, question, directive, or conventional utterance; classify the entire Chinese entry."
8265,不切实际,impractical,noun,phrase,"Multiword constituent or fragment rather than a standalone lexical noun, verb, adjective, or adverb."
8267,感同身受,empathize deeply,adjective,idiom,"Established idiom: classify the expression as a whole rather than by its literal noun, adjective, or verb gloss."
8269,蹩脚,broken (language),noun,adjective,Describes a state or property rather than an ordinary noun.
8270,刺耳,harsh to the ear,noun,adjective,Describes a state or property rather than an ordinary noun.
8271,孤陋寡闻,ignorant and inexperienced,noun,idiom,Established idiom rather than ordinary noun.
8272,四季如春,spring-like all year,noun,idiom,Established idiom rather than ordinary noun.
8274,突如其来,sudden;unexpected,noun,idiom,Established idiom rather than ordinary noun.
8278,无所不能,almighty,noun,idiom,Established idiom rather than ordinary noun.
8280,众口难调,it's hard to please everyone,noun,idiom,"Established idiom: classify the expression as a whole rather than by its literal noun, adjective, or verb gloss."
8283,学历贬值,diploma devaluation,noun,phrase,"Multiword constituent or fragment rather than a standalone lexical noun, verb, adjective, or adverb."
8284,粉丝,fans; followers; glass noodles; bean-thread vermicelli,adjective,noun,"Names an object, person, food, field, or nominal concept; the whole expression is not adjectival or verbal."
8285,变现,monetize,noun,verb,"Action, process, or mental state rather than a noun."
8287,阴雨连绵,continuous rainy,noun,phrase,"Multiword constituent or fragment rather than a standalone lexical noun, verb, adjective, or adverb."
8288,光着脚,barefoot,noun,phrase,"Multiword constituent or fragment rather than a standalone lexical noun, verb, adjective, or adverb."
8294,自问自答,to ask and answer oneself,verb,idiom,"Established idiom: classify the expression as a whole rather than by its literal noun, adjective, or verb gloss."
8296,粘在一起,to stick together,verb,phrase,"Multiword constituent or fragment rather than a standalone lexical noun, verb, adjective, or adverb."
8309,胆小,timid,noun,adjective,Describes a state or property rather than an ordinary noun.
8313,超级马里奥,Super Mario,noun,proper_noun,"Names a specific person, place, organization, or titled work."
8315,疏而不漏,nothing escapes justice,noun,idiom,Established idiom rather than ordinary noun.
8319,温泉,hot spring,adjective,noun,"Names an object, person, food, field, or nominal concept; the whole expression is not adjectival or verbal."
8320,收拾,pack (luggage);tidy up,noun,verb,"Action, process, or mental state rather than a noun."
8321,加一,plus one;agreed,noun,phrase,"Multiword constituent or fragment rather than a standalone lexical noun, verb, adjective, or adverb."
8324,风吹日晒,exposed to sun and wind,noun,idiom,Established idiom rather than ordinary noun.
8325,知识青年上山下乡,Down to the Countryside Movement,phrase,sentence,"Complete statement, question, directive, or conventional utterance; classify the entire Chinese entry."
8330,摆拍,staged photo,adjective,verb,Action or process; incorrect adjective/adverb label.
8331,嗤之以鼻,to sniff at;disdain,verb,idiom,"Established idiom: classify the expression as a whole rather than by its literal noun, adjective, or verb gloss."
8332,肤浅,superficial,noun,adjective,Describes a state or property rather than an ordinary noun.
8334,灵感枯竭,creative burnout,noun,phrase,"Multiword constituent or fragment rather than a standalone lexical noun, verb, adjective, or adverb."
8335,一成不变,unchanging,noun,idiom,Established idiom rather than ordinary noun.
8336,形象生动,vivid,noun,phrase,"Multiword constituent or fragment rather than a standalone lexical noun, verb, adjective, or adverb."
8337,新奇,novel,noun,adjective,Describes a state or property rather than an ordinary noun.
8343,屈指可数,can be counted on one hand,verb,idiom,"Established idiom: classify the expression as a whole rather than by its literal noun, adjective, or verb gloss."
8345,热血沸腾,to be fired up,verb,idiom,"Established idiom: classify the expression as a whole rather than by its literal noun, adjective, or verb gloss."
8351,老少咸宜,suitable for all ages,noun,phrase,"Multiword constituent or fragment rather than a standalone lexical noun, verb, adjective, or adverb."
8353,赞不绝口,endless praise,noun,idiom,Established idiom rather than ordinary noun.
8357,专心致志,with single-minded dedication,noun,idiom,Established idiom rather than ordinary noun.
8358,一心一意,wholeheartedly,noun,idiom,Established idiom rather than ordinary noun.
8359,名利双收,to gain both fame and wealth,verb,idiom,"Established idiom: classify the expression as a whole rather than by its literal noun, adjective, or verb gloss."
8363,生动形象,vivid and lively,noun,phrase,"Multiword constituent or fragment rather than a standalone lexical noun, verb, adjective, or adverb."
8364,顺风顺水,smooth sailing,noun,idiom,Established idiom rather than ordinary noun.
8365,博取流量,seek traffic;clicks,noun,phrase,"Multiword constituent or fragment rather than a standalone lexical noun, verb, adjective, or adverb."
8367,繁文缛节,overcomplicated formalities;red tape,adjective,noun,"Names an object, person, food, field, or nominal concept; the whole expression is not adjectival or verbal."
8368,阿谀奉承,to flatter and fawn,verb,idiom,"Established idiom: classify the expression as a whole rather than by its literal noun, adjective, or verb gloss."
8369,实事求是,to seek truth from facts,verb,idiom,"Established idiom: classify the expression as a whole rather than by its literal noun, adjective, or verb gloss."
8370,福如东海,happiness as vast as the East Sea (blessing),noun,idiom,Established idiom rather than ordinary noun.
8371,寿比南山,longevity;lasting as the Southern Mountain,noun,idiom,Established idiom rather than ordinary noun.
8372,抗美援朝,War to Resist US Aggression and Aid Korea,noun,proper_noun,"Names a specific person, place, organization, or titled work."
8379,过渡,transition,noun,verb,"Action, process, or mental state rather than a noun."
8380,安全网,safety net,adjective,noun,"Names an object, person, food, field, or nominal concept; the whole expression is not adjectival or verbal."
8382,微乎其微,very little;negligible,adverb,adjective,Describes a state or property rather than functioning as an adverb.
8383,陈词滥调,cliché,noun,idiom,Established idiom rather than ordinary noun.
8384,设身处地,to put oneself in someone's shoes,verb,idiom,"Established idiom: classify the expression as a whole rather than by its literal noun, adjective, or verb gloss."
8387,喧宾夺主,to overshadow the host,verb,idiom,"Established idiom: classify the expression as a whole rather than by its literal noun, adjective, or verb gloss."
8389,察言观色,to read people's expressions,verb,idiom,"Established idiom: classify the expression as a whole rather than by its literal noun, adjective, or verb gloss."
8390,来龙去脉,ins and outs;causes and effects;whole story,noun,idiom,Established idiom rather than ordinary noun.
8391,拭目以待,to wait and see,verb,idiom,"Established idiom: classify the expression as a whole rather than by its literal noun, adjective, or verb gloss."
8394,琳琅满目,a dazzling array of items,noun,idiom,Established idiom rather than ordinary noun.
8405,大批量,large quantity;bulk,noun,phrase,"Multiword constituent or fragment rather than a standalone lexical noun, verb, adjective, or adverb."
8406,随身携带,to carry on one's person,verb,phrase,"Multiword constituent or fragment rather than a standalone lexical noun, verb, adjective, or adverb."
8409,紧跟潮流,to keep up with trends,verb,phrase,"Multiword constituent or fragment rather than a standalone lexical noun, verb, adjective, or adverb."
8412,克服,overcome,noun,verb,"Action, process, or mental state rather than a noun."
8414,1点5倍,1.5-times,noun,phrase,"Multiword constituent or fragment rather than a standalone lexical noun, verb, adjective, or adverb."
8415,在回来路上,on the way back,adverb,phrase,"Multiword constituent or fragment rather than a standalone lexical noun, verb, adjective, or adverb."
8416,4块5,4.5 yuan,noun,phrase,"Multiword constituent or fragment rather than a standalone lexical noun, verb, adjective, or adverb."
8421,就事论事,to discuss matters on their merits,verb,idiom,"Established idiom: classify the expression as a whole rather than by its literal noun, adjective, or verb gloss."
8428,米其林,Michelin (guide),noun,proper_noun,"Names a specific person, place, organization, or titled work."
8435,突飞猛进,rapid progress,noun,idiom,Established idiom rather than ordinary noun.
8440,贴身,fitting;close to body,noun,adjective,Describes a state or property rather than an ordinary noun.
8441,怕黑,afraid of the dark,noun,verb,"Action, process, or mental state rather than a noun."
8442,怕高,afraid of heights,noun,verb,"Action, process, or mental state rather than a noun."
8446,抑扬顿挫,rhythmic cadence;intonation,noun,idiom,Established idiom rather than ordinary noun.
8448,环游世界,to travel around the world,verb,phrase,"Multiword constituent or fragment rather than a standalone lexical noun, verb, adjective, or adverb."
8452,热气,heat; hot air; steam,adjective,noun,"Names an object, person, food, field, or nominal concept; the whole expression is not adjectival or verbal."
8456,黑五,Black Friday,adjective,noun,"Names an object, person, food, field, or nominal concept; the whole expression is not adjectival or verbal."
8457,抢,snatch;rush to get,noun,verb,"Action, process, or mental state rather than a noun."
8462,沪漂,Shanghai drifter,proper_noun,noun,"Names an object, person, food, field, or nominal concept; the whole expression is not adjectival or verbal."
8466,宜居,livable,noun,adjective,Describes a state or property rather than an ordinary noun.
8471,前仆后继,press forward one after another,noun,idiom,Established idiom rather than ordinary noun.
8475,过气,out of fashion,noun,verb,"Action, process, or mental state rather than a noun."
8478,不惜花重金,to spare no expense,verb,phrase,"Multiword constituent or fragment rather than a standalone lexical noun, verb, adjective, or adverb."
8479,情有可原,"understandable;excusable (interruption, misunderstanding)",noun,idiom,Established idiom rather than ordinary noun.
8480,骨子里,deep down;in one's bones,adjective,phrase,"Multiword constituent or fragment rather than a standalone lexical noun, verb, adjective, or adverb."
8482,散养,free-range,adjective,verb,Action or process; incorrect adjective/adverb label.
8483,散漫,undisciplined;lax,noun,adjective,Describes a state or property rather than an ordinary noun.
8485,恍然大悟,suddenly realize,noun,idiom,Established idiom rather than ordinary noun.
8486,世界八大奇迹,Eight Wonders of the World,proper_noun,phrase,"Multiword constituent or fragment rather than a standalone lexical noun, verb, adjective, or adverb."
8487,一眼望不到头,endless as far as the eye can see,noun,sentence,"Complete statement, question, directive, or conventional utterance; classify the entire Chinese entry."
8491,遗址,ruins;historic site,proper_noun,noun,"Names an object, person, food, field, or nominal concept; the whole expression is not adjectival or verbal."
8496,见怪不怪,to be accustomed to;not surprised anymore,verb,idiom,"Established idiom: classify the expression as a whole rather than by its literal noun, adjective, or verb gloss."
8497,铺天盖地,flooding everywhere;overwhelming,noun,idiom,Established idiom rather than ordinary noun.
8504,安于现状,to take things as they are;happy with status quo,verb,idiom,"Established idiom: classify the expression as a whole rather than by its literal noun, adjective, or verb gloss."
8505,本命年自己会倒霉,you will have bad luck in your zodiac year,phrase,sentence,"Complete statement, question, directive, or conventional utterance; classify the entire Chinese entry."
8511,饭后百步走活到九十九,Walk a hundred steps after a meal and you'll live to ninety-nine.,phrase,sentence,"Complete statement, question, directive, or conventional utterance; classify the entire Chinese entry."
8527,专程,special trip;for a special purpose,noun,adverb,Adverb meaning especially / for a specific purpose; not a verb or noun.
8528,跳出舒适圈,step out of one's comfort zone,noun,phrase,"Multiword constituent or fragment rather than a standalone lexical noun, verb, adjective, or adverb."
8529,平平无奇,ordinary; unremarkable,noun,idiom,Established idiom rather than ordinary noun.
8530,网红店,internet-famous shop,adjective,noun,"Names an object, person, food, field, or nominal concept; the whole expression is not adjectival or verbal."
8533,社会信用系统,social credit system,adjective,noun,"Names an object, person, food, field, or nominal concept; the whole expression is not adjectival or verbal."
8534,失信名单,blacklist of defaulters,adjective,noun,"Names an object, person, food, field, or nominal concept; the whole expression is not adjectival or verbal."
8535,芝麻信用,Sesame Credit,adjective,proper_noun,"Names a specific person, place, organization, or titled work."
8536,先买后付,buy now pay later,verb,phrase,"Multiword constituent or fragment rather than a standalone lexical noun, verb, adjective, or adverb."
8541,身体发肤受之父母,one's body and hair are given by one's parents,phrase,sentence,"Complete statement, question, directive, or conventional utterance; classify the entire Chinese entry."
8542,白发人送黑发人,gray-haired person buries the black-haired;parents outliving child,adjective,sentence,"Complete statement, question, directive, or conventional utterance; classify the entire Chinese entry."
8544,抗争到底,fight to the end,verb,phrase,"Multiword constituent or fragment rather than a standalone lexical noun, verb, adjective, or adverb."
8545,惊心动魄,heart-stopping;thrilling,noun,idiom,Established idiom rather than ordinary noun.
8546,胆战心惊,to be terrified,verb,idiom,"Established idiom: classify the expression as a whole rather than by its literal noun, adjective, or verb gloss."
8548,老豆,old bean;Cantonese dad,adjective,noun,"Names an object, person, food, field, or nominal concept; the whole expression is not adjectival or verbal."
8554,大跌眼镜,eye-opening;to be greatly surprised,noun,idiom,Established idiom rather than ordinary noun.
8565,中成药,prepared traditional Chinese medicine; proprietary Chinese medicine,adjective,noun,"Names an object, person, food, field, or nominal concept; the whole expression is not adjectival or verbal."
8570,有说服力,persuasive,noun,phrase,"Multiword constituent or fragment rather than a standalone lexical noun, verb, adjective, or adverb."
8571,儿化音,erhua; addition of an r-colored suffix in Mandarin,adjective,noun,"Names an object, person, food, field, or nominal concept; the whole expression is not adjectival or verbal."
8575,枯燥无味,dull and boring,noun,idiom,Established idiom rather than ordinary noun.
8576,正襟危坐,sit formally and seriously,verb,idiom,"Established idiom: classify the expression as a whole rather than by its literal noun, adjective, or verb gloss."
8578,细水长流,thin streams flow forever;slow and steady,adjective,idiom,"Established idiom: classify the expression as a whole rather than by its literal noun, adjective, or verb gloss."
8585,众所周知,as everyone knows,noun,idiom,Established idiom rather than ordinary noun.
8588,黑神话悟空,Black Myth Wukong (game),adjective,proper_noun,"Names a specific person, place, organization, or titled work."
8591,填饱肚子,fill one's stomach,noun,phrase,"Multiword constituent or fragment rather than a standalone lexical noun, verb, adjective, or adverb."
8593,掉以轻心,let one's guard down;to treat something lightly,noun,idiom,Established idiom rather than ordinary noun.
8594,实话实说,tell the truth,noun,idiom,Established idiom rather than ordinary noun.
8596,民以食为天,food is the first necessity of the people,noun,sentence,"Complete statement, question, directive, or conventional utterance; classify the entire Chinese entry."
8600,投币式,coin operated,noun,phrase,"Multiword constituent or fragment rather than a standalone lexical noun, verb, adjective, or adverb."
8601,轻装上阵,to travel light,verb,idiom,"Established idiom: classify the expression as a whole rather than by its literal noun, adjective, or verb gloss."
8602,干洗,dry clean,adjective,verb,Action or process; incorrect adjective/adverb label.
8603,津津乐道,to take delight in talking about,verb,idiom,"Established idiom: classify the expression as a whole rather than by its literal noun, adjective, or verb gloss."
8605,蓝海,blue ocean;untapped market,adjective,noun,"Names an object, person, food, field, or nominal concept; the whole expression is not adjectival or verbal."
8607,反常识,counterintuitive,noun,phrase,"Multiword constituent or fragment rather than a standalone lexical noun, verb, adjective, or adverb."
8610,首富,richest person,adjective,noun,"Names an object, person, food, field, or nominal concept; the whole expression is not adjectival or verbal."
8612,何乐而不为,what can you have against it;why not do it (rhetorical),noun,sentence,"Complete statement, question, directive, or conventional utterance; classify the entire Chinese entry."
8614,一口气吃不成胖子,you can't get fat in one bite;Rome wasn't built in a day,phrase,sentence,"Complete statement, question, directive, or conventional utterance; classify the entire Chinese entry."
8616,费脑子,mentally taxing,noun,verb,"Action, process, or mental state rather than a noun."
8617,毫不费力,effortless,noun,phrase,"Multiword constituent or fragment rather than a standalone lexical noun, verb, adjective, or adverb."
8625,超车,overtake,noun,verb,"Action, process, or mental state rather than a noun."
8634,朝夕相处,to be together day and night,verb,idiom,"Established idiom: classify the expression as a whole rather than by its literal noun, adjective, or verb gloss."
8643,腻,fed up;sick of,noun,adjective,Describes a state or property rather than an ordinary noun.
8646,白勺的,white ladle de (的),adjective,noun,"Names an object, person, food, field, or nominal concept; the whole expression is not adjectival or verbal."
8647,土字旁的,earth radical de (地),noun,phrase,"Multiword constituent or fragment rather than a standalone lexical noun, verb, adjective, or adverb."
8648,双人旁的,double person radical de (得),noun,phrase,"Multiword constituent or fragment rather than a standalone lexical noun, verb, adjective, or adverb."
8652,聊胜于无,better than nothing,noun,idiom,Established idiom rather than ordinary noun.
8657,什么鬼,what the heck,noun,sentence,"Complete statement, question, directive, or conventional utterance; classify the entire Chinese entry."
8659,去你的,screw you,noun,interjection,Conventional exclamation rather than a noun.
8663,国共内战,Chinese Civil War,noun,proper_noun,"Names a specific person, place, organization, or titled work."
8664,经济下行,economic downturn,noun,phrase,"Multiword constituent or fragment rather than a standalone lexical noun, verb, adjective, or adverb."
8669,偏远,far out;remote,noun,adjective,Describes a state or property rather than an ordinary noun.
8675,破口大骂,to curse furiously,verb,idiom,"Established idiom: classify the expression as a whole rather than by its literal noun, adjective, or verb gloss."
8676,礼让行人,to yield to pedestrians,verb,phrase,"Multiword constituent or fragment rather than a standalone lexical noun, verb, adjective, or adverb."
8679,灵丹妙药,panacea;miracle cure,noun,idiom,Established idiom rather than ordinary noun.
8688,高光,highlight; peak moment,adjective,noun,"Names an object, person, food, field, or nominal concept; the whole expression is not adjectival or verbal."
8694,人烟稀少,sparsely populated,noun,phrase,"Multiword constituent or fragment rather than a standalone lexical noun, verb, adjective, or adverb."
8695,颠沛流离,to wander in hardship,verb,idiom,"Established idiom: classify the expression as a whole rather than by its literal noun, adjective, or verb gloss."
8700,解放军,People's Liberation Army,noun,proper_noun,"Names a specific person, place, organization, or titled work."
8702,小卖部,small convenience store,adjective,noun,"Names an object, person, food, field, or nominal concept; the whole expression is not adjectival or verbal."
8704,没有半毛钱关系,to have no relationship at all,verb,sentence,"Complete statement, question, directive, or conventional utterance; classify the entire Chinese entry."
8712,陷入,sink into;fall into,noun,verb,"Action, process, or mental state rather than a noun."
8714,喔,oh;particle to make things sound softer,noun,interjection,Exclamation rather than a noun.
8722,走寻常路,to follow the conventional path,verb,phrase,"Multiword constituent or fragment rather than a standalone lexical noun, verb, adjective, or adverb."
8727,天方夜谭,fantasy;absurd idea;The Arabian Nights,noun,idiom,Established idiom rather than ordinary noun.
8730,游山玩水,to travel for pleasure,verb,idiom,"Established idiom: classify the expression as a whole rather than by its literal noun, adjective, or verb gloss."
8733,勤俭持家,to run a household frugally,verb,idiom,"Established idiom: classify the expression as a whole rather than by its literal noun, adjective, or verb gloss."
8735,健步如飞,to walk briskly,verb,idiom,"Established idiom: classify the expression as a whole rather than by its literal noun, adjective, or verb gloss."
8737,一窍不通,to know nothing about;it's all Greek to me,verb,idiom,"Established idiom: classify the expression as a whole rather than by its literal noun, adjective, or verb gloss."
8738,女士们，先生们，大家晚上好,"Ladies and gentlemen, good evening.",phrase,sentence,"Complete statement, question, directive, or conventional utterance; classify the entire Chinese entry."
8740,先生,Mr.; sir; gentleman; husband,adjective,noun,"Names an object, person, food, field, or nominal concept; the whole expression is not adjectival or verbal."
8750,重农轻商,to value agriculture over commerce,verb,phrase,"Multiword constituent or fragment rather than a standalone lexical noun, verb, adjective, or adverb."
8751,士农工商,"social hierarchy: scholars, farmers, artisans, merchants",noun,phrase,"Multiword constituent or fragment rather than a standalone lexical noun, verb, adjective, or adverb."
8755,高瞻远瞩,acute foresight; visionary,noun,idiom,Established idiom rather than ordinary noun.
8762,乌云密布,overcast with dark clouds,noun,phrase,"Multiword constituent or fragment rather than a standalone lexical noun, verb, adjective, or adverb."
8766,听说读写,listening speaking reading and writing,noun,phrase,"Multiword constituent or fragment rather than a standalone lexical noun, verb, adjective, or adverb."
8771,稀里糊涂,confused; muddle-headed,noun,adjective,Describes a state or property rather than an ordinary noun.
8778,出口成章,to speak eloquently;words form a chapter,verb,idiom,"Established idiom: classify the expression as a whole rather than by its literal noun, adjective, or verb gloss."
8780,老破小,old small rundown apartment,adjective,noun,"Names an object, person, food, field, or nominal concept; the whole expression is not adjectival or verbal."
8781,开门见山,to get straight to the point,verb,idiom,"Established idiom: classify the expression as a whole rather than by its literal noun, adjective, or verb gloss."
8783,内疚,guilty,noun,adjective,Describes a state or property rather than an ordinary noun.
8784,久病床前无孝子,long illness tests filial piety,noun,sentence,"Complete statement, question, directive, or conventional utterance; classify the entire Chinese entry."
8792,拗口,hard to pronounce;awkward sounding,noun,adjective,Describes a state or property rather than an ordinary noun.
8794,航拍,aerial photography,adjective,verb,Action or process; incorrect adjective/adverb label.
8796,零浪费,zero waste,noun,phrase,"Multiword constituent or fragment rather than a standalone lexical noun, verb, adjective, or adverb."
8801,冷场,awkward silence,noun,verb,"Action, process, or mental state rather than a noun."
8804,比例大概是多少,what is the approximate proportion?,noun,sentence,"Complete statement, question, directive, or conventional utterance; classify the entire Chinese entry."
8807,续杯,refill (drink),noun,verb,"Action, process, or mental state rather than a noun."
8814,诸如此类,and so on; such things like that,noun,idiom,Established idiom rather than ordinary noun.
8816,登天还难,extremely difficult,adverb,phrase,"Multiword constituent or fragment rather than a standalone lexical noun, verb, adjective, or adverb."
8821,初一,first day of a lunar month; first year of junior high school,adjective,noun,"Names an object, person, food, field, or nominal concept; the whole expression is not adjectival or verbal."
8822,除夕,Chinese New Year's Eve,adjective,noun,"Names an object, person, food, field, or nominal concept; the whole expression is not adjectival or verbal."
8823,微胖,slightly chubby,noun,adjective,Describes a state or property rather than an ordinary noun.
8824,请见谅,please forgive me,noun,sentence,"Complete statement, question, directive, or conventional utterance; classify the entire Chinese entry."
8827,宜人,pleasant,noun,adjective,Describes a state or property rather than an ordinary noun.
8828,难熬,hard to endure,noun,adjective,Describes a state or property rather than an ordinary noun.
8851,国际足联,FIFA,noun,proper_noun,"Names a specific person, place, organization, or titled work."
8855,昏迷不醒,unconscious,noun,phrase,"Multiword constituent or fragment rather than a standalone lexical noun, verb, adjective, or adverb."
8857,见义勇为,act bravely for a just cause,adjective,idiom,"Established idiom: classify the expression as a whole rather than by its literal noun, adjective, or verb gloss."
8859,喜新厌旧,love the new and hate the old,verb,idiom,"Established idiom: classify the expression as a whole rather than by its literal noun, adjective, or verb gloss."
8864,别狗叫了,stop barking,verb,sentence,"Complete statement, question, directive, or conventional utterance; classify the entire Chinese entry."
8867,绝逼是,absofuckinglutely,noun,phrase,"Multiword constituent or fragment rather than a standalone lexical noun, verb, adjective, or adverb."
8869,懒驴上磨屎尿多,lazy people always have excuses,noun,sentence,"Complete statement, question, directive, or conventional utterance; classify the entire Chinese entry."
8870,没人伺候你,no one is here to serve you,noun,sentence,"Complete statement, question, directive, or conventional utterance; classify the entire Chinese entry."
8871,我弄死你,"I'll kill you; I'll finish you off (threat or hyperbole, depending on context).",noun,sentence,"Complete statement, question, directive, or conventional utterance; classify the entire Chinese entry."
8872,丑人多做怪,ugly people cause the most drama,noun,sentence,"Complete statement, question, directive, or conventional utterance; classify the entire Chinese entry."
8874,你行不行啊,can you even do it?,verb,sentence,"Complete statement, question, directive, or conventional utterance; classify the entire Chinese entry."
8876,你给我等着,just you wait,adverb,sentence,"Complete statement, question, directive, or conventional utterance; classify the entire Chinese entry."
8878,眼不见，心不烦,"Out of sight, out of mind.",phrase,sentence,"Complete statement, question, directive, or conventional utterance; classify the entire Chinese entry."
8879,你装什么逼,who do you think you are?,noun,sentence,"Complete statement, question, directive, or conventional utterance; classify the entire Chinese entry."
8880,太佛了,so chill,noun,sentence,"Complete statement, question, directive, or conventional utterance; classify the entire Chinese entry."
8881,太夯了,top-tier;super trendy,noun,sentence,"Complete statement, question, directive, or conventional utterance; classify the entire Chinese entry."
8882,你傻逼吧,are you fucking stupid?,noun,sentence,"Complete statement, question, directive, or conventional utterance; classify the entire Chinese entry."
8885,你找抽啊,are you looking for trouble?,noun,sentence,"Complete statement, question, directive, or conventional utterance; classify the entire Chinese entry."
8886,关你屁事,none of your business,noun,sentence,"Complete statement, question, directive, or conventional utterance; classify the entire Chinese entry."
8887,你有病啊,what's wrong with you?,noun,sentence,"Complete statement, question, directive, or conventional utterance; classify the entire Chinese entry."
8889,烦死了,I'm so annoyed,noun,sentence,"Complete statement, question, directive, or conventional utterance; classify the entire Chinese entry."
8890,太飒了,so cool;slayed,noun,sentence,"Complete statement, question, directive, or conventional utterance; classify the entire Chinese entry."
8891,我操,fuck;damn,noun,interjection,Conventional exclamation rather than a noun.
8893,美食沙漠,culinary wasteland; a place with few good food options (slang),adjective,noun,"Names an object, person, food, field, or nominal concept; the whole expression is not adjectival or verbal."
8895,滤纸,filter paper,verb,noun,"Names an object, person, food, field, or nominal concept; the whole expression is not adjectival or verbal."
8896,属于,belong to,noun,verb,"Action, process, or mental state rather than a noun."
8905,晒娃,show off one's children online,noun,verb,"Action, process, or mental state rather than a noun."
8907,不拘小节,not bother about trifles,noun,idiom,Established idiom rather than ordinary noun.
8908,深思熟虑,carefully considered,adjective,idiom,"Established idiom: classify the expression as a whole rather than by its literal noun, adjective, or verb gloss."
8912,必经之路,necessary path,adjective,noun,"Names an object, person, food, field, or nominal concept; the whole expression is not adjectival or verbal."
8914,各位早上好,good morning everyone,adjective,sentence,"Complete statement, question, directive, or conventional utterance; classify the entire Chinese entry."
8915,字节跳动,ByteDance,noun,proper_noun,"Names a specific person, place, organization, or titled work."
8927,霍尔木兹海峡,Strait of Hormuz,noun,proper_noun,"Names a specific person, place, organization, or titled work."
8930,爱泼斯坦,Epstein,noun,proper_noun,"Names a specific person, place, organization, or titled work."
8939,海湾国家,Gulf countries,proper_noun,phrase,"Multiword constituent or fragment rather than a standalone lexical noun, verb, adjective, or adverb."
8947,积少成多,many little things add up,noun,idiom,Established idiom rather than ordinary noun.
8952,退而求其次,to settle for second best,verb,idiom,"Established idiom: classify the expression as a whole rather than by its literal noun, adjective, or verb gloss."
8956,趁热打铁,strike while the iron is hot,adjective,idiom,"Established idiom: classify the expression as a whole rather than by its literal noun, adjective, or verb gloss."
8957,阴凉,shady and cool,noun,adjective,Describes a state or property rather than an ordinary noun.
8958,不妥,inappropriate,noun,adjective,Describes a state or property rather than an ordinary noun.
8964,央视,China Central Television (CCTV),noun,proper_noun,"Names a specific person, place, organization, or titled work."
8965,势不可挡,irresistible,noun,idiom,Established idiom rather than ordinary noun.
8967,英国卫报,The Guardian,noun,proper_noun,"Names a specific person, place, organization, or titled work."
8970,核磁共振,nuclear magnetic resonance (NMR); MRI scan (common clinical usage),adjective,noun,"Names an object, person, food, field, or nominal concept; the whole expression is not adjectival or verbal."
8972,无药可救,beyond saving,noun,idiom,Established idiom rather than ordinary noun.
8975,大器晚成,late bloomer,noun,idiom,Established idiom rather than ordinary noun.
8980,新能源汽车,new energy vehicle,adjective,noun,"Names an object, person, food, field, or nominal concept; the whole expression is not adjectival or verbal."
8984,有可能,possibly,noun,phrase,"Multiword constituent or fragment rather than a standalone lexical noun, verb, adjective, or adverb."
8985,老城区,old town,proper_noun,noun,"Names an object, person, food, field, or nominal concept; the whole expression is not adjectival or verbal."
8989,同比增长,year-on-year growth,noun,phrase,"Multiword constituent or fragment rather than a standalone lexical noun, verb, adjective, or adverb."
8990,宝可梦,Pokémon,noun,proper_noun,"Names a specific person, place, organization, or titled work."
8993,外来的,foreign,noun,phrase,"Multiword constituent or fragment rather than a standalone lexical noun, verb, adjective, or adverb."
9002,身上有汗,to be sweaty,verb,phrase,"Multiword constituent or fragment rather than a standalone lexical noun, verb, adjective, or adverb."
9009,干燥,dry;arid,noun,adjective,Describes a state or property rather than an ordinary noun.
9012,积极参与,actively participate,noun,phrase,"Multiword constituent or fragment rather than a standalone lexical noun, verb, adjective, or adverb."
9021,千瓦,kilowatt,adjective,noun,"Names an object, person, food, field, or nominal concept; the whole expression is not adjectival or verbal."
9022,世界卫生组织,World Health Organization,noun,proper_noun,"Names a specific person, place, organization, or titled work."
9024,假一赔十,tenfold compensation for a fake product,adjective,sentence,"Complete statement, question, directive, or conventional utterance; classify the entire Chinese entry."
9034,复诊,follow-up medical visit,adjective,verb,Action or process; incorrect adjective/adverb label.
9043,如鱼得水,to be in one's element,verb,idiom,"Established idiom: classify the expression as a whole rather than by its literal noun, adjective, or verb gloss."
9054,一个一个来,one at a time,noun,sentence,"Complete statement, question, directive, or conventional utterance; classify the entire Chinese entry."
9060,心流,flow state,adjective,noun,"Names an object, person, food, field, or nominal concept; the whole expression is not adjectival or verbal."
9069,照常,as usual,noun,adverb,Adverbial expression rather than a noun.
9073,绞尽脑汁,to rack one's brains,verb,idiom,"Established idiom: classify the expression as a whole rather than by its literal noun, adjective, or verb gloss."
9074,宁缺毋滥,better to go without than settle for less,noun,idiom,Established idiom rather than ordinary noun.
9081,言外之意,implied meaning; what is left unsaid,noun,idiom,Established idiom rather than ordinary noun.
9089,切身,firsthand,noun,adjective,Describes a state or property rather than an ordinary noun.
9092,吓人,scary; frightening,noun,adjective,Describes a state or property rather than an ordinary noun.
9093,绝望,despair; hopeless,noun,adjective,Describes a state or property rather than an ordinary noun.
