id,chinese,english,original_literal_translation,literal_translation_complete,review_action
5,保险,insurance,,protect against danger,fill_missing
6,保险箱,a safe,,protect-against-danger box,fill_missing
8,离婚,divorce,,leave a marriage,fill_missing
11,一月,January,month one,one month; first month (January in this entry),refine_existing_in_new_column
19,担心,anxious;worried,,carry a burden in the heart,fill_missing
22,说服,persuade,,speak into submission,fill_missing
24,会计,accounting; accountant,,assemble and reckon accounts,fill_missing
29,推迟,postpone,,push later,fill_missing
30,秘书,secretary,,confidential writings,fill_missing
33,自大,arrogant,,self-big,fill_missing
34,天真,innocent;naive,,natural genuineness,fill_missing
35,完美,perfect,,complete beauty,fill_missing
36,可爱,cute,,lovable,fill_missing
37,可信,credible; trustworthy; believable,,can be believed,fill_missing
40,现代,modern,,present era,fill_missing
41,易燃,flammable,,easy to burn,fill_missing
42,易爆,explosive,,easy to explode,fill_missing
43,三角形,triangle,,three-angle shape,fill_missing
44,六边形,hexagon,,six-sided shape,fill_missing
49,地理,geography,,principles of the earth,fill_missing
52,约会,dating;date,,arranged meeting,fill_missing
54,实验,experiment,,test in practice,fill_missing
55,实验室,laboratory,,room for testing in practice,fill_missing
57,新闻,news,,new things heard,fill_missing
59,和平,peace,,harmony and evenness,fill_missing
60,紧张,nervous,,tight and stretched,fill_missing
63,拿铁,latte,,latte (phonetic loanword),fill_missing
64,利用,to use; to make use of; to exploit,,use to advantage,fill_missing
65,品牌,brand name,,product mark,fill_missing
67,错过,"to miss (an opportunity, person, train, etc.)",,let pass by mistake,fill_missing
68,随时,at any time,,at whatever time,fill_missing
69,炸弹,bomb,,exploding projectile,fill_missing
70,速度,speed,,measure of speed,fill_missing
71,角度,angle,,measure of an angle,fill_missing
72,温度,temperature,,measure of warmth,fill_missing
73,力度,strength,,degree of force,fill_missing
74,深度,depth,,degree of depth,fill_missing
75,制度,institution;system,,established rules,fill_missing
78,排名,ranking,,arrange names in order,fill_missing
79,排练,to rehearse,,arrange and practice,fill_missing
87,环球,worldwide,,around the globe,fill_missing
91,公里,kilometer,,metric li (kilometre),fill_missing
92,英里,mile,,English li (mile),fill_missing
97,十一长假,National Day long holiday,,October-first long holiday,fill_missing
101,无聊,bored;boring,,without diversion,fill_missing
102,同志,comrade,,same aspirations,fill_missing
108,全面,thorough;all-around,,all sides,fill_missing
109,争论,to argue;debate,,contend in discussion,fill_missing
110,重视,pay attention to;to value;to attach importance to,,regard as important,fill_missing
117,咖啡因,caffeine,,coffee substance (caffeine),fill_missing
119,地道,typical;authentic,,of the local place; authentic,fill_missing
121,毛病,fault;defect,,minor ailment or defect,fill_missing
122,世纪,century,,era reckoning (century),fill_missing
123,具体,specific,,having concrete form,fill_missing
124,俱乐部,club,,club (phonetic loan with 'group'),fill_missing
125,决赛,finals,,deciding contest,fill_missing
129,行李,luggage,,travel baggage,fill_missing
131,成人,adult,,grown person,fill_missing
132,好转,improve,,turn for the better,fill_missing
133,主动,initiative;voluntarily,,take the lead in acting,fill_missing
134,主观,subjective,,subject's view,fill_missing
136,主题,theme;subject,,main topic,fill_missing
137,得知,to find out;learn,,come to know,fill_missing
138,立马,immediately,,at once,fill_missing
139,装修,to renovate,,decorate and repair,fill_missing
140,重新装修,renovation,,decorate and repair anew,fill_missing
141,自动,automatic,,move by itself,fill_missing
142,自觉,conscious;aware,,self-awareness,fill_missing
143,自私,selfish,,self-interest,fill_missing
145,自愿,voluntary,,one's own wish,fill_missing
149,意见,opinion,,thoughts and views,fill_missing
150,创始人,founder;creator,,person who creates the beginning,fill_missing
162,动物,animal,,moving creature,fill_missing
163,飞虫,flying insect,,flying insect,fill_missing
174,黑猩猩,chimpanzee,,black ape,fill_missing
175,大猩猩,gorilla,,big ape,fill_missing
185,怪物,monster,,strange creature,fill_missing
190,老鹰,eagle; hawk; bird of prey,,old hawk,fill_missing
192,阿富汗,Afghanistan,,Afghanistan (phonetic place name),fill_missing
193,奥地利,Austria,,Austria (phonetic place name),fill_missing
194,澳门,Macau,,bay gate (Macau),fill_missing
195,朝鲜,North Korea,,Joseon (traditional name of Korea),fill_missing
196,德国,Germany,virtue country,Germany (phonetic abbreviation plus 'country'; character gloss 'virtue country'),refine_existing_in_new_column
197,多哥,Togo,,Togo (phonetic place name),fill_missing
198,法国,France,law country,France (phonetic abbreviation plus 'country'; character gloss 'law country'),refine_existing_in_new_column
199,关岛,Guam,,Guam island (phonetic name),fill_missing
200,海地,Haiti,,Haiti (phonetic place name),fill_missing
201,吉布提,Djibouti,,Djibouti (phonetic place name),fill_missing
202,马里,Mali,,Mali (phonetic place name),fill_missing
203,美国,USA,beautiful country,America (phonetic abbreviation plus 'country'; character gloss 'beautiful country'),refine_existing_in_new_column
204,墨西哥,Mexico,,Mexico (phonetic place name),fill_missing
206,葡萄牙,Portugal,,Portugal (phonetic place name),fill_missing
208,沙特,Saudi Arabia,,Saudi (phonetic name),fill_missing
209,台湾,Taiwan,stage bay,Taiwan (place name; character gloss 'platform bay'),refine_existing_in_new_column
210,土耳其,Türkiye,,Türkiye (phonetic place name),fill_missing
211,危地马拉,Guatemala,,Guatemala (phonetic place name),fill_missing
213,西班牙,Spain,,Spain (phonetic place name),fill_missing
214,希腊,Greece,,Greece (phonetic place name),fill_missing
215,也门,Yemen,,Yemen (phonetic place name),fill_missing
216,意大利,Italy,,Italy (phonetic place name),fill_missing
217,越南,Vietnam,,south of Yue (Vietnam),fill_missing
218,智利,Chile,,Chile (phonetic place name),fill_missing
233,菠萝,pineapple,,pineapple (plant name),fill_missing
236,豆腐,tofu,,bean curd,fill_missing
238,哈密​​瓜,Hami melon; a type of muskmelon,,Hami melon,fill_missing
239,榴莲,durian,,durian (phonetic loanword),fill_missing
249,红毛丹,rambutan,,red-haired red fruit,fill_missing
254,芦笋,asparagus,,reed shoots,fill_missing
264,汉堡,hamburger,,hamburger (shortened phonetic loanword),fill_missing
265,沙拉,salad,,salad (phonetic loanword),fill_missing
268,三明治,sandwich,,sandwich (phonetic loanword),fill_missing
269,三文鱼,salmon,,salmon fish (phonetic loan plus 'fish'),fill_missing
273,花生,peanut,,flower-born,fill_missing
278,吐司,toast,,toast (phonetic loanword),fill_missing
282,可乐,coke;cola;amusing;entertaining,,cola (phonetic loanword); can amuse,fill_missing
284,爱护,to cherish;to take care of;to treasure,,love and protect,fill_missing
285,保留,to keep; to retain; to hold back,,preserve and keep,fill_missing
286,报告,to report,,report and inform,fill_missing
288,造成,to cause;to bring about,,bring into being,fill_missing
290,播放,to play; to broadcast,,broadcast and play,fill_missing
293,危害,hazard;to harm;harmful,,endanger and harm,fill_missing
297,复杂,complicated;complex,,compound and mixed,fill_missing
298,成分,ingredients,,constituent parts,fill_missing
299,天然,natural,,so by nature,fill_missing
302,初级,elementary;junior;primary,,beginning level,fill_missing
303,饮食习惯,eating habits,,food-and-drink habits,fill_missing
304,提示,hint;tip,,bring to attention and show,fill_missing
307,太监,eunuch,,grand supervisor (eunuch title),fill_missing
308,等于,equals,,equal to,fill_missing
309,等于号,equals sign,,equal-to sign,fill_missing
312,明王朝,Ming dynasty,,Ming (bright) royal dynasty,fill_missing
314,好处,benefit;advantage;pro,,good points,fill_missing
315,坏处,harm;trouble;disadvantage;con,,bad points,fill_missing
316,说实话,to be honest;speak the truth;frankly;honestly,,speak true words,fill_missing
317,其实,actually,,in its reality,fill_missing
318,作用,function;effect,,working and use,fill_missing
319,评价,opinion;to evaluate,,assess value,fill_missing
320,当代,contemporary;present,,the current era,fill_missing
321,自信,confident,,believe in oneself,fill_missing
322,独立,independent,,stand alone,fill_missing
324,地位,position;status,,place and position,fill_missing
325,歧视,discrimination,,view differently,fill_missing
326,外界,outside world,,outside realm,fill_missing
328,腐败,corruption,,rot and decay,fill_missing
330,有名,famous,,have a name,fill_missing
332,著名,famous,,a prominent name,fill_missing
333,名言,saying,,famous words,fill_missing
334,名句,quote;famous saying,,famous sentence,fill_missing
335,美人计,honey pot (trap),,beautiful-person stratagem,fill_missing
342,谈判,to negotiate,,discuss and settle,fill_missing
343,出色,remarkable;outstanding,,stand out in colour,fill_missing
344,发明,to invent;invention,,bring to light,fill_missing
349,日常,daily;everyday,,daily routine,fill_missing
351,差不多,almost;more or less,,differ by not much,fill_missing
352,辩论,debate;argument,,argue and discuss,fill_missing
353,辩论会,a debate,,argument-and-discussion meeting,fill_missing
354,片面,unilateral;one-sided,,one side,fill_missing
356,独特,unique;distinct,,alone and distinctive,fill_missing
358,分手,break up,,separate hands,fill_missing
360,准时,on time;on schedule;punctual,,exactly on time,fill_missing
361,临时,interim;ad hoc;temporary,,as the time approaches,fill_missing
363,开往,to leave for;heading for,,depart toward,fill_missing
364,自由职业者,freelancer,,free occupation person,fill_missing
367,零食,snacks,,bits of food,fill_missing
369,传说,legend;folklore,,passed-down sayings,fill_missing
370,神秘,mysterious;mystery,,divine mystery,fill_missing
371,丑闻,scandal,,ugly news,fill_missing
372,难怪,no wonder,,hard to blame or find strange,fill_missing
373,风险,risk;hazard,,wind and peril,fill_missing
376,证明,proof;certificate,,demonstrate clearly,fill_missing
378,可口可乐,Coca Cola,,Coca-Cola (phonetic brand name; 'tasty and enjoyable'),fill_missing
379,百事可乐,Pepsi,,Pepsi-Cola (phonetic brand name; 'a hundred things enjoyable'),fill_missing
386,牛仔,cowboy,,cattle boy,fill_missing
401,相机,camera,,image machine,fill_missing
410,花言巧语,flowery speech;insincere words,,flowery words and clever speech,fill_missing
411,花样,pattern;variety;style;trick,,flower pattern,fill_missing
423,卡车,truck,,truck (phonetic 'car' plus 'vehicle'),fill_missing
430,电压,voltage,,electric pressure,fill_missing
432,图表,chart;graph,,diagram and table,fill_missing
435,手势,gesture;signal;sign,,hand posture,fill_missing
442,口吻,tone of speaking,,mouth tone,fill_missing
444,开心,happy,,open heart,fill_missing
446,核心,core;essence,,central kernel,fill_missing
449,心理,psychology;mentality,,principles of the mind,fill_missing
451,误会,misunderstand,,understand mistakenly,fill_missing
452,可见,clear;can be seen;clearly be seen,,can be seen,fill_missing
453,现象,phenomenon,,manifest appearance,fill_missing
457,生育,to give birth,,give birth and nurture,fill_missing
460,社交圈子,social circle,,social-interaction circle,fill_missing
462,无私,unselfish;selfless,,without selfishness,fill_missing
474,杀鸡吓猴,make an example out of someone;punish one to scare the rest,,kill the chicken to frighten the monkey,fill_missing
477,废话,talk nonsense;wasted breath,,useless words,fill_missing
484,取消,to cancel;cancellation,,withdraw and eliminate,fill_missing
487,考虑,to consider;think over,,examine and ponder,fill_missing
488,好像,it seems,,seems like,fill_missing
490,今晚,this evening,,this evening,fill_missing
491,吵架,to quarrel;fight,,quarrel and fight,fill_missing
492,理解,to understand,,comprehend and unravel,fill_missing
493,经理,manager,,manage affairs,fill_missing
494,分不清,can't tell,,cannot distinguish clearly,fill_missing
496,凉快,pleasantly cool,,cool and comfortable,fill_missing
497,非常,very,,beyond the ordinary,fill_missing
498,零钱,small change;change,zero money,small-change money,refine_existing_in_new_column
500,另外,in addition;furthermore,,separately outside; in addition,fill_missing
502,流行,popular; fashionable; to be prevalent,,spread and circulate,fill_missing
505,麻烦,to trouble;inconvenient,,bothersome trouble,fill_missing
514,目标,goal;target;objective,,eye's mark; target,fill_missing
515,难受,uncomfortable;to feel unwell,,hard to endure,fill_missing
517,深度烘焙,dark roast,,deep roasting,fill_missing
518,轻松,relaxed;light;uncomplicated,,light and loose,fill_missing
521,强制,to force;enforce,,compel by force,fill_missing
522,起诉,to sue,,initiate a lawsuit,fill_missing
524,比如说,for example,,"for comparison, say",fill_missing
525,受苦,to suffer,,receive bitterness,fill_missing
527,反感,to dislike,,opposing feeling,fill_missing
528,巨人,giant,,giant person,fill_missing
531,冲突,to conflict;collision,,rush and collide,fill_missing
532,固执,stubborn,,hold fast stubbornly,fill_missing
533,不可思议,inconceivable;unimaginable,,cannot be thought or discussed,fill_missing
534,导演,director,,guide the performance,fill_missing
538,广告,ad;advertisement,,announce widely,fill_missing
541,识别,to distinguish;discern,,recognize and distinguish,fill_missing
543,小气鬼,cheapskate,,small-spirit ghost,fill_missing
544,划算,cost-effective,,reckon as worthwhile,fill_missing
545,实用,practical;useful,,practical use,fill_missing
554,表面,superficial;surface,,outer face,fill_missing
555,照顾,to take care of;look after,,attend to and look after,fill_missing
559,告别,bid farewell;say goodbye,,announce parting,fill_missing
560,告白,confession,,tell plainly,fill_missing
561,表白,confession,,express plainly,fill_missing
563,敏感,sensitive,,keen to feel,fill_missing
566,渣男,scumbag;jerk,,dregs of a man,fill_missing
567,自作自受,own fault;done to self,,do it oneself and suffer it oneself,fill_missing
568,偷偷,stealthily;secretly;covertly,,"secretly, secretly",fill_missing
578,充值,to top up; to add credit to an account,,replenish value,fill_missing
579,团结,to unite,,join into a group,fill_missing
580,程序,procedure; program (computing),,ordered sequence,fill_missing
582,手冲,pour over,hand flush,hand-poured brewing,refine_existing_in_new_column
588,宽容,lenient;tolerant,,broad acceptance,fill_missing
589,容忍,put up with;tolerate,,accept and endure,fill_missing
590,刻板印象,stereotype,stiff impression,engraved-block impression,refine_existing_in_new_column
591,看上,like;interested;fancy,,set one's eyes on,fill_missing
596,负债,to be in debt,,carry debt,fill_missing
597,据我所知,as far as I know,,according to what I know,fill_missing
598,个人,personal;individual,,single person,fill_missing
602,邻里,neighborhood,,neighbours and neighbourhood,fill_missing
603,工程,engineering;project,,work process,fill_missing
604,习语,common saying;idiom,,customary expression,fill_missing
605,本地,local,,this locality,fill_missing
606,乌龙茶,oolong tea,crow dragon tea,black dragon tea,refine_existing_in_new_column
612,不在乎,don't care,,not care about,fill_missing
613,过度,excessive;overdo,,exceed the limit,fill_missing
615,自卑,to feel inferior; inferiority complex; low self-esteem,,regard oneself as lowly,fill_missing
619,基督,Christ,,Christ (phonetic religious name),fill_missing
622,美国华裔,Chinese American,,American people of Chinese descent,fill_missing
628,惊喜,nice surprise,,surprise and delight,fill_missing
631,演员,performer;actor,,performing personnel,fill_missing
633,安排,to arrange;plans,,set in order,fill_missing
638,好奇,curious,,fond of the unusual,fill_missing
639,合法,legal,,accord with the law,fill_missing
640,确信,to be sure;convinced,,firmly believe,fill_missing
641,合理,reasonable,,accord with reason,fill_missing
642,合同,contract,,agreement together,fill_missing
643,合作,to cooperate,,work together,fill_missing
644,胡说,nonsense,,speak recklessly,fill_missing
645,化学,chemistry,,study of transformations,fill_missing
647,婚礼,wedding,,marriage ceremony,fill_missing
654,原谅,to forgive;excuse;pardon,,pardon and understand,fill_missing
662,值得,to be worth;deserve,,worth obtaining,fill_missing
664,家庭主妇,housewife,,household's female head,fill_missing
668,提出,to suggest;propose,,bring forward,fill_missing
669,半路,halfway;midway;on the way,,halfway along the road,fill_missing
670,结实,strong;sturdy;durable,,solidly built,fill_missing
674,带路,to lead the way,,lead the road,fill_missing
677,重点,focus;key;main point,,weighty point,fill_missing
682,吐露,to disclose;to reveal,,spit out and reveal,fill_missing
683,分别,respectively,,separate and distinguish,fill_missing
685,适应,to adapt;get used to,,fit and respond,fill_missing
686,正好,just right,,exactly good,fill_missing
687,流利,fluent,,flow smoothly,fill_missing
688,参观,to visit,,go to see,fill_missing
690,细心,careful,,fine attention,fill_missing
692,可怕,horrible,,can be feared,fill_missing
694,事故,accident,,untoward event,fill_missing
695,睡着了,fall asleep,,have fallen asleep,fill_missing
700,说不定,maybe;can't say for sure,,cannot say for certain,fill_missing
702,随身的行李,carry-on luggage,,baggage that accompanies the body,fill_missing
707,差距,gap,,distance of difference,fill_missing
708,台阶,step;flight of stairs,,platform steps,fill_missing
709,扭伤,sprain,,twisting injury,fill_missing
710,满意,satisfied;pleased,,satisfy one's wishes,fill_missing
712,淘气,naughty;mischievous,,mischievous spirit,fill_missing
718,强调,to emphasize;to stress,,stress strongly,fill_missing
721,体验,to personally experience,,experience in person,fill_missing
729,预约,reservation;booking,,arrange in advance,fill_missing
730,大卡,kilocalorie;Calorie,,large calorie,fill_missing
732,寒假,winter vacation,,cold-season holiday,fill_missing
733,游戏,game,,play and amusement,fill_missing
735,专业,major;specialty,,specialized occupation or field,fill_missing
759,旅游团,tour group,,travel group,fill_missing
761,推广,promotion;to spread,,push widely,fill_missing
763,到处,everywhere,,in every place,fill_missing
764,去世,to die;pass away,,leave the world,fill_missing
767,控告,to accuse;accusation,,accuse and report,fill_missing
771,天气预报,weather forecast,,advance report of the weather,fill_missing
773,温柔,tender;gentle,,warm and soft,fill_missing
778,随地吐痰,spit;spitting anywhere,,spit phlegm wherever one is,fill_missing
779,额头,forehead,,front of the forehead,fill_missing
782,保持,to keep;maintain;preserve,,preserve and hold,fill_missing
783,保存,to conserve;preserve;save,,preserve and store,fill_missing
785,按时,on time;on schedule,,according to the time,fill_missing
788,放心,to feel relieved;reassured;at ease,,set the heart at ease,fill_missing
790,生火,to start a fire;light a fire,,bring a fire to life,fill_missing
794,物理,physics,,principles of matter,fill_missing
795,科目,subject (school),,subject headings,fill_missing
799,吸收,to absorb,,suck in and collect,fill_missing
802,账户,bank account;online account,,account entry,fill_missing
803,被黑,to be hacked,,be hacked ('blackened'),fill_missing
815,装傻,play dumb,,pretend to be foolish,fill_missing
816,边境,border;frontier,,edge territory,fill_missing
817,边境地区,border area,,border region,fill_missing
821,弄清楚,figure out,,make clear,fill_missing
822,解雇,to fire;terminate,,release from employment,fill_missing
825,走一步看一步,take one step at a time,,walk one step and look one step,fill_missing
826,高效,efficient,,high effectiveness,fill_missing
827,效率,efficiency,,rate of effectiveness,fill_missing
830,肚脐,belly button,,belly navel,fill_missing
832,新历,Gregorian calendar;solar calendar,,new calendar,fill_missing
834,不利,unfavorable;disadvantageous,,not beneficial,fill_missing
835,碱水结,pretzel,,alkaline-water knot,fill_missing
836,博主,blogger;vlogger,,blog host,fill_missing
840,匿名,anonymous,,conceal one's name,fill_missing
842,不幸,misfortune;unfortunately,,not fortunate,fill_missing
843,感人,touching;moving,,move people emotionally,fill_missing
845,肥胖,obese;obesity,,fat and plump,fill_missing
849,即将,upcoming;coming soon;on the verge of,,just about to,fill_missing
852,象征,emblem;symbol;to symbolize,,representative sign,fill_missing
854,功夫,skill;kung fu;effort,,time and effort; acquired skill,fill_missing
855,设备,equipment,,installed equipment,fill_missing
857,忽视,to neglect;ignore,,overlook,fill_missing
859,信号,signal; sign,,message sign,fill_missing
860,信任,to trust,,believe and entrust,fill_missing
862,礼貌,courtesy;manners,,courteous manner,fill_missing
866,顺便,conveniently;in passing,,along with what is convenient,fill_missing
867,逐步,progressively;step by step;gradually,,step by step,fill_missing
868,形象,image;form;figure,,form and appearance,fill_missing
871,提醒,to remind,,bring to awareness,fill_missing
872,精彩,wonderful;marvelous,,brilliant colour,fill_missing
875,明显,clear;distinct;obvious,,bright and evident,fill_missing
876,应聘者,(job) applicant,,person responding to a recruitment offer,fill_missing
878,学术界,academia,,academic world,fill_missing
879,讲座,course of lectures,,lecture session,fill_missing
880,马拉松,marathon,,marathon (phonetic loanword),fill_missing
883,老气,old-fashioned,,old air,fill_missing
884,性别,gender,,sex distinction,fill_missing
890,角落,corner,,corner place,fill_missing
894,千焦,kilojoule,,thousand joules,fill_missing
899,冲动,impulse;urge;to have an urge,,surge into action,fill_missing
901,遗传,heredity,,pass down to descendants,fill_missing
902,基因,gene,,basic factor (gene),fill_missing
903,气候,climate,,atmospheric conditions,fill_missing
906,房地产开发,real estate development,,house-and-land property development,fill_missing
907,业余,amateur;in spare time,,time outside one's occupation,fill_missing
909,后悔,to regret,,regret afterward,fill_missing
914,聚会,gathering;get together;party;reunion,,gather together,fill_missing
916,以来,since,,from then until now,fill_missing
917,疫情,epidemic situation; outbreak,,epidemic conditions,fill_missing
918,突破,breakthrough;exceed,,break through,fill_missing
919,义务,obligation;duty,,duties of right conduct,fill_missing
920,意外,unexpected; accident; unforeseen event,,outside expectations,fill_missing
924,迎接,to greet;meet,,welcome and receive,fill_missing
930,领域,domain;field,,territory and domain,fill_missing
935,求婚,proposal;to propose marriage,,request marriage,fill_missing
936,可惜,what a pity;unfortunately,,worthy of regret,fill_missing
938,先进,advanced; progressive,,advance ahead,fill_missing
939,生产,to produce;production,,bring forth products,fill_missing
941,有利,favorable;advantageous,,have benefit,fill_missing
942,证词,testimony,,words of evidence,fill_missing
947,预报,forecast,,report in advance,fill_missing
949,原料,raw material,,original material,fill_missing
951,停产,discontinued;stop production,,stop production,fill_missing
952,无论,regardless;no matter what,,without regard to,fill_missing
953,原则,principle;doctrine,,fundamental rule,fill_missing
954,武器,weapon,,military implement,fill_missing
955,乐器,musical instrument,,music implement,fill_missing
956,熟练,skilled;practiced,,well-practiced,fill_missing
957,运气,luck,,turn of fortune,fill_missing
958,包装,packaging,,wrap and pack,fill_missing
959,困境,dilemma;predicament,,difficult circumstances,fill_missing
963,加工的,processed,,having undergone added work,fill_missing
965,外语,foreign language,,outside language,fill_missing
966,冻结,to freeze (assets),,freeze solid,fill_missing
967,着凉,to catch a cold,,be affected by cold,fill_missing
968,代表,representative;delegate;represents,,stand in place of,fill_missing
970,针对,aimed at;to target,,direct toward,fill_missing
973,改编,adaptation;to adapt;reorganize;rearrange,,alter the arrangement,fill_missing
976,市场份额,market share,,market portion,fill_missing
979,结构,structure;composition,,joined construction,fill_missing
980,出台,to launch;release,,come onto the stage,fill_missing
981,支票,check,,payment slip,fill_missing
983,警察,police,,guard and inspect,fill_missing
984,交警,traffic police,,traffic police,fill_missing
988,人参,ginseng,,human-shaped ginseng,fill_missing
993,变态,abnormal;pervert,,changed state,fill_missing
1002,评论,comment,,evaluate and discuss,fill_missing
1003,简介,summary;introduction,,brief introduction,fill_missing
1004,大一,freshman (college),,university year one,fill_missing
1005,大二,sophomore (college),,university year two,fill_missing
1006,大三,junior (college),,university year three,fill_missing
1007,大四,senior (college),,university year four,fill_missing
1008,百分之,percent,,out of a hundred parts,fill_missing
1010,标准,standard,,benchmark measure,fill_missing
1011,标题,title,,heading label,fill_missing
1013,质地,texture,,material substance,fill_missing
1015,幻觉,hallucination;illusion,,illusory perception,fill_missing
1016,食物中毒,food poisoning,,be poisoned by food,fill_missing
1018,简称,abbreviation,,short name,fill_missing
1019,缩写,abbreviation,,shortened writing,fill_missing
1020,犀牛,rhino,,rhinoceros bovine,fill_missing
1027,博士生导师,doctoral supervisor,,doctoral student's guiding teacher,fill_missing
1029,暂停,pause;to suspend,,stop temporarily,fill_missing
1030,回电,call back,,return a phone call,fill_missing
1035,维持,to maintain;keep,,sustain and hold,fill_missing
1038,现场,on site;the spot (of an event),,the present scene,fill_missing
1039,仰慕,to admire,,look up to with admiration,fill_missing
1040,中介,intermediary,,go-between,fill_missing
1046,病情,condition;state (of an illness),,illness condition,fill_missing
1050,偏离,to deviate,,veer away,fill_missing
1055,资源,resource;natural resource,,sources of resources,fill_missing
1058,没意识到,didn't realize,,did not become aware,fill_missing
1059,总算,finally;at long last,,finally count as,fill_missing
1060,还清,to fully pay off (debt),,repay completely,fill_missing
1064,请假,request leave;ask for leave,,request time off,fill_missing
1065,爆红,go viral,,explode into popularity,fill_missing
1067,难免,inevitable;hard to avoid,,hard to avoid,fill_missing
1069,航空,aviation,,navigate the air,fill_missing
1072,硬币,coin,,hard currency piece,fill_missing
1073,录取,to admit (an applicant),,record and select,fill_missing
1076,考公,civil service exam,,take the public-service exam,fill_missing
1080,放弃,to give up,,let go and abandon,fill_missing
1081,按照,according to,,in accordance with,fill_missing
1083,太阳能,solar energy,,sun energy,fill_missing
1084,能源,energy;power source,,source of energy,fill_missing
1086,偶然,accidentally,,by chance,fill_missing
1088,汽油,gasoline,gas oil,gasoline,refine_existing_in_new_column
1092,从不,never,,not ever,fill_missing
1095,杂志,magazine,,miscellaneous records,fill_missing
1096,成名,rise to fame;become famous,,make a name,fill_missing
1099,淤青,bruise,,stagnant-blood blue mark,fill_missing
1101,舍友,roommate,,lodging companion,fill_missing
1103,点钟,o'clock,,clock hour,fill_missing
1104,日期,date (calendar),,day and scheduled time,fill_missing
1105,日历,calendar,,day calendar,fill_missing
1106,日程,schedule,,daily itinerary,fill_missing
1109,沙漠,desert,,sandy wilderness,fill_missing
1110,加沙,Gaza,,Gaza (phonetic place name),fill_missing
1115,晒伤,sunburn,,sun-exposure injury,fill_missing
1119,纪念,to commemorate,,record and remember,fill_missing
1121,倒闭,to go bankrupt;collapse;close down,,collapse and close,fill_missing
1124,设施,facility,,installed facilities,fill_missing
1126,抽象,abstract,,extract the form,fill_missing
1127,运动员,athlete,,sports personnel,fill_missing
1128,松手,to let go,,loosen the hand,fill_missing
1129,生动,vivid;lively,,alive and moving,fill_missing
1133,城堡,castle,,fortified stronghold,fill_missing
1134,时差,time difference; time-zone difference,,time difference,fill_missing
1137,实话,truth,,true words,fill_missing
1138,外表,appearance,,outer surface,fill_missing
1139,始终,all along;throughout;always,,beginning to end,fill_missing
1145,青提,green grapes,,green grapes,fill_missing
1146,红提,red grapes,,red grapes,fill_missing
1148,理所当然,natural and right; only to be expected; as a matter of course,,as reason dictates it should be,fill_missing
1149,傲慢,arrogant,,proud and disdainful,fill_missing
1150,脾气,temper;character;disposition,,spleen energy (temper),fill_missing
1155,双重,double,,two layers,fill_missing
1156,宠爱,pamper;to dote on,,favour and love,fill_missing
1157,承认,to admit;recognize,,acknowledge and recognize,fill_missing
1159,撒娇,to act coy or childishly to seek affection or get one's way,,display coy charm,fill_missing
1163,身份,identity;id,,personal standing,fill_missing
1171,流浪,wandering;to wander,,drift with the waves,fill_missing
1172,义工,volunteer; voluntary work,,voluntary work,fill_missing
1174,编号,serial number,,arranged number,fill_missing
1175,诊所,clinic,,place of medical consultation,fill_missing
1178,创意,creativity,,creative idea,fill_missing
1180,花园,garden,,flower garden,fill_missing
1191,曲奇,cookie,,cookie (phonetic loanword),fill_missing
1195,刚好,just;exactly;happen to,,exactly right,fill_missing
1198,码头,pier;dock;wharf,,wharf landing,fill_missing
1201,转回,turn around,,turn back,fill_missing
1206,答应,to promise;answer;respond,,answer in agreement,fill_missing
1207,乡村,countryside;rural,,rural villages,fill_missing
1209,便便,poop,,poo-poo (childish repetition),fill_missing
1211,持怀疑态度,skeptical,,hold an attitude of doubt,fill_missing
1213,违者,violator;offender,,one who violates,fill_missing
1216,智障,intellectual disability; intellectually disabled; idiot (derogatory slang),,intellectual impairment,fill_missing
1223,订阅,to subscribe;subscription,,order reading material,fill_missing
1225,押韵,to rhyme,,match rhymes,fill_missing
1227,校园,campus,,school grounds,fill_missing
1228,校区,campus,,school district or campus,fill_missing
1232,清新,fresh (air),,clear and fresh,fill_missing
1236,研一,first year graduate student,,graduate-study year one,fill_missing
1238,宵夜,night snack,night night,nighttime snack,refine_existing_in_new_column
1239,打断,to interrupt,,strike apart,fill_missing
1242,经费,funding,,operating expenses,fill_missing
1245,二作,second author,,second author,fill_missing
1248,退化,deteriorate;degeneration,,change backward,fill_missing
1252,语序,word order,,language sequence,fill_missing
1254,替换,to substitute;exchange,,replace and exchange,fill_missing
1255,耳熟,sound familiar,,familiar to the ear,fill_missing
1256,眼熟,look familiar;seem familiar,,familiar to the eye,fill_missing
1257,延毕,Delayed graduation,,postpone graduation,fill_missing
1258,两广,Guangdong and Guangxi,,the two Guangs (Guangdong and Guangxi),fill_missing
1262,内耗,internal friction,,internal consumption,fill_missing
1265,性感,sexy,,sexual feeling,fill_missing
1266,卖完了,sold out,,have finished selling,fill_missing
1269,情商,emotional intelligence;EQ,,emotional quotient,fill_missing
1270,华夫,waffle,,waffle (phonetic loanword),fill_missing
1272,音译词,transliteration,,sound-translated word,fill_missing
1273,吐槽,to vent;make complaints,,voice a sarcastic complaint (slang),fill_missing
1274,未必,not necessarily,,not necessarily,fill_missing
1275,特例,special case;exception,,special example,fill_missing
1281,冒号,colon,,colon mark,fill_missing
1283,悲观,pessimistic,,sorrowful outlook,fill_missing
1287,成熟,ripen;mature,,fully ripened,fill_missing
1288,亲密,close;intimate,,close and intimate,fill_missing
1296,育儿,childcare,,raise children,fill_missing
1298,概括,summary,,encompass generally,fill_missing
1299,晚婚,late marriage,,late marriage,fill_missing
1300,选项,options,,selectable item,fill_missing
1302,必选项,required item; mandatory selection,,must-select item,fill_missing
1303,提到,mentioned,,bring up in mention,fill_missing
1306,互动,interaction; to interact; interactive,,mutual action,fill_missing
1307,鼓励,encourage,,rouse and encourage,fill_missing
1309,生理,physiology; physiological functions,,principles of life,fill_missing
1310,需求,needs,,need and demand,fill_missing
1311,前提,premise,,what is put forward first,fill_missing
1313,普世,universal,,throughout the world,fill_missing
1314,价值,values;value,,price and worth,fill_missing
1315,模型,model; scale model; mathematical or computational model,,model form,fill_missing
1316,分享,share,,divide and enjoy together,fill_missing
1320,大马人,Malaysian (person),,Malaysia person (abbreviated name),fill_missing
1324,必然,inevitable,,necessarily so,fill_missing
1325,假设,assumptions;hypothetically;hypothesis,,suppose and posit,fill_missing
1337,定制,customize;custom made,,make to order,fill_missing
1338,租金,rent (amount),,rental money,fill_missing
1340,据说,allegedly;it is said that,,according to what is said,fill_missing
1341,强暴,rape,,force and violence,fill_missing
1344,求助,ask for help;seek help,,seek help,fill_missing
1346,家暴,domestic violence,,family violence,fill_missing
1348,前夫,ex-husband,,former husband,fill_missing
1352,激化,intensify,,become more intense,fill_missing
1355,频率,frequency,,rate of recurrence,fill_missing
1356,私下,in private;privately,,in private,fill_missing
1357,典型,typical,,standard model,fill_missing
1359,推测,to speculate;conjecture,,infer and estimate,fill_missing
1361,交流,communication,,exchange and flow,fill_missing
1363,引述,quote,,cite and recount,fill_missing
1364,尽可能,as much as possible,,to the full extent possible,fill_missing
1365,忍受,endure;bear;put up with,,bear and endure,fill_missing
1367,提前,in advance,,bring forward,fill_missing
1368,脱离,escape;breakaway,,break free and separate,fill_missing
1369,定义,definition,,fix the meaning,fill_missing
1373,不如,not as good as,,not equal to,fill_missing
1374,精英,elite,,finest outstanding people,fill_missing
1378,女性化的,feminine,,having become feminine,fill_missing
1381,无知,ignorant,,without knowledge,fill_missing
1382,他妈的,damn it;fuck,,his mother's (vulgar curse),fill_missing
1383,魔鬼,devil,,demon ghost,fill_missing
1388,课程,course,,course of lessons,fill_missing
1397,默契,on the same wavelength;tacit agreement;,,silent agreement,fill_missing
1403,远程,remote (work),,distant course,fill_missing
1408,焦虑,anxiety,,burning worry,fill_missing
1412,经历,experience; to experience; to go through,,pass through and experience,fill_missing
1413,多样化,diversity;to diversify,,become many varieties,fill_missing
1414,薯片,chips,yam slice,potato slices,refine_existing_in_new_column
1415,背景,background,,back scene,fill_missing
1416,发现,to discover,,bring to view,fill_missing
1418,检测,detection,,inspect and measure,fill_missing
1419,预防,prevention,,guard against in advance,fill_missing
1420,枕头,pillow,,pillow,fill_missing
1421,军队,army,,military ranks,fill_missing
1422,烦人,annoying,,bother people,fill_missing
1429,高度,altitude,,measure of height,fill_missing
1431,移植,transplant,,move and plant,fill_missing
1432,风暴,storm,,violent wind,fill_missing
1433,政策,policy,,governing strategy,fill_missing
1437,随性,casual,,follow one's nature,fill_missing
1439,乐观,optimistic,,joyful outlook,fill_missing
1440,首都,capital (city),,chief city,fill_missing
1442,理论,theory,,reasoned discourse,fill_missing
1443,缘分,fate,,allotted affinity,fill_missing
1445,其次,secondly,,next in order,fill_missing
1446,个性,personality;individuality,,individual nature,fill_missing
1450,尤其是,especially,,especially is,fill_missing
1453,恶评,bad review,,negative appraisal,fill_missing
1454,胳膊,arm,,arm,fill_missing
1456,延误,delays;to delay,,delay and hold up,fill_missing
1458,脚趾,toe,,foot digit,fill_missing
1459,咳嗽,cough,,cough,fill_missing
1460,能量,energy;calories,,quantity of energy,fill_missing
1462,脂肪,fat; body fat,,fat and grease,fill_missing
1464,毫克,milligram,,one-thousandth gram,fill_missing
1465,微克,microgram,,micro-gram,fill_missing
1466,模式,mode,,model form,fill_missing
1467,功能,function,,capacity to perform,fill_missing
1468,确定,confirm,,establish firmly,fill_missing
1469,定时,fixed time;definite time,,set the time,fill_missing
1471,圆周率,pi,,circle-circumference ratio,fill_missing
1472,肥皂,soap,,fat-based soap,fill_missing
1475,阴谋,conspiracy,,hidden scheme,fill_missing
1476,阴谋论,conspiracy theory,,hidden-scheme theory,fill_missing
1477,想喷,to want to rant or lash out; to want to spray (literal),,want to spray,fill_missing
1478,发达,developed,,develop and reach far,fill_missing
1480,只好,to have to,,can only,fill_missing
1482,摄氏度,degrees celsius,,degrees on Celsius's scale,fill_missing
1485,一下子,all of a sudden,,in one go,fill_missing
1486,不自觉地,unconsciously,,without self-awareness,fill_missing
1488,习俗,custom;tradition,,habitual customs,fill_missing
1489,习惯,habit;used to,,accustomed practice,fill_missing
1492,保姆,nanny,,caregiving woman,fill_missing
1493,停留,stay;to stop over,,stop and remain,fill_missing
1496,办公空间,office space,,office-work space,fill_missing
1497,包括,to include,,enclose and encompass,fill_missing
1498,化妆,put on makeup;makeup;cosmetics,,apply makeup,fill_missing
1499,匹配,to match,,pair and match,fill_missing
1501,厕所,toilet,,latrine place,fill_missing
1502,厘米,centimeter,,one-hundredth metre,fill_missing
1503,友谊,friendship,,friendly affection,fill_missing
1504,六幺八,June 18 shopping festival,,six-one-eight,fill_missing
1507,发生,to occur,,come into being,fill_missing
1508,可怜,pitiful;pathetic,,worthy of pity,fill_missing
1509,吐字,pronunciation,,spit out words,fill_missing
1510,周围,surroundings;environment,,all around,fill_missing
1511,售罄,sold out,,sell to exhaustion,fill_missing
1512,唯一,the only,,only one,fill_missing
1514,嘉宾,(esteemed) guest,,honoured guest,fill_missing
1515,噱头,gimmick,,attention-getting patter,fill_missing
1516,困惑,confused,,troubled and puzzled,fill_missing
1517,堕胎,to have an abortion,,dislodge the fetus,fill_missing
1518,增加,to increase,,grow and add,fill_missing
1519,处方,prescription,,prescribe a formula,fill_missing
1521,安慰,to comfort,,soothe and console,fill_missing
1522,宗教,religion,,ancestral teaching,fill_missing
1524,宿舍,dorm,,sleeping quarters,fill_missing
1525,寂寞,lonesome;lonely,,quiet and lonely,fill_missing
1526,封锁,lockdown;blockade,,seal and lock,fill_missing
1527,山楂,hawthorn,,mountain hawthorn,fill_missing
1528,庄园,plantation;manor,,estate grounds,fill_missing
1529,延迟,to delay;delayed,,extend into lateness,fill_missing
1531,怀孕,pregnant,,carry a pregnancy,fill_missing
1532,怀疑,to doubt;suspect,,harbour doubt,fill_missing
1533,情感,emotion,,feelings and emotions,fill_missing
1534,战争,war,,battle and struggle,fill_missing
1536,扭曲,distorted;to twist,,twist and bend,fill_missing
1537,批判,criticize;criticism,,criticize and judge,fill_missing
1538,折扣,discount,,deduction from the price,fill_missing
1539,挑战,to challenge,,provoke battle,fill_missing
1540,捂脸,facepalm;cover your face,,cover the face,fill_missing
1541,探索,explore,,probe and search,fill_missing
1542,接受,to accept,,receive and accept,fill_missing
1544,摊位,booth (vendors),,stall position,fill_missing
1545,撇号,apostrophe,,slanting-stroke mark,fill_missing
1546,收获,gains;harvest;payoff,,gather the harvest,fill_missing
1547,敌人,enemy,,hostile person,fill_missing
1548,整理,organize;to tidy,,put in order,fill_missing
1549,无辜,innocent,,without guilt,fill_missing
1550,暑假,summer vacation,,hot-season holiday,fill_missing
1551,暗淡,dim,,dark and pale,fill_missing
1552,暧昧对象,someone one has an ambiguous romantic relationship with,,person of ambiguous romantic involvement,fill_missing
1553,暴躁,irritable,,violent and restless,fill_missing
1554,期刊,journal (academic),,periodic publication,fill_missing
1555,果断,decisive,,resolute in deciding,fill_missing
1556,柴米油盐酱醋茶,daily necessities,,"firewood, rice, oil, salt, sauce, vinegar, tea",fill_missing
1557,检查,inspection;to examine,,inspect and examine,fill_missing
1558,棉花,cotton,,cotton flowers,fill_missing
1559,比喻,metaphor;analogy;simile,,explain by comparison,fill_missing
1560,毫米,millimeter,,one-thousandth metre,fill_missing
1562,海藻,seaweed,,sea algae,fill_missing
1563,清楚,clear;to understand thoroughly,,clear and distinct,fill_missing
1564,渐行渐远,people grow apart,,gradually travel and gradually grow distant,fill_missing
1565,滑稽,comical; funny; ludicrous,,comical,fill_missing
1566,激烈,intense;fierce,,intense and fierce,fill_missing
1567,瀑布,waterfall,,cascading cloth of water,fill_missing
1568,灵魂共鸣,spiritual compatibility;soul resonance,,souls resonating together,fill_missing
1569,烦躁,irritable,,troubled and restless,fill_missing
1570,牦牛,yak,,long-haired bovine,fill_missing
1571,疲劳,fatigue; tired; fatigued,,tired from toil,fill_missing
1572,登记,registration,,enter into a register,fill_missing
1573,白嫖,freeload,,"visit prostitutes for free (figuratively, freeload)",fill_missing
1574,白嫖党,freeloader,,free-visit-to-prostitutes group (freeloaders),fill_missing
1575,相处,get along,,be together with one another,fill_missing
1576,禁忌,taboo,,prohibit and avoid,fill_missing
1577,稀世,rare,,rare in the world,fill_missing
1579,纳米,nanometer,,nano-metre,fill_missing
1580,绊倒,to trip;stumble,,trip and fall,fill_missing
1582,腋窝,armpit,,armpit hollow,fill_missing
1583,自习室,study room,,self-study room,fill_missing
1584,舍不得,reluctant;begrudge,,cannot bear to part with,fill_missing
1585,芝士,cheese,,cheese (phonetic loanword),fill_missing
1586,营业厅,business hall,,business-operation hall,fill_missing
1587,落差,"gap (in wages, expectations)",,difference in drop,fill_missing
1588,蜗牛,snail,,snail,fill_missing
1589,街头摄影,street photography,,street photography,fill_missing
1590,规定,rule,,set rules,fill_missing
1591,解释,explain,,unravel and explain,fill_missing
1592,讨厌,dislike;hate,,dislike; find hateful,fill_missing
1593,诈骗,scam,,defraud and deceive,fill_missing
1594,诈骗分子,fraudsters,,fraud-committing individuals,fill_missing
1595,详细,detailed,,full and detailed,fill_missing
1596,谚语,proverb,,proverbial saying,fill_missing
1597,谨慎,cautious,,careful and prudent,fill_missing
1598,贸易,trade,,trade and exchange,fill_missing
1599,贿赂,bribe;to bribe,,bribe,fill_missing
1600,赶紧,hurry up;hurriedly,,hurry with urgency,fill_missing
1601,辨别,discern;distinguish,,differentiate and distinguish,fill_missing
1602,过于,too;excessive,,beyond the proper degree,fill_missing
1603,违法行为,illegal behavior,,law-violating conduct,fill_missing
1604,追求,pursue,,chase and seek,fill_missing
1606,通过,to pass,,go through,fill_missing
1607,避免,avoid;avert,,evade and avoid,fill_missing
1608,采访,to interview (news),,gather information by visiting,fill_missing
1609,间谍,spy,,secret agent,fill_missing
1610,隔壁,next door,,across the wall,fill_missing
1612,顺利,smoothly,,smooth and favourable,fill_missing
1613,骗子,scammer,,deceiving person,fill_missing
1614,犯罪者,criminal,,one who commits a crime,fill_missing
1615,说谎,to lie,,speak lies,fill_missing
1616,大约,about;approximately,,roughly estimated,fill_missing
1617,贫富差距,wealth gap,,poor-rich gap,fill_missing
1619,兑换外币,exchange foreign currency,,exchange foreign currency,fill_missing
1621,姓,surname,,family name,fill_missing
1623,社会问题,social issues,,society's problems,fill_missing
1624,研究,research,,study and investigate,fill_missing
1625,圆形,round shape,,circular shape,fill_missing
1626,车祸,car accident,,vehicle disaster,fill_missing
1628,用户名或密码错误,wrong username or password,,username or password incorrect,fill_missing
1629,浪费钱,waste money,,waste money,fill_missing
1630,其余,the rest,,the remaining part,fill_missing
1631,不均,uneven (ly distributed),,not even,fill_missing
1632,大难题,big problem,,big difficult problem,fill_missing
1634,毯子,blanket,,blanket,fill_missing
1639,发福,gain weight,,develop good fortune (euphemism for gaining weight),fill_missing
1640,横向,horizontal,,acrosswise direction,fill_missing
1642,垂直,vertical,,hanging straight down,fill_missing
1643,类似,similar,,similar in kind,fill_missing
1645,主持人,host,,person presiding,fill_missing
1651,闭眼,close your eyes,,close the eyes,fill_missing
1652,睁开眼,open your eyes,,open the eyes,fill_missing
1653,我勒个去,shoot;dang,,oh my gosh (euphemistic exclamation),fill_missing
1654,受不了,can't stand it,,cannot endure it,fill_missing
1656,犯罪,crime,,commit an offence,fill_missing
1663,欢迎光临,welcome;honored for your presence,,welcome your honoured arrival,fill_missing
1664,我一月底来了中国,I came to China at the end of January,,I came to China at the end of January,fill_missing
1665,共和党,Republican Party,republican party,republic party,refine_existing_in_new_column
1668,网上搜索,search online,,search on the internet,fill_missing
1670,宁愿,would rather,,prefer to wish for,fill_missing
1672,刷手机,scroll on phone,,swipe the mobile phone,fill_missing
1673,宅男,homebody,,stay-at-home man,fill_missing
1675,不要惊讶,don't be surprised,,do not be surprised,fill_missing
1676,麻烦了,sorry for the trouble,,there has been trouble,fill_missing
1677,汇率下降了,The exchange rate has fallen,,the exchange rate has fallen,fill_missing
1678,气氛很好,great atmosphere,,the atmosphere is very good,fill_missing
1680,他有多重,How heavy is he?,,how heavy is he?,fill_missing
1682,八十年代早期,early 1980s,,early in the eighties,fill_missing
1683,七十年代末期,late 1970s,,the end of the seventies,fill_missing
1684,彩礼,bride price,,betrothal gifts,fill_missing
1685,僚机,wingman,,accompanying aircraft,fill_missing
1686,阴,shade,,shady side,fill_missing
1689,我要去方便,I'm going to go to the bathroom,,I am going to relieve myself ('take convenience'),fill_missing
1690,千万不要,must not;never,,by all means do not,fill_missing
1691,净重,net weight,,clean weight,fill_missing
1692,毛重,gross weight,,rough weight,fill_missing
1693,我好像感冒了,I think I have a cold,,I seem to have caught a cold,fill_missing
1694,一胎政策,one child policy,,one-birth policy,fill_missing
1695,醒,wake up,,wake up,fill_missing
1696,准时到达,arrive on time,,arrive at the appointed time,fill_missing
1698,我很期待,I'm looking forward to it,,I am eagerly waiting,fill_missing
1699,我做不到,I can't do it,,I cannot accomplish it,fill_missing
1701,差别,difference,,difference and distinction,fill_missing
1702,老说小孩话,Talking like a kid,,always speak children's words,fill_missing
1703,我想吃清淡的菜,I want to eat light food,,I want to eat lightly flavoured dishes,fill_missing
1704,埃塞,Ethiopia,,Ethiopia (shortened phonetic name),fill_missing
1705,社恐,social phobia,,social fear,fill_missing
1706,好不容易,"with great difficulty; finally, after much effort",,with great difficulty (idiomatic emphatic expression),fill_missing
1707,位置,position;location,,position and placement,fill_missing
1709,地铁优先,subway priority,,subway first,fill_missing
1710,换乘少,fewer transfers,,few transfers,fill_missing
1711,时间短,shorter time,,short time,fill_missing
1712,较拥挤,More crowded,,comparatively crowded,fill_missing
1713,首站发车约8分钟/趟,Departures from the first station about every 8 minutes,,a departure from the first station about every eight minutes,fill_missing
1714,大众常选,Popular Choice,,often chosen by the general public,fill_missing
1716,途经点,waypoints (stop along the way),,points passed along the route,fill_missing
1717,景点,attractions;scenic spot,,scenic points,fill_missing
1718,地图选点,Map select point,,choose a point on the map,fill_missing
1719,公寓式酒店,apartment-style hotels,,apartment-style hotel,fill_missing
1720,榜第2名,ranked no. 2,,second place on the list,fill_missing
1721,离店,Check-out,,leave the hotel,fill_missing
1722,免费取消,free cancellation,,cancel without charge,fill_missing
1723,立即确认,immediate confirmation,,confirm immediately,fill_missing
1724,含早餐,Breakfast included,,includes breakfast,fill_missing
1725,入住当天,Check-in day,,the day of moving in,fill_missing
1726,"自由美利坚,枪击每一天","Free America, shooting every day",,"free America, shootings every day",fill_missing
1728,阿姨跳舞做饭 叔叔喝酒抽烟,"Auntie dances and cooks, uncle drinks and smokes",,aunties dance and cook; uncles drink and smoke,fill_missing
1729,为人民服务,Serve the people,,serve the people,fill_missing
1730,向前一小步 文明一大步,"One small step forward, one giant leap for civility (restroom slogan).",,"one small step forward, one big step for civility",fill_missing
1731,红灯停 绿灯行,"Stop at red light, go at green light",,"red light stop, green light go",fill_missing
1732,六两黄金，六十万，不洗衣服不做饭,"Six taels of gold, six hundred thousand, no doing laundry or cooking.",,"six taels of gold, six hundred thousand; no washing clothes or cooking",fill_missing
1733,每天就只打麻将，饿了婆婆还送饭,"I just play mahjong every day, and my mother-in-law brings me food when I'm hungry.",,"every day only play mahjong; when hungry, mother-in-law even delivers food",fill_missing
1735,只许州官放火不许百姓点灯哪,"The governor is allowed to set fires, but the people are not allowed to light lamps.",,only officials may set fires; ordinary people may not even light lamps,fill_missing
1736,我有权保持沉默,I have the right to remain silent,,I have the right to maintain silence,fill_missing
1739,恐婚恐孕,Fear of marriage and pregnancy,,fear marriage and fear pregnancy,fill_missing
1740,上下楼第注意安全,Pay attention to safety when going up and down stairs,,"going up and down stairs, pay attention to safety (source has a typo)",fill_missing
1741,吃不到葡萄说葡萄酸,sour grapes,,"unable to eat the grapes, say the grapes are sour",fill_missing
1743,相爱容易相处难,It's easy to love but hard to live together,,loving each other is easy; getting along is hard,fill_missing
1744,三十六计 走为上计,"Of the thirty-six strategies, running away is the best",,"of the thirty-six stratagems, leaving is the best stratagem",fill_missing
1745,三人行必有我师,"When I walk with two others, at least one can be my teacher.",,"when three people walk together, there must be a teacher for me among them",fill_missing
1746,有朋自远方来不亦乐乎,It is a great pleasure to have friends coming from afar,,friends come from afar; is that not a joy?,fill_missing
1747,己所不欲勿施于人,Do not do to others what you do not want others to do to you,,"what you do not desire yourself, do not impose on others",fill_missing
1748,在对的时间遇上对的人,"At the right time, meet the right person",,meet the right person at the right time,fill_missing
1749,睁一只眼闭一只眼,turn a blind eye,,open one eye and close one eye,fill_missing
1750,心动不如行动,Better to act than just wish for it.,,movement of the heart is not as good as taking action,fill_missing
1752,男大当婚 女大当嫁,"Men should marry when they are old enough, and women should marry when they are old enough",,grown men should marry; grown women should wed,fill_missing
1753,你吃错药了吗,Did you take the wrong medicine?; What's gotten into you?,,did you take the wrong medicine?,fill_missing
1754,君子报仇十年不晚,"For a gentleman seeking revenge, even ten years is not too late; revenge can wait.",,"for a gentleman to avenge himself, ten years is not too late",fill_missing
1755,你喜欢爸爸还是妈妈,Do you like dad or mom?,,do you like father or mother?,fill_missing
1756,富强 民主 文明,"Prosperity, democracy, civilization",,prosperity and strength; democracy; civility,fill_missing
1757,和谐 自由 平等,"Harmony, freedom, equality",,harmony; freedom; equality,fill_missing
1758,公正 法治 爱国,"Justice, rule of law, patriotism",,fairness; rule of law; love of country,fill_missing
1759,敬业 诚信 友善,"Devotion, integrity, friendliness",,dedication to work; honesty and trustworthiness; friendliness,fill_missing
1760,大学生不如狗 研究生遍地走,"College students are worse than dogs, and postgraduate students are everywhere",,university students are less than dogs; graduate students walk everywhere,fill_missing
1761,千分之九点六,9.6 out of a thousand,,nine point six parts out of a thousand,fill_missing
1763,体现,reflect;embodies,,give concrete expression to,fill_missing
1764,持续的支持,Ongoing Support,,continuing support,fill_missing
1765,我自己学中文,I learn Chinese by myself,,I study Chinese myself,fill_missing
1766,确实,indeed;true,,certain and real,fill_missing
1767,我十分钟后到,I'll be there in ten minutes,,I will arrive after ten minutes,fill_missing
1770,大声说话,speak loudly,,speak in a loud voice,fill_missing
1772,赚钱的机器,money-making machine,,money-earning machine,fill_missing
1774,什么毛病都没有,have no illnesses,,not have any ailment at all,fill_missing
1775,你一点都不独立,you're not independent,,you are not independent at all,fill_missing
1776,一个空座位都没有,There's not a single empty seat.,,there is not even one empty seat,fill_missing
1777,比其他地方贵两块,Two bucks more expensive than other places,,two yuan more expensive than other places,fill_missing
1778,他对我发脾气,He lost his temper with me,,he vented his temper at me,fill_missing
1779,这让我伤心,This made me sad,,this makes my heart hurt,fill_missing
1780,他的收入只够租一个单间,His income is only enough to rent a single room,,his income is only enough to rent one single room,fill_missing
1781,比赛被推迟了,The game was postponed,,the match was pushed back,fill_missing
1782,由于天气原因,Due to weather,,because of weather reasons,fill_missing
1783,这种树的叶子一到秋天就会变红,The leaves of this tree turn red in autumn.,,this kind of tree's leaves turn red as soon as autumn arrives,fill_missing
1784,所有的航班都被取消了,All flights have been cancelled,,all flights have been cancelled,fill_missing
1785,不太适合打羽毛球,Not suitable for playing badminton,,not very suitable for playing badminton,fill_missing
1786,他从来不打扫,He never cleans.,,he never cleans,fill_missing
1787,我以前呢很喜欢买衣服,I used to like buying clothes.,,I used to really like buying clothes,fill_missing
1788,什么都不买,Buy nothing,,not buy anything,fill_missing
1789,我还是老样子,I'm still the same as ever.,,I am still the old way,fill_missing
1790,谁知道呢,Who knows?,,who knows?,fill_missing
1791,那又怎么样呢,So what?,,then what of it?,fill_missing
1792,小菜一碟,piece of cake,,one plate of a small dish,fill_missing
1793,没什么 大不了的,No big deal,,nothing of great consequence,fill_missing
1794,好，我知道了,"Ok, I got it",,"okay, I know now",fill_missing
1795,不会吧,No way!,,surely that cannot be?,fill_missing
1796,别担心了，我相信你可以的,"Don't worry, I believe you can do it.",,stop worrying; I believe you can do it,fill_missing
1797,没问题,no problem,,no problem,fill_missing
1798,没事儿,It's okay,,nothing is the matter,fill_missing
1799,随便吧,Whatever (is ok),,"as is convenient, then",fill_missing
1801,我也是,me too,,I also am,fill_missing
1802,那要看情况,that depends,,that requires looking at the circumstances,fill_missing
1803,没门儿,no way,,there is no door,fill_missing
1804,行,OK,,will do,fill_missing
1805,你已经跟我说过了,You already told me,,you have already told me,fill_missing
1806,你在开玩笑吗,Are you joking?,,are you making a joke?,fill_missing
1807,让我来看看,let me have a look,,let me take a look,fill_missing
1808,我很高兴能帮到你,I'm glad I could help you,,I am very happy to be able to help you,fill_missing
1809,我不是很确定,I'm not sure,,I am not very certain,fill_missing
1810,没有 你误会我了,"No, you misunderstood me.",,"no, you have misunderstood me",fill_missing
1811,算了,nevermind;forget it,,let it be,fill_missing
1812,是吗？那太搞笑了,Really? That's hilarious.,,is that so? then that is very funny,fill_missing
1813,那太好了,That's great,,that is very good,fill_missing
1814,你吓了我一跳,you scared me! (gave me a jump),,you frightened me into a jump,fill_missing
1815,信不信由你,Believe it or not,,"believe or not believe, it is up to you",fill_missing
1816,我不是故意的,I didn't mean it.,,I did not do it deliberately,fill_missing
1817,要你管,none of your business!,,who needs you to interfere?,fill_missing
1818,那太不公平了吧,That's so unfair.,,"that is far too unfair, isn't it?",fill_missing
1819,怎么可能,How is that possible?,,how could it be possible?,fill_missing
1820,都可以,any of them is fine; either is fine,,all are acceptable,fill_missing
1821,管他呢,Who cares?,,why bother about him or it?,fill_missing
1822,你把我给问住了,You got me (stuck),,you have stopped me with your question,fill_missing
1823,无所谓了,It doesn't matter,,it no longer matters,fill_missing
1824,难怪你这么饿,No wonder you're so hungry,,no wonder you are this hungry,fill_missing
1825,人无完人嘛,No one is perfect.,,among people there are no perfect people,fill_missing
1826,我还没想好,I haven't decided yet,,I have not finished thinking it through,fill_missing
1827,我去查一下,I'll go check,,I will go check a little,fill_missing
1828,请稍等,Please wait a moment,,please wait a little,fill_missing
1829,不怎么样,not so good,,not particularly good,fill_missing
1830,一般,so-so,,ordinary,fill_missing
1831,还不错,not bad,,still not bad,fill_missing
1832,你说的对,you're right,,what you say is right,fill_missing
1833,我也觉得,I think so too,,I also think so,fill_missing
1834,哦这样啊,Oh I see,,"oh, it is like that",fill_missing
1835,别催我,Don't rush me,,do not hurry me,fill_missing
1836,招牌总汇,signature combination; house-special assortment,,signature assortment,fill_missing
1837,馄饨,wontons,,wontons (food name),fill_missing
1838,鸡汤小馄饨,small wontons in chicken broth,,chicken-soup small wontons,fill_missing
1840,鲜肉大馄饨,Fresh Meat Wontons,,fresh-meat large wontons,fill_missing
1841,粽子,glutinous rice wrapped in bamboo leaves: sweet or savory,,leaf-wrapped glutinous-rice dumpling,fill_missing
1843,赤豆粽子,red bean zongzi,,red-bean leaf-wrapped rice dumplings,fill_missing
1844,蜜枣粽子,candied date zongzi,,candied-date leaf-wrapped rice dumplings,fill_missing
1845,香菇菜肉大馄饨,Mushroom Vegetable and Meat Wontons,,"fragrant-mushroom, vegetable and meat large wontons",fill_missing
1847,荠菜鲜肉大馄饨,Shepherd's purse and fresh meat large wontons,,shepherd's-purse and fresh-meat large wontons,fill_missing
1848,荠菜虾仁馄饨,Shepherd's Purse and Shrimp Wontons,,shepherd's-purse and shelled-shrimp wontons,fill_missing
1850,金牌虾仁,Gold Medal Shrimp,,gold-medal shelled shrimp,fill_missing
1851,青椒腰花面(饭),Green pepper and kidney noodles (rice),,green-pepper and kidney-flower noodles (rice),fill_missing
1852,泡椒鸡胗面,Pickled Pepper Chicken Gizzard Noodles,,pickled-pepper and chicken-gizzard noodles,fill_missing
1853,香干肉丝面,Dried Tofu and Shredded Pork Noodles,,fragrant dried-tofu and shredded-meat noodles,fill_missing
1854,青椒回锅肉面,Green pepper pork (twice-cooked) noodles,,green-pepper and returned-to-the-wok pork noodles,fill_missing
1856,干辣肉丝面,Dry Spicy Shredded Pork Noodles,,dry-chilli shredded-meat noodles,fill_missing
1857,鱼香茄子面,Fish-flavored eggplant noodles,,fish-fragrance eggplant noodles,fill_missing
1858,番茄炒蛋面,Tomato Scrambled Egg Noodles,,tomato and fried-egg noodles,fill_missing
1860,青菜炒肉丝饭,Fried pork with green vegetables and rice,,green-vegetable and shredded-meat stir-fry rice,fill_missing
1861,榨菜肉丝面,Pickled mustard greens with shredded pork noodles,,pressed-pickle and shredded-meat noodles,fill_missing
1863,辣子鸡面,Spicy Chicken Noodles,,chilli chicken noodles,fill_missing
1864,红烧小排骨面,noodles with braised pork ribs,,red-braised small-rib noodles,fill_missing
1866,酸豆角肉糜面,Sour beans and minced meat noodles,,sour-bean and minced-meat noodles,fill_missing
1867,洋葱回锅肉面,Onion pork twice-cooked noodles,,onion and returned-to-the-wok pork noodles,fill_missing
1870,芹菜肉丝面,Celery and Shredded Pork Noodles,,celery and shredded-meat noodles,fill_missing
1872,雪菜面,noodles with preserved mustard greens,,preserved mustard-green noodles,fill_missing
1874,蹄膀面,pork shank noodles,,pork-hock noodles,fill_missing
1876,份,portion,,portion,fill_missing
1877,杭州名小吃,Hangzhou famous snacks,,Hangzhou's famous small eats,fill_missing
1878,铁锅木郎鱼头,Iron pot Murang fish head,,iron-pot Mulang fish head (menu name),fill_missing
1879,有名的杭州菜,Famous Hangzhou dishes,,famous Hangzhou dishes,fill_missing
1880,醋笋壳鱼,marble goby (soon hock) in vinegar sauce,,vinegar bamboo-shoot-shell fish,fill_missing
1881,酒水饮料,beverages,,alcohol and other beverages,fill_missing
1882,鱼角,fish dumpling,,fish dumpling,fill_missing
1883,东城扣肉,Dongcheng (east city) Braised Pork,,East City inverted-bowl pork,fill_missing
1885,虾仁10克,10 grams of shrimp,,ten grams of shelled shrimp,fill_missing
1886,水米糕,rice cake,,water-rice cake,fill_missing
1887,肉酱蒸蛋,Steamed Egg with Meat Sauce,,meat-sauce steamed eggs,fill_missing
1888,招牌必喝榜,Signature Must drink ranking,,signature must-drink ranking,fill_missing
1889,超级水果茶,Super Fruit Tea,,super fruit tea,fill_missing
1890,扫码下单,Scan the QR code to place an order,,scan the code to place an order,fill_missing
1891,实在鲜果茶,Real fresh fruit tea,,genuine fresh-fruit tea,fill_missing
1892,超人气奶茶,super popular milk tea,,super-popular milk tea,fill_missing
1893,加料,add-ons,,add ingredients,fill_missing
1894,爆打葡萄柠,Crushed Grape Lemon,,forcefully pounded grape and lemon,fill_missing
1895,推荐,recommended,,put forward and recommend,fill_missing
1896,熔岩巧克力,molten chocolate,,lava chocolate,fill_missing
1898,葡萄椰椰,grape coconut,,grape coconut-coconut,fill_missing
1899,超厚芋泥奶绿,Super thick taro paste green milk tea,,extra-thick taro-paste milk green tea,fill_missing
1900,薄荷奶绿,mint milk green tea,,mint milk green tea,fill_missing
1901,芒芒火龙果酸奶,Mango Dragon Fruit Yogurt,,mango-mango dragon-fruit yogurt,fill_missing
1902,茉香奶绿典,jasmine milk green tea classic,,jasmine-fragrance milk green tea classic (menu wording),fill_missing
1904,可更换为椰果,Can be substituted with coconut jelly (nata de coco).,,can be exchanged for coconut jelly,fill_missing
1907,茉莉香椰,jasmine coconut,,jasmine-fragrant coconut,fill_missing
1908,鲜萃茗茶,freshly brewed tea,,freshly extracted fine tea,fill_missing
1910,生酪拿铁,creamy cheese latte,,fresh-cheese latte,fill_missing
1911,小程序下单更优惠,mini program orders more discount,,ordering through the mini-program is more economical,fill_missing
1912,1元可升级零卡糖,1 yuan to upgrade to zero-calorie sugar,,one yuan can upgrade to zero-calorie sweetener,fill_missing
1914,麻薯,mochi,,mochi (food name),fill_missing
1916,紫米绵绵糕,purple rice soft cake,,purple-rice soft-soft cake,fill_missing
1917,芝麻,sesame,,sesame,fill_missing
1919,现烤现卖,Freshly baked and sold,,bake on the spot and sell on the spot,fill_missing
1920,混搭糕,mixed cake,,mix-and-match cake,fill_missing
1921,营养美味,Nutritious and delicious,,nourishing and delicious,fill_missing
1922,有营养,Nutritious,,has nourishment,fill_missing
1923,香酥鸡蛋汉堡,crispy egg burger,,fragrant crispy egg burger,fill_missing
1924,萧县卷凉皮,Xiaoxian (county) Rolled Cold Noodles,,Xiao County rolled cold starch sheets,fill_missing
1925,功夫卷饼,Kung Fu wrap (menu name),,kung-fu rolled pancake,fill_missing
1927,牛肚双拼,Beef tripe double combination,,beef-tripe two-item combination,fill_missing
1929,卤蛋另加2元,braised egg add 2 yuan,,marinated egg costs two yuan extra,fill_missing
1930,脆藕干张卷,wrap with crunchy lotus root and tofu sheets,,crisp lotus-root and dried-tofu-sheet wrap,fill_missing
1931,麻辣鸭肠卷,mala-spiced duck-intestine wrap,,numbing-hot duck-intestine wrap,fill_missing
1933,招牌卤肉,Signature Braised Pork,,signature marinated meat,fill_missing
1935,除牛陆为任选一种肉,Any meat except beef,,choose one meat except beef (source appears mistyped),fill_missing
1936,牛肚另加10,Add 10 for beef tripe.,,beef tripe costs ten extra,fill_missing
1939,五花卤肉,Braised pork belly,,five-flower marinated pork,fill_missing
1940,粢饭团,glutinous rice balls,,glutinous-rice ball,fill_missing
1941,奥尔良鸡腿肉,Orleans Chicken Thighs,,Orleans chicken-leg meat,fill_missing
1942,爆炒肉沫,Stir-fried minced meat,,flash-fried minced meat,fill_missing
1943,粉酸笋,sour bamboo shoots (source wording unclear),,noodles/powder and sour bamboo shoots (unclear source wording),fill_missing
1944,武夷山鲜笋,Wuyi Mountain Fresh Bamboo Shoots,,Wuyi Mountain fresh bamboo shoots,fill_missing
1945,肉花肠,pork sausage,,meat-flower sausage (menu name),fill_missing
1946,玉米肠,corn sausage,,corn sausage,fill_missing
1948,王中王火腿肠,King of Kings Ham Sausage,,king-of-kings ham sausage,fill_missing
1953,虾棒,shrimp stick,,shrimp stick,fill_missing
1957,海苔碎,Shredded seaweed,,seaweed fragments,fill_missing
1959,沙拉酱,salad dressing,,salad sauce,fill_missing
1962,腊味蛋炒饭,Preserved Meat and Egg Fried Rice,,cured-meat egg fried rice,fill_missing
1963,招牌荷花酥,Signature Lotus Crisp,,signature lotus-flower flaky pastry,fill_missing
1965,百香柠檬茶,passionfruit lemon tea,,hundred-fragrance-fruit lemon tea,fill_missing
1966,清炒青菜,stir-fried green vegetables,,plain stir-fried green vegetables,fill_missing
1968,干菜刀豆,sword beans with dried preserved vegetables (probable menu meaning),,dried vegetables and sword beans,fill_missing
1972,方打包盒,square packaging box,,square takeaway box,fill_missing
1973,询价,inquire price,,ask the price,fill_missing
1974,特调,special,,specially mixed,fill_missing
1975,无咖啡,no coffee; without coffee,,without coffee,fill_missing
1976,气致冰美式,iced americano tonic,,sparkling iced Americano (stylized menu wording),fill_missing
1977,含酒,including alcohol,,contains alcohol,fill_missing
1978,威士忌冰美式,Whiskey Iced Americano,,whiskey iced Americano,fill_missing
1979,焦糖拿铁,caramel latte,,caramel latte,fill_missing
1980,桂花拿铁,Osmanthus Latte,,osmanthus-flower latte,fill_missing
1981,冲绳黑糖拿铁,Okinawa Brown Sugar Latte,,Okinawa black-sugar latte,fill_missing
1982,绿豆沙沙拿铁,mung bean slush latte,,mung-bean sandy-slush latte,fill_missing
1983,谢绝外食,no outside food,,politely decline outside food,fill_missing
1984,本店禁烟,This shop prohibits smoking,,this shop prohibits smoking,fill_missing
1985,落座点单,take a seat and order,,take a seat and order,fill_missing
1988,现做须等待35分钟,freshly made; must wait 35 minutes,,freshly made; must wait thirty-five minutes,fill_missing
1989,详见展柜左上角清单,Details see display case upper left corner list,,for details see the list at the display cabinet's upper-left corner,fill_missing
1990,蛋黄肉粽子,egg yolk meat zongzi,,egg-yolk and meat leaf-wrapped rice dumpling,fill_missing
1991,红赤豆,Red azuki beans,,red azuki beans,fill_missing
1993,蔬菜,vegetables,,vegetables,fill_missing
1994,菌菇,mushrooms,,fungi and mushrooms,fill_missing
1995,豆制品类,soy products,,bean-product category,fill_missing
1997,冰鲜丸子,chilled fresh meatballs,,ice-chilled fresh balls,fill_missing
1999,原味,original flavor,,original flavour,fill_missing
2002,饭类,rice dishes,,rice category,fill_missing
2005,牛排拌面,steak mixed noodles,,steak mixed noodles,fill_missing
2006,安格斯肥牛饭,rice with thinly sliced fatty Angus beef,,Angus fatty-beef rice,fill_missing
2007,牛骨头汤面,beef bone noodle soup,,beef-bone soup noodles,fill_missing
2008,秘制牛排,house-special steak prepared with a secret recipe,,secret-recipe steak,fill_missing
2009,牛筋牛肚粗粉,beef tendon and tripe wide noodle,,beef-tendon and tripe thick starch noodles,fill_missing
2010,牛肉丸米线,beef meatball rice noodles,,beef-ball rice threads,fill_missing
2011,牛排+咸饭,steak with savory seasoned rice,,steak plus savoury rice,fill_missing
2012,特色牛杂汤,house-special beef offal soup,,special-feature beef-offal soup,fill_missing
2014,闽南牛肉,southern Fujian beef,,southern Fujian beef,fill_missing
2015,12道工序 古法制面,12 steps traditional noodle making,,twelve work stages; noodles made by the old method,fill_missing
2018,红葱牛肉炒饭,beef fried rice with shallots,,red-onion beef fried rice,fill_missing
2019,拌青菜,mixed greens,,tossed green vegetables,fill_missing
2020,酸菜牛肉炒饭,Sour Cabbage Beef Fried Rice,,sour-vegetable beef fried rice,fill_missing
2021,一分钱一分货,You get what you pay for,,"one unit of money, one unit of goods",fill_missing
2022,不计成本用好料,"Regardless of cost, use good ingredients",,use good ingredients without counting the cost,fill_missing
2023,虾虾全家桶,shrimp family bucket,,shrimp-shrimp whole-family bucket,fill_missing
2024,7颗虾立方,7 shrimp cubes,,seven shrimp cubes,fill_missing
2025,7颗目鱼膏,seven pieces of cuttlefish paste (probable menu meaning),,seven pieces of cuttlefish paste,fill_missing
2026,蟹黄粉丝虾滑,"crab roe, vermicelli, and shrimp paste dumplings",,"crab-roe, starch-thread noodles and smooth shrimp paste",fill_missing
2028,虾滑粉丝系列,shrimp paste dumpling and vermicelli dishes,,smooth-shrimp-paste and starch-thread-noodle range,fill_missing
2029,纯虾,pure shrimp,,pure shrimp,fill_missing
2030,海苔肉松虾滑,shrimp paste dumplings with seaweed and pork floss,,seaweed and meat-floss smooth shrimp paste,fill_missing
2031,咖喱纯虾滑,pure-shrimp paste dumplings in curry sauce,,curry pure smooth shrimp paste,fill_missing
2032,蒜蓉剁椒虾,minced garlic and (chopped) pepper shrimp,,garlic puree and chopped-chilli shrimp,fill_missing
2033,每份10颗,"every serving, 10 pieces",,ten pieces in each portion,fill_missing
2035,现串现卖,"Freshly skewered, freshly sold",,skewer on the spot and sell on the spot,fill_missing
2036,招牌肉多多肉夹馍,Signature lots of meat roujiamo,,signature lots-and-lots-of-meat stuffed flatbread,fill_missing
2037,孜香薄饼烤肉卷,Cumin Pancake Grilled Meat Rolls,,cumin-fragrant thin-pancake roast-meat roll,fill_missing
2038,孜香,cumin,,cumin fragrance,fill_missing
2040,美味土耳其烤肉,Delicious Turkish Kebab,,delicious Turkish roast meat,fill_missing
2042,现打新鲜果汁,freshly made juice,,fresh fruit juice blended on the spot,fill_missing
2043,蜂蜜芦荟,Honey Aloe,,honey aloe,fill_missing
2046,芭乐汁,guava juice,,guava juice,fill_missing
2047,特调茶饮700cc系列,Special tea drinks 700cc series,,"specially mixed tea drinks, 700 cc range",fill_missing
2050,绿豆沙牛奶(夏季),mung bean slush with milk (summer seasonal),,mung-bean slush with milk (summer season),fill_missing
2051,梅子红茶,plum black tea,,plum red tea,fill_missing
2052,冬瓜柠檬茶,Winter Melon Lemon Tea,,winter-melon lemon tea,fill_missing
2053,香蕉奶冰沙,banana milk smoothie,,banana milk ice slush,fill_missing
2054,养乐多冰沙,yakult smoothie,,Yakult ice slush,fill_missing
2055,摆烂,let it rot;don't work hard,,let it rot,fill_missing
2056,比方说,For example,,"by way of comparison, say",fill_missing
2057,压力,pressure,,pressing force,fill_missing
2059,整体,whole; entirety; overall,,entire body,fill_missing
2060,工作又辛苦,work is hard,,the work is also arduous,fill_missing
2061,选择,choose,,select and choose,fill_missing
2062,这种心理,this kind of mentality,,this kind of state of mind,fill_missing
2063,努力了一段时间,Working hard for a while,,made an effort for a period of time,fill_missing
2064,叫什么,what is it called?,,what is it called?,fill_missing
2065,能不能举一个例子,Can you give me an example?,,can you raise an example or not?,fill_missing
2066,之前的,previous,,of before,fill_missing
2067,我允诺给你,I promise you,,I promise to give you,fill_missing
2068,心情不好,bad mood,,heart's mood is not good,fill_missing
2069,大多数男性,most men,,the great majority of males,fill_missing
2070,然后基本上,Then basically ...,,then basically,fill_missing
2071,哪一方面,Which aspect,,which side or aspect,fill_missing
2072,那如果说,What if we say ... ?,,then if one says,fill_missing
2074,等等,etc.,,and so on,fill_missing
2075,我试过了,I tried it,,I have tried it,fill_missing
2076,我想我明白,I think I understand,,I think I understand,fill_missing
2077,尴尬,awkward,,awkward,fill_missing
2078,话题,topic,,topic of conversation,fill_missing
2079,共享办公室,shared office,,jointly enjoyed office,fill_missing
2081,别逼逼了,Shut up; stop talking crap (vulgar).,,stop blabbering (vulgar),fill_missing
2083,骗局,scam,,deceptive setup,fill_missing
2084,卡被盗,stolen card,,the card was stolen,fill_missing
2086,辞职,to resign,,resign from one's post,fill_missing
2087,我不知道我会旅行多久,I don't know how long I will travel,,I do not know how long I will travel,fill_missing
2088,下一,the next,,the next one,fill_missing
2089,辣妹子,spicy girl,,spicy young woman,fill_missing
2090,尾巴长长的,long tail,,the tail is long,fill_missing
2091,我把它放在桌子之类的地方了,I put it on a table or a place like that,,I put it on a table or a place of that sort,fill_missing
2092,她挺善良的,She is quite kind,,she is quite kind,fill_missing
2093,你真幸运,You are so lucky,,you are really fortunate,fill_missing
2094,我给你发微信,I will send you a WeChat,,I will send you a WeChat message,fill_missing
2096,历史,history,,records of the past,fill_missing
2097,艺术,art,,artistic skills,fill_missing
2098,首先是,First of all,,first of all is,fill_missing
2099,很疲劳,very tired; exhausted,,very fatigued,fill_missing
2100,是正常的,it's normal,,is normal,fill_missing
2101,经验,experience,,experience gained through practice,fill_missing
2102,待,stay;wait,,stay; wait,fill_missing
2103,带,carry;bring,,carry; bring,fill_missing
2104,戴,wear (item),,wear an accessory,fill_missing
2105,得,have to,,must,fill_missing
2106,我会在中国呆三个多月,I will stay in China for more than three months.,,I will stay in China for more than three months,fill_missing
2107,风景,scenery,,landscape scenery,fill_missing
2108,我没有收到水,I didn't receive water,,I have not received the water,fill_missing
2109,抱歉我迟到了,Sorry I'm late,,"sorry, I arrived late",fill_missing
2110,请原谅我,Please forgive me,,please forgive me,fill_missing
2111,你别跟着我,Don't follow me,,do not follow me,fill_missing
2112,我对历史没有什么兴趣,I have little interest in history,,I do not have much interest in history,fill_missing
2113,质量,quality,,quality,fill_missing
2114,其他语言,Other languages,,other languages,fill_missing
2115,不能用,does not work,,cannot be used,fill_missing
2116,我 不太 同意你的看法,I don’t quite agree with your opinion.,,I do not quite agree with your view,fill_missing
2117,这个电影我 不怎么 感兴趣,I'm not that interested in this movie,,"as for this film, I am not very interested",fill_missing
2118,复杂的游戏,complicated game,,complicated game,fill_missing
2120,我从事反欺诈工作,I work in anti-fraud,,I engage in anti-fraud work,fill_missing
2121,我认为反欺诈工作很有趣,I think anti-fraud work is interesting,,I think anti-fraud work is very interesting,fill_missing
2123,工作压力太大,the work is too stressful,,work pressure is too great,fill_missing
2124,让我们坐在桌子的同一边,Let's sit on the same side of the table,,let us sit on the same side of the table,fill_missing
2125,我喜欢用数据制作图表,I like to make charts with data,,I like using data to make charts,fill_missing
2126,我改变主意了,I changed my mind,,I changed my idea,fill_missing
2127,好几,several,,a good few,fill_missing
2128,我每天刷两次牙,I brush my teeth twice a day,,I brush my teeth twice every day,fill_missing
2129,我是一个社交尴尬的人,I am a socially awkward person,,I am a socially awkward person,fill_missing
2130,武装部队,armed forces,,armed troops,fill_missing
2132,注意不要被宰,Be careful not to get slaughtered;ripped off,,take care not to be slaughtered,fill_missing
2133,南极是世界上最冷的地方之一,Antarctica is one of the coldest places in the world,,the South Pole is one of the coldest places in the world,fill_missing
2134,我喜欢阴天 因为我很容易晒伤,I like cloudy days because I get sunburned easily,,I like cloudy days because I get sunburned easily,fill_missing
2135,阳光太亮,The sun is too bright,,the sunlight is too bright,fill_missing
2136,我是我们家年龄最小的孩子。,I am the youngest child in my family.,,I am the child of the smallest age in our family,fill_missing
2137,我几乎忘了你长什么样子,I almost forgot what you look like,,I almost forgot what you look like,fill_missing
2138,令人讨厌的人,obnoxious person,,a person who makes others dislike them,fill_missing
2139,快下课的时候,Before the end of class,,when class is about to finish,fill_missing
2140,合理的价格,reasonable price,,price that accords with reason,fill_missing
2141,我考虑过这么做,I considered doing that,,I have considered doing this,fill_missing
2142,原则上的问题,a matter of principle,,a question of principle,fill_missing
2144,我个人觉得,I personally think,,I personally think,fill_missing
2145,这是个人看法,This is a personal opinion,,this is an individual view,fill_missing
2146,不好说,hard to say,,not easy to say,fill_missing
2147,你要提高要求,You need to raise your standards,,you need to raise your requirements,fill_missing
2148,不要对号入座,Don't take it personally,,do not match the number and take the seat,fill_missing
2149,我挺开明的,I'm quite open-minded,,I am quite open-minded,fill_missing
2150,古老,ancient; age-old,,ancient and old,fill_missing
2151,很有年代感,very old-fashioned,,has a strong feeling of an earlier era,fill_missing
2152,盖子,lid,,cover; lid,fill_missing
2153,我需要给我的电脑充电,I need to charge my computer,,I need to fill my computer with electricity,fill_missing
2154,你不在乎我的感受,You don't care about my feelings,,you do not care about my feelings,fill_missing
2156,男德,male virtue; prescribed moral standards for men (often ironic),,male virtue,fill_missing
2157,男人的三从四德,The Three Obediences and Four Virtues for men,,men's three obediences and four virtues,fill_missing
2158,俄罗斯,Russia,,Russia (phonetic place name),fill_missing
2159,印尼,Indonesia,,Indonesia (abbreviated phonetic name),fill_missing
2160,伊朗,Iran,,Iran (phonetic place name),fill_missing
2161,哈萨克斯坦,Kazakhstan,,Kazakhstan (phonetic place name),fill_missing
2162,老挝,Laos,,Laos (phonetic place name),fill_missing
2163,巴基斯坦,Pakistan,,Pakistan (phonetic place name),fill_missing
2164,以色列,Israel,,Israel (phonetic place name),fill_missing
2165,菲律宾,Philippines,,Philippines (phonetic place name),fill_missing
2166,乌克兰,Ukraine,,Ukraine (phonetic place name),fill_missing
2167,柬埔寨,Cambodia,,Cambodia (phonetic place name),fill_missing
2168,我很困惑,I'm confused,,I am very puzzled,fill_missing
2170,可以吧,Is that ok?,,"it is acceptable, right?",fill_missing
2171,一定要跟老板还价,You must bargain with the shop owner,,you must make a counteroffer to the boss,fill_missing
2172,它不进去,It doesn't go in,,it does not go inside,fill_missing
2173,好尴尬,So embarrassing！,,very awkward,fill_missing
2174,气死我了,I'm so mad,,I am angered to death,fill_missing
2175,搞不了,can't do it,,cannot manage it,fill_missing
2176,看来,it seems,,"looking at it, it seems",fill_missing
2178,我不好描述给你,I can't describe it to you.,,it is hard for me to describe it to you,fill_missing
2179,形状,shape,,form and shape,fill_missing
2180,标识牌,signage;signboard,,identification signboard,fill_missing
2181,它叫,It's called,,it is called,fill_missing
2182,这里的高度,the height here; the altitude here,,the height here,fill_missing
2183,我来拍一张照先,Let me take a photo first,,let me take a photograph first,fill_missing
2184,回家还得再吃一顿,I have to eat another meal when I get home.,,"after returning home, still have to eat another meal",fill_missing
2185,建筑物,building,,constructed object,fill_missing
2187,照相机,camera,,photograph machine,fill_missing
2188,植物,plants,,growing organism,fill_missing
2189,兰,orchid,,orchid,fill_missing
2190,浪费了好多时间,Wasted a lot of time,,wasted a great deal of time,fill_missing
2191,洞,hole,,hole,fill_missing
2192,捕鱼,fishing,,catch fish,fill_missing
2193,游览,tour,,travel and view,fill_missing
2194,一大堆,a lot (of),,one big heap,fill_missing
2196,乱,chaos,,disorder,fill_missing
2197,枪击,shooting,,gun attack,fill_missing
2198,暴力,Violence,,violent force,fill_missing
2199,执法,law enforcement,,execute the law,fill_missing
2200,报道,reports,,report and convey,fill_missing
2201,媒体,media,,medium of communication,fill_missing
2202,穷人挺辛苦的,poor people are struggling,,poor people have it quite hard,fill_missing
2203,对华的态度有点极端,The attitude towards China is a bit extreme,,the attitude toward China is a little extreme,fill_missing
2204,行业,industry;business,,line of business,fill_missing
2205,之间,between,,in between,fill_missing
2207,之类,and so on,,of that kind,fill_missing
2208,注重细节,Attention to detail (focus on),,put weight on the fine details,fill_missing
2209,太乱了,too messy;chaotic,,too disorderly,fill_missing
2210,享受生活,Enjoy life,,enjoy life,fill_missing
2211,完全是不同的,totally different,,is completely different,fill_missing
2212,保守主义,conservatism;conservative doctrine,,preserve-and-defend doctrine,fill_missing
2213,背了又忘,memorize and forget,,"memorize, then forget again",fill_missing
2214,思想,thought;thinking,,thought and ideas,fill_missing
2215,宽松,loose (clothes),,wide and loose,fill_missing
2216,想做什么就做什么,Do whatever you want,,do whatever one wants to do,fill_missing
2217,开放,open,,open and release,fill_missing
2218,烦恼,worries,,trouble and vexation,fill_missing
2219,完全的自由,complete freedom,,complete freedom,fill_missing
2220,领导者,leaders,,those who lead and guide,fill_missing
2221,不稳定的,unstable,,not stable,fill_missing
2222,政治局面,political situation,,political state of affairs,fill_missing
2223,毒品泛滥,widespread drug use or trafficking; proliferation of illicit drugs,,illicit drugs overflow,fill_missing
2224,创造力,creativity,,power to create,fill_missing
2225,国产品牌,domestic brands,,domestically produced brands,fill_missing
2226,不满,dissatisfied,,not satisfied,fill_missing
2227,技术打压,technological suppression; attempts to curb technological development,,strike down and suppress technology,fill_missing
2228,经济制裁,economic sanctions,,economic restrictions and penalties,fill_missing
2229,解释一下,please explain,,explain a little,fill_missing
2231,关注,focus on;to follow,,attend to and focus on,fill_missing
2232,支持你,Support you,,support you,fill_missing
2233,笨笨的,silly;stupid,,rather silly,fill_missing
2234,风评,reviews;reputation,,public appraisal,fill_missing
2235,请点赞,Please like,,please tap 'like',fill_missing
2237,订阅我们的频道,Subscribe to our channel,,subscribe to our channel,fill_missing
2238,离首都很近,Very close to the capital,,very near the capital,fill_missing
2239,要不然,otherwise,,if not so,fill_missing
2240,弹钢琴,to play the piano,,play the steel-stringed keyboard instrument,fill_missing
2241,我爱上了数据分析,I fell in love with data analysis,,I fell in love with data analysis,fill_missing
2242,时差一个小时,One hour time difference,,time difference of one hour,fill_missing
2243,凌晨,early morning (after midnight),,approaching dawn,fill_missing
2244,严格,strict,,strict standards,fill_missing
2246,日常生活,Daily life,,everyday life,fill_missing
2249,好冷淡,So cold,,very cold and indifferent,fill_missing
2250,对我来说很难,"For me, it's hard",,very difficult as far as I am concerned,fill_missing
2252,没有习惯,not used to it,,have not become accustomed,fill_missing
2253,没办法,no way to,,there is no method,fill_missing
2254,办法总比困难多,There are always more solutions (methods) than problems (difficulties),,methods always outnumber difficulties,fill_missing
2255,发个朋友圈,Post to Moments,,publish a friends-circle post,fill_missing
2256,从这个之后,After this,,from after this,fill_missing
2257,投诉一下,make a complaint,,make a complaint,fill_missing
2258,惩罚,punish;penalty,,punish and penalize,fill_missing
2259,评论区,comments area,,comment area,fill_missing
2262,没有办法改变他的思想,There's no way to change his mind,,there is no method to change his thinking,fill_missing
2263,线下认识,meet in real life,,get acquainted offline,fill_missing
2265,能力越大责任越大,With great power comes great responsibility,,"the greater the ability, the greater the responsibility",fill_missing
2266,抱怨,to complain,,harbour resentment,fill_missing
2267,晚点见,see you later,,see you a little later,fill_missing
2268,五线城市,Fifth-tier cities,,fifth-line cities,fill_missing
2269,税前工资,Pre-tax salary,,wages before tax,fill_missing
2272,你对他有点有意思,You are interested in him,,you have a little interest in him,fill_missing
2274,交往,dating,,associate and interact,fill_missing
2275,你必须要退掉,you must return it,,you must return or cancel it,fill_missing
2276,他会省钱,he is good at saving money,,he knows how to save money,fill_missing
2277,直男,straight man;traditional;lack emotional awareness,,straight man,fill_missing
2278,不理你,ignore you;won't talk to you,,not pay attention to you,fill_missing
2279,浪漫杀手,romance killer,,romance killer,fill_missing
2280,男女平等,Gender equality,,men and women equal,fill_missing
2281,请求,request,,ask and seek,fill_missing
2282,违法了,it's illegal,,have violated the law,fill_missing
2283,骄傲自满,Pride and complacency,,proud and satisfied with oneself,fill_missing
2284,辞掉,quit,,resign from it,fill_missing
2285,搬去,to move (house),,move away to,fill_missing
2286,政府部门,Government departments,,government departments,fill_missing
2287,政府机构,Government agencies,,government organizations,fill_missing
2288,汗,sweat,,sweat,fill_missing
2289,互相,each other,,mutually,fill_missing
2290,吃惊,surprised,,eat a fright,fill_missing
2291,脚,foot,,foot,fill_missing
2292,低生育率,low birth rate,,low birth rate,fill_missing
2293,成长,growing up;to mature;grow,,develop and grow,fill_missing
2294,孤独,lonely,,solitary and alone,fill_missing
2295,钠,sodium,,sodium,fill_missing
2296,勺子,spoon,,spoon,fill_missing
2297,叉子,fork,,fork,fill_missing
2298,刀子,knife,,knife,fill_missing
2300,清单,list,,itemized list,fill_missing
2302,先辈,ancestors;elders;predecessors,,earlier generation,fill_missing
2303,值得吐槽,worth complaining about,,worth venting complaints about,fill_missing
2304,粪便,feces,,excrement,fill_missing
2305,亚洲都卷,All of Asia is competitive,,all of Asia is caught in involution,fill_missing
2306,人尽皆知,Everyone knows,,people all know,fill_missing
2307,万万不行,absolutely not,,absolutely will not do,fill_missing
2308,照抄,to copy (from someone else);word for word,,copy exactly as given,fill_missing
2309,当地人,locals,,people of that locality,fill_missing
2310,阴沟里的老鼠,despicable person,,rats in a dark drain,fill_missing
2311,缅甸有电信诈骗,Myanmar has telecom fraud,,Myanmar has telecommunications fraud,fill_missing
2312,洛杉矶,Los Angeles,,Los Angeles (phonetic place name),fill_missing
2313,我不小心按到了,I accidentally pressed,,I pressed it without being careful,fill_missing
2314,去拿冰块,Go get some ice,,go get ice pieces,fill_missing
2316,当前订单,current orders,,current orders,fill_missing
2317,历史订单,Historical orders,,past orders,fill_missing
2318,点单,Order,,place an order,fill_missing
2319,季节限定,Seasonal limited,,limited to the season,fill_missing
2320,风味系列,Flavored (product) series,,flavour series,fill_missing
2321,选择下单门店,Select the store to order,,choose the shop at which to place the order,fill_missing
2322,瓶装饮品,Bottled drinks,,bottle-packed beverages,fill_missing
2323,减5元,5 yuan off,,subtract five yuan,fill_missing
2324,我会尝试,I will try,,I will try,fill_missing
2325,剩1间,1 room left,,one room remains,fill_missing
2326,在线付,Online payment,,pay online,fill_missing
2327,填写,fill in,,fill by writing,fill_missing
2328,用于接收订单信息,used to receive order information,,used for receiving order information,fill_missing
2329,新客专享,Exclusive for new customers,,exclusive enjoyment for new customers,fill_missing
2330,已省,already saved,,already saved,fill_missing
2331,促销活动,Promotional activities (sale),,sales-promotion activity,fill_missing
2332,2项优惠,2 offers,,two preferential offers,fill_missing
2333,阅读并同意,Read and agree,,read and agree,fill_missing
2334,商户,merchants,,merchant households,fill_missing
2335,律所,law firm,,lawyers' office,fill_missing
2336,维修,maintenance; repair,,maintain and repair,fill_missing
2338,家电维修,Home Appliance Repair,,household-appliance repair,fill_missing
2339,反馈,feedback,,feed back,fill_missing
2340,更,more,,more,fill_missing
2341,入选2025必去傍,selected as a must-go place for 2025,,selected for the 2025 must-go list (source has a typo),fill_missing
2342,古典园林,Classical Gardens,,classical landscaped gardens,fill_missing
2343,回归自然,Back to Nature,,return to nature,fill_missing
2344,景色宜人,Pleasant scenery,,scenery pleasing to people,fill_missing
2345,开园中,open (place),,park currently open,fill_missing
2346,营业中,open (for business),,currently doing business,fill_missing
2347,开放时间,Opening hours,,opening times,fill_missing
2348,舒适,comfortable; pleasant,,comfortable and agreeable,fill_missing
2349,详情,details (page),,detailed circumstances,fill_missing
2350,驾车9公里20分钟,"9 km by car, 20 minutes",,"drive nine kilometres, twenty minutes",fill_missing
2353,概述,Overview,,general account,fill_missing
2354,亮点特色,Highlights,,bright points and distinctive features,fill_missing
2355,门票信息,Ticket Information,,admission-ticket information,fill_missing
2356,满120减1,1 off a purchase of 120 or more,,"reach 120, subtract one",fill_missing
2357,省钱卡,save money card,,money-saving card,fill_missing
2358,购买,(go) buy,,purchase and buy,fill_missing
2359,可订明日,available (can be ordered) tomorrow,,can book for tomorrow,fill_missing
2360,指定日期,specified date,,designated date,fill_missing
2361,随时退,anytime refund,,return or cancel at any time,fill_missing
2362,有条件退,Conditional Refund,,return or cancel under conditions,fill_missing
2363,极速出票,extreme speed ticket issuance,,issue tickets at top speed,fill_missing
2364,携程,Ctrip,,accompany on the journey (Ctrip brand),fill_missing
2365,平均1分钟出票,Ticket issuance takes an average of 1 minute,,issue tickets in one minute on average,fill_missing
2367,有效期至,valid period until,,period of validity until,fill_missing
2368,需预约,Reservation required,,need an advance booking,fill_missing
2369,超低价门票点我,Super low price tickets click here,,super-low-price admission tickets; click me,fill_missing
2370,仅行人,Pedestrians only,,pedestrians only,fill_missing
2371,查找地点,find a location,,look for a place,fill_missing
2373,图层,map layers,,map layers,fill_missing
2374,卫星地图,Satellite Map,,satellite map,fill_missing
2375,外观设置,Appearance settings,,appearance settings,fill_missing
2376,深色模式,Dark Mode,,deep-colour mode,fill_missing
2377,显示,display;to display,,reveal and show,fill_missing
2378,字号设置,Font size setting,,character-size settings,fill_missing
2379,路况,road (traffic) conditions,,road conditions,fill_missing
2380,事件,event,,event,fill_missing
2381,我的收藏,my collection,,my saved collection,fill_missing
2382,运动绿道,Sports Greenway,,exercise greenway,fill_missing
2383,展开更多,Expand more,,unfold more,fill_missing
2385,实时公交,Real-time public transportation (bus),,real-time public transport,fill_missing
2386,热点区域,Hotspots,,hot-point area,fill_missing
2387,实用信息,Useful Information,,practical information,fill_missing
2388,咨询官方,consult official (website),,consult the official party,fill_missing
2389,直达,direct;nonstop,,arrive directly,fill_missing
2390,便捷可达,convenient access,,conveniently reachable,fill_missing
2391,行程攻略,itinerary tips;journey strategy,,journey strategy guide,fill_missing
2392,休闲娱乐,Leisure and entertainment,,rest and recreation,fill_missing
2394,预订,reservation;booking,,book in advance,fill_missing
2395,去处,place (to go),,place to go,fill_missing
2396,距此,distance from here,,distance from here,fill_missing
2397,查看全部,view all,,look at all,fill_missing
2398,浏览,(number of) views;to browse,,browse and view,fill_missing
2399,人流量情况,people flow volume conditions,,conditions of the volume of people flowing through,fill_missing
2400,基于,based on;because of,,on the basis of,fill_missing
2401,过去2周,Last 2 weeks,,past two weeks,fill_missing
2402,数据统计,data statistics,,data statistics,fill_missing
2403,人气爆款,Popular items,,popular explosive-selling item,fill_missing
2404,人均价格,average price per person;per capita price,,per-person average price,fill_missing
2405,相亲角,blind date corner,,matchmaking corner,fill_missing
2406,征婚信息表,marriage-seeking profile form,,spouse-seeking information form,fill_missing
2408,户籍,household registration (location),,household register,fill_missing
2409,户口,registered residence,,household registration,fill_missing
2410,独子,only son,,only son,fill_missing
2412,丧偶,widowed,,lose one's spouse,fill_missing
2415,容貌,appearance;looks,,facial appearance,fill_missing
2416,相貌端正,"regular, pleasing features; decent-looking",,facial features upright and regular,fill_missing
2417,体貌端庄大方,dignified and poised in appearance,,bodily appearance dignified and poised,fill_missing
2418,相貌堂堂,handsome and dignified; distinguished-looking,,imposing facial appearance,fill_missing
2419,相貌中上,above average appearance,,appearance middle-to-upper,fill_missing
2420,中等以上,average or above; above the middle level,,above the middle level,fill_missing
2421,性格开朗,cheerful personality,,open and cheerful temperament,fill_missing
2422,正直诚实,upright and honest,,upright and honest,fill_missing
2423,善良,kind (person),,good and kind,fill_missing
2426,均无贷款,No loans,,all have no loans,fill_missing
2427,无贷,(house) without loan,,without a loan,fill_missing
2428,商铺,commercial property,,commercial shop,fill_missing
2429,择偶标准,Select mate criteria;spouse requirements,,standards for choosing a mate,fill_missing
2430,诚寻,sincerely seeking,,sincerely seek,fill_missing
2431,诚心,sincerely,,sincere heart,fill_missing
2432,身高适配,height should be suitable,,height suitably matched,fill_missing
2433,五官端正,well-proportioned facial features,,five facial features regular,fill_missing
2434,形体匀称,well-proportioned body;body shape symmetry,,body shape evenly proportioned,fill_missing
2435,温和,gentle,,warm and harmonious,fill_missing
2436,温顺,gentle,,gentle and compliant,fill_missing
2437,品行端正,good character,,upright character and conduct,fill_missing
2438,好沟通,Good communication,,easy to communicate with,fill_missing
2439,易互动,Easy to interact,,easy to interact with,fill_missing
2440,相对稳定,relatively stable (job),,relatively stable,fill_missing
2441,安家过日子,settle down and live a good life,,settle a home and pass the days,fill_missing
2442,父母有双保,Parents have double insurance,,parents have both forms of insurance (unspecified),fill_missing
2443,温馨提示,warm reminder;kind tips,,warm reminder,fill_missing
2444,"谨慎联系,以防受骗",Contact carefully to avoid being deceived,,make contact cautiously to prevent being deceived,fill_missing
2445,过期作废,void if expired,,becomes invalid after expiry,fill_missing
2446,大专学历,junior-college qualification; postsecondary diploma,,junior-college educational qualification,fill_missing
2447,正常职业,Normal occupation,,normal occupation,fill_missing
2448,三观正,to have sound values and a healthy outlook on life and the world,,the three outlooks are upright,fill_missing
2449,人生观,outlook on life: one's attitude and approach to life and living.,,view of human life,fill_missing
2450,生意,business (how doing),,business,fill_missing
2452,年龄相仿,Similar age,,similar age,fill_missing
2453,学历不限,No educational requirement,,educational qualifications unrestricted,fill_missing
2454,文凭不限,No diploma required,,diplomas unrestricted,fill_missing
2455,婚否不限,regardless of marital history or status,,married or not unrestricted,fill_missing
2456,条件地域不限,No restrictions on conditions and regions,,circumstances and region unrestricted,fill_missing
2457,顾家,family oriented,,care for the family,fill_missing
2458,姑娘,girl,,young woman,fill_missing
2459,短婚未育,Short marriage without children,,"brief marriage, no children born",fill_missing
2460,原籍,birthplace;place of origin;originally from,,original place of registration,fill_missing
2461,随和,easy going,,easygoing and agreeable,fill_missing
2462,无不良嗜好,No bad habits,,without unhealthy predilections,fill_missing
2463,寻,search;looking for,,seek,fill_missing
2464,欲觅,seeking,,wish to seek,fill_missing
2465,以上,above,,above,fill_missing
2466,通情达理,reasonable,,understand feelings and grasp reason,fill_missing
2467,明理,reasonable,,understand reason,fill_missing
2468,持家,housekeeping,,manage a household,fill_missing
2469,品行良好,Good conduct,,good character and conduct,fill_missing
2470,身心健康,Physically and mentally healthy,,body and mind healthy,fill_missing
2471,有缘人,destined person,,person with a destined affinity,fill_missing
2472,高中毕业,High school graduate,,graduate from senior high school,fill_missing
2473,体重,body weight,,body weight,fill_missing
2474,体重不肥胖,Not obese;not overweight,,body weight not obese,fill_missing
2475,不超标,not exceeding the standard,,not exceed the standard,fill_missing
2476,不酗酒,not an alcoholic,,not drink excessively,fill_missing
2477,不赌博,not a gambler,,not gamble,fill_missing
2478,工资,income;salary,,work pay,fill_missing
2479,家庭状况,Family status,,family circumstances,fill_missing
2480,套,measure word for house,,set; unit (measure word),fill_missing
2481,养老保险,pension insurance; old-age insurance,,old-age support insurance,fill_missing
2482,无遗传基因疾病,No genetic disease,,no hereditary genetic disease,fill_missing
2483,净身高,Net height (without shoes),,bare height,fill_missing
2484,肤白,fair-skinned; light complexion,,white skin,fill_missing
2485,已购房,Purchased a house,,have already bought a home,fill_missing
2486,责任心强,Strong sense of responsibility,,strong sense of responsibility,fill_missing
2487,有上进心,Ambitious,,have a heart for advancement,fill_missing
2488,上进男,"ambitious, motivated man",,man who strives upward,fill_missing
2489,努力上进,hardworking;strive to improve,,make an effort to advance,fill_missing
2491,基本,basic,,fundamental basis,fill_missing
2492,条件基本一致,The conditions are basically the same,,conditions basically the same,fill_missing
2493,条件相当,The conditions are equivalent,,conditions equivalent,fill_missing
2494,稳定,stable,,steady and settled,fill_missing
2495,社保,Social Security,,social insurance,fill_missing
2496,牌不沾,not involved with cards,,do not touch cards,fill_missing
2500,企业,enterprise;company,,enterprise,fill_missing
2501,人品好,Good character,,good personal character,fill_missing
2502,心地善良,Kindhearted,,kind heart-ground,fill_missing
2504,形象好,presentable; good appearance,,good outward image,fill_missing
2505,气质佳,good bearing; attractive presence,,fine bearing,fill_missing
2506,气质高雅,Elegant temperament,,elegant bearing,fill_missing
2507,阳光开朗,Sunny and cheerful,,sunshine and cheerfulness,fill_missing
2508,在职,working;employed,,in a post,fill_missing
2509,整洁,tidy,,orderly and clean,fill_missing
2511,私企经理,Private company manager,,private-enterprise manager,fill_missing
2513,咨询,consulting;to consult,,consult and inquire,fill_missing
2514,高级职称,Senior job title,,senior professional title,fill_missing
2515,高层管理,Senior Management,,high-level management,fill_missing
2516,区域总监,Regional Director,,regional chief supervisor,fill_missing
2517,收入具佳,Good income,,good income (source wording irregular),fill_missing
2518,身材,body figure,,body build,fill_missing
2519,身材匀称,Well-proportioned body,,evenly proportioned body,fill_missing
2520,活泼,lively,,lively and spirited,fill_missing
2521,善于人际沟通,Good at interpersonal communication,,skilled at communication between people,fill_missing
2522,为人处事好,Good at dealing with people,,good in dealing with people and affairs,fill_missing
2523,尊敬长辈,Respect for elders,,respect the elder generation,fill_missing
2524,兴趣爱好,interests and hobbies,,interests and preferences,fill_missing
2525,谦逊,humble,,humble and yielding,fill_missing
2526,谦虚,modest,,modest and unassuming,fill_missing
2527,不考虑,not considered,,do not consider,fill_missing
2528,也考虑,Also consider,,also consider,fill_missing
2529,名校,Prestigious school,,famous school,fill_missing
2530,名牌,Prestigious brand,,famous brand,fill_missing
2531,圈子干净简单,Social circle is clean and simple,,the circle is clean and simple,fill_missing
2533,清纯内秀,"innocent-looking, with inner intelligence and refinement",,pure and inwardly refined,fill_missing
2534,视力好,Good eyesight,,good visual ability,fill_missing
2536,自律,self-disciplined,,regulate oneself,fill_missing
2537,能力在线,competent; capable; up to the task,,ability is online,fill_missing
2538,设计院,Design Institute,,design institute,fill_missing
2539,早九晚五双休,9 to 5 with a two-day weekend,,"nine in the morning to five in the evening, two days off",fill_missing
2540,身材均匀,well-proportioned build,,evenly proportioned build,fill_missing
2541,有家庭责任感,Have a sense of family responsibility,,have a sense of family responsibility,fill_missing
2542,对老人有孝心,Be filial to the elderly,,have filial regard for the elderly,fill_missing
2544,有担当,Responsible,,able to shoulder responsibility,fill_missing
2545,行政管理,administrative management,,administrative management,fill_missing
2546,79年及以后,1979 and later,,the year 79 and afterward,fill_missing
2547,注册会计师,certified public accountant;CPA,,registered accountant,fill_missing
2548,民航,civil aviation,,civil aviation,fill_missing
2551,属牛,born in year of ox,,belong to the ox zodiac sign,fill_missing
2552,属虎,born in year of tiger,,belong to the tiger zodiac sign,fill_missing
2553,主任研究员,principal researcher; senior research fellow,,chief research staff member,fill_missing
2557,苗条,slim;slender,,slender,fill_missing
2558,家乡,hometown,,home locality,fill_missing
2561,学术研究,Academic Research,,academic research,fill_missing
2562,善解人意,good at understanding others;considerate,,good at understanding people's intentions,fill_missing
2563,正能量满满,full of positive energy,,full to the brim with positive energy,fill_missing
2564,澳籍华人,Australian Chinese,,Chinese person of Australian nationality,fill_missing
2566,金融管理,Finance management,,financial management,fill_missing
2567,才貌双全,Talented and pretty,,talent and looks both complete,fill_missing
2570,免问,no need to ask; please do not inquire,,spare the inquiry,fill_missing
2571,丁克族,DINK group;double income no kids,,"DINK group (phonetic abbreviation: dual income, no kids)",fill_missing
2573,工业设计,Industrial Design,,industrial design,fill_missing
2575,性格稳重,stable personality,,steady and weighty temperament,fill_missing
2576,勤俭朴实,Frugal and simple,,"diligent, thrifty, plain and unpretentious",fill_missing
2577,锻炼,to exercise,,forge and refine,fill_missing
2578,幸福美满,Happy and content (family),,happy and beautifully fulfilled,fill_missing
2579,对方的期待,The other party's expectations,,the other party's expectations,fill_missing
2580,80至85,80 to 85,,eighty to eighty-five,fill_missing
2581,情绪稳定,emotional stability,,emotions steady,fill_missing
2582,为人稳健,steady,,steady and sound in one's conduct,fill_missing
2583,成熟稳重,Mature and stable,,"mature, steady and weighty",fill_missing
2584,匹配度较近,close match,,degree of matching relatively close,fill_missing
2585,优质,high quality,,superior quality,fill_missing
2586,奖,award,,award,fill_missing
2587,定居,to settle;settle down somewhere,,fix one's residence,fill_missing
2588,教育机构,Educational institutions,,education organizations,fill_missing
2589,优雅,elegant;grace,,fine and elegant,fill_missing
2590,知性,intellectual,,intellectual nature,fill_missing
2591,牵手,hold hands,,lead by the hand,fill_missing
2592,近万,"nearly 10,000",,nearly ten thousand,fill_missing
2593,附近,nearby,,close by,fill_missing
2594,生育能力,fertility; ability to have children,,ability to give birth,fill_missing
2595,证书,certificate;credentials,,document of proof,fill_missing
2596,沪牌中高档车两辆,Two Shanghai-licensed mid- to high-end cars,,two mid-to-high-grade cars with Shanghai plates,fill_missing
2597,优先,preferred;priority,,give precedence,fill_missing
2598,小3到8岁,3-8 years younger,,three to eight years younger,fill_missing
2599,家境好,good family background;well-off,,good family circumstances,fill_missing
2600,应用经济学,Applied Economics,,applied economics,fill_missing
2601,居住证,residence permit,,residence certificate,fill_missing
2604,婚房,marriage home;home meant to be lived in together,,marriage house,fill_missing
2605,江浙沪优先,"Priority given to those from Jiangsu, Zhejiang or Shanghai",,"Jiangsu, Zhejiang and Shanghai given priority",fill_missing
2606,内环,inner ring,,inner ring,fill_missing
2607,基督徒,Christian person,,follower of Christ,fill_missing
2608,精神,spirit,,vital spirit,fill_missing
2609,神而,god,,god/spirit + 'and' (unclear fragment),fill_missing
2611,婚育史,marriage and birthing history,,history of marriage and childbearing,fill_missing
2614,狂野男孩,wild boy,,wild boy,fill_missing
2615,还不行,not yet;not enough,,still will not do,fill_missing
2616,有什么事吗,What can I do for you?,,is there something the matter?,fill_missing
2617,我想起来了,I remember now,,I have recalled it,fill_missing
2620,听不清楚,can't hear clearly,,can't hear clearly,fill_missing
2621,先来后到,"First come, first served",,"come first, arrive later",fill_missing
2623,伸展一下腿,Stretch your legs,,Stretch your legs,fill_missing
2624,改革开放初期,Early stage of reform and opening up,,initial period of reform and opening,fill_missing
2626,多余的枕头,extra pillows,,extra pillows,fill_missing
2627,什么都吃,Eat everything,,Eat everything,fill_missing
2628,我被骗了,I was deceived,,I was deceived,fill_missing
2629,我受到欺骗,I was cheated,,I was cheated,fill_missing
2630,我震惊了,I was shocked,,I was shocked,fill_missing
2631,比较少数,Relatively few,,a relatively small number,fill_missing
2632,废品回收,waste recycling,,recover waste products,fill_missing
2633,怎么不理我,Why are you ignoring me?,,Why are you ignoring me?,fill_missing
2634,举例,give an example,,raise an example,fill_missing
2635,双标,double standards,,double standards,fill_missing
2639,耍酷,Playing cool,,act cool,fill_missing
2643,普信男,ordinary but confident man,,ordinary yet self-confident man,fill_missing
2645,拜托,Please,,respectfully entrust; please,fill_missing
2646,议价,negotiate (business),,discuss the price,fill_missing
2647,引起,to cause;to lead to,,bring up or bring about,fill_missing
2648,三胎政策,Three-child policy,,three-birth policy,fill_missing
2649,犯罪率会上升,Crime rates will rise,,Crime rates will rise,fill_missing
2650,记忆力下降,memory decline,,memory capacity declines,fill_missing
2651,减少,reduce;decreasing,,make fewer,fill_missing
2652,增加了,increased;added,,have increased,fill_missing
2653,下半辈子,The rest of my life,,the latter half of a lifetime,fill_missing
2654,可怜的狗,poor dog,,poor dog,fill_missing
2655,社会大哥,big shot gangster,,society's big brother (gangster slang),fill_missing
2656,黑社会的人,Gangsters,,people of the black society,fill_missing
2657,谈不出来的,Talk without coming to any understanding,,cannot reach it through talking,fill_missing
2659,可一单独再加一份蔬菜吗,Can I add a separate serving of vegetables?,,can I separately add another serving of vegetables? (source has a typo),fill_missing
2660,蜡烛,candle,,wax candle,fill_missing
2662,小初高,"Primary, middle and high school",,"primary, junior and senior high school",fill_missing
2663,前者,the former,,the former one,fill_missing
2664,后者,the latter,,the latter one,fill_missing
2666,获得,to get;obtain,,obtain and gain,fill_missing
2667,够了,that's enough,,it is enough,fill_missing
2668,失,lose,,lose,fill_missing
2669,失望,disappointed,,lose hope,fill_missing
2670,暂时,temporary;for the time being,,for the present time,fill_missing
2671,脏,dirty,,dirty,fill_missing
2672,再过一个星期 我需要离开,"In one week, I need to leave",,"In one week, I need to leave",fill_missing
2678,必要性,necessity,,necessary nature,fill_missing
2679,创造性,creativity,,creative nature,fill_missing
2680,灵活性,flexibility,,flexible nature,fill_missing
2681,比率,rate,,comparative rate,fill_missing
2682,成功率,success rate,,success rate,fill_missing
2683,失业率,unemployment rate,,loss-of-employment rate,fill_missing
2684,增长率,growth rate,,increase-and-growth rate,fill_missing
2685,出生率,birth rate,,birth rate,fill_missing
2686,价值观,values,,view of values,fill_missing
2687,世界观,worldview,,view of the world,fill_missing
2688,复古风,Retro style,,return-to-the-old style,fill_missing
2689,欧美,European and American,,Europe and America,fill_missing
2690,简约风,simple style,,simple and restrained style,fill_missing
2691,轻奢生活,slightly luxurious life,,lightly luxurious life,fill_missing
2692,艺术家,artist,,art specialist,fill_missing
2693,科学家,scientist,,science specialist,fill_missing
2696,作者,author,,one who writes,fill_missing
2697,读者,reader,,one who reads,fill_missing
2698,投资者,investor,,one who invests funds,fill_missing
2699,职员,staff,,job personnel,fill_missing
2700,教师,teacher,,teaching master,fill_missing
2701,律师,lawyer,,law master,fill_missing
2702,厨师,chef,,kitchen master,fill_missing
2703,设计师,designer,,design master,fill_missing
2705,能手,skilled person,,capable hand,fill_missing
2708,科技迷,technology fans,,science-and-technology enthusiast,fill_missing
2710,顾客,customer,,visiting customer,fill_missing
2711,博客,blog,wide-ranging guest,blog (phonetic loan with 'guest'),refine_existing_in_new_column
2712,极客,geek,,geek (phonetic loanword),fill_missing
2714,无理取闹,Making trouble without reason,,make a disturbance without reason,fill_missing
2715,郊区,suburbs,,outskirts district,fill_missing
2716,几乎,almost,,almost,fill_missing
2717,似乎是,It seems to be,,seems to be,fill_missing
2718,经常,often,,regularly,fill_missing
2719,常常,often; frequently,,often,fill_missing
2720,正常,normal,,proper normal state,fill_missing
2721,通常,generally;usually,,as is usual,fill_missing
2722,平常,usually,,ordinary; usual,fill_missing
2724,原味麻薯,original mochi,,original-flavour mochi,fill_missing
2725,须知,must know,,must know,fill_missing
2726,铂寓,platinum apartment,,platinum residence,fill_missing
2728,俄乌战争,Russo-Ukrainian War,,Russia-Ukraine war,fill_missing
2729,政治敏感话题,Politically sensitive topics,,politically sensitive topic,fill_missing
2730,普京大帝,Putin the Great,,Putin the great emperor,fill_missing
2731,大白毛子,big white hairy people;Russians,,big white hairy ones (derogatory label for Russians),fill_missing
2732,战斗民族,Fighting Nation;Russia,,fighting people or nation,fill_missing
2733,因人而异,It depends on the person,,differ according to the person,fill_missing
2734,我本来打算去那里,I was originally planning to go there,,I was originally planning to go there,fill_missing
2735,展览,exhibition;to exhibit,,display for viewing,fill_missing
2736,花销,expenses,,money spent,fill_missing
2737,优点和缺点,Pros and Cons,,strong points and shortcomings,fill_missing
2738,优点,advantage;pro,,superior point,fill_missing
2740,公开场合,in public;public occasions,,publicly open occasion,fill_missing
2741,推出登录,Log out,,push out login (likely typo for 'log out'),fill_missing
2742,订单,orders (page),,order sheet,fill_missing
2743,连锁,chain;to interlock,,linked locks,fill_missing
2745,其本上,basically,,basically (source appears to mistype 基本上),fill_missing
2747,好时机,good timing,,good moment of opportunity,fill_missing
2748,生肖,Chinese Zodiac animal,,birth zodiac animal,fill_missing
2750,蚊子,mosquito,,mosquito,fill_missing
2752,我可想死你了,I miss you so much,,I miss you to death,fill_missing
2755,我们主要练习听力,we mostly practiced listening,,we mainly practice listening ability,fill_missing
2756,这栋楼被人们抛弃了,This building has been abandoned,,this building has been abandoned by people,fill_missing
2758,也许,maybe;perhaps,,maybe;perhaps,fill_missing
2759,或许,perhaps,,perhaps,fill_missing
2760,大概,probably,,rough outline; probably,fill_missing
2761,百分之五十,Fifty percent,,fifty parts out of a hundred,fill_missing
2762,百分之多少的中国人用vpn,What percentage of Chinese people use VPN?,,how many parts out of a hundred of Chinese people use a VPN?,fill_missing
2763,比例是多少,What is the ratio?,,What is the ratio?,fill_missing
2764,我很惊讶,I was surprised,,I was surprised,fill_missing
2765,随意说话,Talk casually,,speak as one wishes,fill_missing
2766,哎哟喂,surprised response,,oh my! (exclamation),fill_missing
2767,完蛋啦,finished;to be done for,,finished; done for (idiomatic expression),fill_missing
2768,这个工作很有挑战性,This job is challenging,,this work has a strongly challenging nature,fill_missing
2769,咖啡生产地,Coffee producing areas,,coffee production place,fill_missing
2770,放松的地方,relaxing place,,place for loosening up,fill_missing
2771,神奇的口感,an amazing texture or mouthfeel,,wondrous mouth-feel,fill_missing
2772,你在这里呆到什么时候,How long will you stay here?,,until what time will you stay here?,fill_missing
2773,交朋友,Make friends,,make friends,fill_missing
2774,原来是你,"Oh, it's you!; So it was you!",,it turns out to be you,fill_missing
2775,我昨天在路上偶遇了我的朋友,I ran into my friend on the road yesterday,,I ran into my friend on the road yesterday,fill_missing
2776,我昨天见到了我的朋友,I met my friend yesterday,,I met my friend yesterday,fill_missing
2777,我昨天和我的朋友见面了,I met my friend yesterday,,I met my friend yesterday,fill_missing
2778,好巧,What a coincidence!,,how coincidental,fill_missing
2780,自选菜饭店,self-choose food restaurant,,choose-your-own-dishes restaurant,fill_missing
2781,对了,By the way,,right!,fill_missing
2784,我有一个请求,I have a request,,I have a request,fill_missing
2785,少放点盐,Use less salt,,put in a little less salt,fill_missing
2786,味道怎么样,How does it taste?,,How does it taste?,fill_missing
2787,挺好吃的,It's delicious,,quite good to eat,fill_missing
2788,这道菜味道有点咸了,This dish tastes a bit salty,,This dish tastes a bit salty,fill_missing
2789,服务员 结账,"Excuse me, the bill, please.",,"server, settle the bill",fill_missing
2791,马路对面有一个,There is one across the road,,There is one across the road,fill_missing
2793,一直往前走,Keep going forward,,walk straight forward,fill_missing
2794,我在你的右边,I'm on your right,,I'm on your right,fill_missing
2795,我来画一幅图,Let me draw a picture,,Let me draw a picture,fill_missing
2796,过了第一个路口,Pass the first intersection,,Pass the first intersection,fill_missing
2797,往右转,Turn right,,Turn right,fill_missing
2798,往右拐,Turn right,,Turn right,fill_missing
2799,左拐,Turn left,,Turn left,fill_missing
2800,昨天下课之后你干什么去了,What did you do after class yesterday?,,What did you do after class yesterday?,fill_missing
2801,里面有什么,What's inside?,,What's inside?,fill_missing
2802,香芋,taro,,fragrant taro,fill_missing
2804,你的朋友给你打折了吗,Did your friends give you a discount?,,Did your friends give you a discount?,fill_missing
2805,打了多少折,How much discount is given?,,how many tenths of the price was it reduced to?,fill_missing
2806,你经常去吗,Do you go there often?,,Do you go there often?,fill_missing
2807,我一周去四次咖啡店,I go to the coffee shop four times a week,,I go to the coffee shop four times a week,fill_missing
2808,你们在咖啡店待了多久,How long did you stay in the coffee shop?,,How long did you stay in the coffee shop?,fill_missing
2809,大概两个小时,About two hours,,About two hours,fill_missing
2810,我们买了饮料来解辣,We bought some drinks to relieve the spiciness.,,we bought drinks to relieve the spiciness,fill_missing
2811,我们骑着车到处逛,We rode around,,We rode around,fill_missing
2812,你可以完整地说一遍吗,Can you say it again in full?,,Can you say it again in full?,fill_missing
2813,好棒,That's awesome!; Great!,,very good,fill_missing
2814,好厉害,So cool,,very impressive,fill_missing
2815,好酷了,So cool,,very cool,fill_missing
2816,棒极了,Excellent,,good to the utmost,fill_missing
2817,酒店离这很近,The hotel is very close to here,,The hotel is very close to here,fill_missing
2818,内向 观察 思考 判断,"Introversion, observation, thinking, judgment",,inward-facing; observation; thought; judgment,fill_missing
2819,害羞,shy,,feel shy,fill_missing
2820,我的性格是,My personality is,,my temperament is,fill_missing
2821,安静的环境,Quiet environment,,Quiet environment,fill_missing
2822,这份新的工作让我紧张,This new job makes me nervous,,This new job makes me nervous,fill_missing
2823,你会怎么样放松自己,How do you relax yourself?,,how would you loosen yourself up?,fill_missing
2824,我在网上看视频来放松自己,I watch videos online to relax myself,,I watch videos online to loosen myself up,fill_missing
2825,我放松的方式是,My way of relaxing is,,my way of loosening up is,fill_missing
2826,把想法写下来,Write down your thoughts,,Write down your thoughts,fill_missing
2827,任何事情,anything,,anything,fill_missing
2828,不想做任何事情,Don't want to do anything,,Don't want to do anything,fill_missing
2829,传统的人,traditional people,,traditional people,fill_missing
2830,创新的人,Innovative people,,people who create something new,fill_missing
2831,我经常做清单,I often make lists,,I often make lists,fill_missing
2832,有时候我会改变计划,Sometimes I change my plans,,Sometimes I change my plans,fill_missing
2833,你考虑得太周全了,You've thought it through so thoroughly.,,you have considered it very comprehensively,fill_missing
2834,我的运气很好,My luck is good,,My luck is good,fill_missing
2835,我很辛运,I'm lucky,,I am very fortunate (source has a typo),fill_missing
2836,我很享受读研究生的时候,I enjoyed my graduate studies.,,I greatly enjoy the time of graduate study,fill_missing
2837,我很享受读研究生的时光,I enjoyed my time as a graduate student.,,I greatly enjoy the time spent in graduate study,fill_missing
2838,我只是在回忆以前的事情,I'm just reminiscing about the past,,I am only recalling earlier things,fill_missing
2839,谢谢你把事情处理得很灵活,Thank you for handling things flexibly,,Thank you for handling things flexibly,fill_missing
2840,我需要重复地说,I need to say it repeatedly,,I need to say it repeatedly,fill_missing
2841,你可以重复一下吗 我没听明白,Could you please repeat it? I don't quite understand.,,can you repeat it? I did not hear and understand,fill_missing
2842,严肃的话题,serious topic,,serious topic,fill_missing
2843,他很认真,He is serious (in way he's doing something),,he is very earnest,fill_missing
2844,他是个严肃的人,He is serious (looks serious; more permanent personality),,he is a serious person,fill_missing
2845,长期关系,Long-term relationship,,Long-term relationship,fill_missing
2846,短期,short-term,,short-term,fill_missing
2848,昨天我有很多的社交,I had a lot of socializing yesterday.,,I had a lot of social interaction yesterday,fill_missing
2849,怎么说这个句子,How to say this sentence,,How to say this sentence,fill_missing
2850,我昨天去了你推荐的咖啡店,I went to the coffee shop you recommended yesterday,,I went to the coffee shop you recommended yesterday,fill_missing
2851,我去的咖啡店的名字叫A,The name of the coffee shop I went to was A,,The name of the coffee shop I went to was A,fill_missing
2852,我喝的是单品豆咖啡,I drink single origin coffee,,what I drank was single-origin-bean coffee,fill_missing
2853,有时我认为我应该更注意咖啡的风味,Sometimes I think I should pay more attention to the flavor of coffee,,Sometimes I think I should pay more attention to the flavor of coffee,fill_missing
2854,咖啡的风味,Coffee flavor,,Coffee flavor,fill_missing
2855,这个咖啡豆的生产地是哪里,Where is this coffee bean produced?,,where is this coffee bean's production place?,fill_missing
2856,这个咖啡豆来自巴西还是厄瓜多尔,Is this coffee bean from Brazil or Ecuador?,,does this coffee bean come from Brazil or Ecuador?,fill_missing
2857,不同的生产地中值得咖啡豆风味是不一样的,The flavor of coffee beans from different production areas is different,,coffee-bean flavours from different production places differ (source has typos),fill_missing
2858,云南的咖啡豆有很多是酸的,A lot of coffee in Yunnan is sour.,,many of Yunnan's coffee beans are sour,fill_missing
2859,为什么你犹豫了,Why did you hesitate?,,Why did you hesitate?,fill_missing
2860,有点奇怪,A bit strange,,A bit strange,fill_missing
2861,我一般喝到的手冲咖啡都是酸的,The hand-brewed coffee I usually drink is sour,,the hand-poured coffee I usually drink is all sour,fill_missing
2862,日本的咖啡大部分是深度烘焙,Most of the coffee in Japan is dark roasted,,most of Japan's coffee is deeply roasted,fill_missing
2863,深度烘焙的咖啡是苦的,Dark roasted coffee is bitter,,deeply roasted coffee is bitter,fill_missing
2864,浅度烘焙的咖啡大部分是酸的,Lightly roasted coffee is mostly sour,,most shallowly roasted coffee is sour,fill_missing
2865,品尝一下北海的手冲咖啡,Taste Beihai's hand-brewed coffee,,taste Beihai's hand-poured coffee,fill_missing
2866,有一些咖啡有水果的风味,Some coffees have fruity flavors,,Some coffees have fruity flavors,fill_missing
2867,深度烘焙的咖啡喝起来会有巧克力和坚果的风味,Dark roasted coffee tastes like chocolate and nuts,,deeply roasted coffee has chocolate and nut flavours when drunk,fill_missing
2868,这个豆子喝起来会有什么风味,What does this bean taste like?,,what flavour will this bean have when drunk?,fill_missing
2869,老板这个咖啡豆风味是怎么样的,"Boss, what is the flavor of this coffee bean?",,"Boss, what is the flavor of this coffee bean?",fill_missing
2870,手冲的咖啡在不同的温度下 喝到的风味是不一样的,The flavor of hand-brewed coffee is different at different temperatures.,,hand-poured coffee tastes different at different temperatures,fill_missing
2871,这个风味很新颖,This flavor is very novel,,This flavor is very novel,fill_missing
2872,帅哥我想问一下,"Hey, I want to ask you something.",,"handsome fellow, I would like to ask something",fill_missing
2873,你可以叫我狗哥,You can call me Dog Brother,,you can call me Dog Elder Brother,fill_missing
2874,我认为他非常想见其他的外国朋友,I think he really wants to meet other foreign friends,,I think he really wants to meet other foreign friends,fill_missing
2875,在我年轻的时候 我很努力的学习,"When I was young, I studied very hard.",,"When I was young, I studied very hard.",fill_missing
2876,我学习起来一个机器人,I learned like a robot,,"when I study, a robot (source sentence is incomplete)",fill_missing
2877,废寝忘食,work extremely hard,,give up sleep and forget food,fill_missing
2878,我学习起来废寝忘食,"I studied hard (give up sleep, forgot to eat)",,"when I study, I give up sleep and forget food",fill_missing
2879,我差不多也是这样的,I'm almost like that too.,,I'm almost like that too.,fill_missing
2880,我在大学四年级的时候,When I was a senior in college,,when I was in university year four,fill_missing
2881,我喝完咖啡以后,After I finished my coffee,,After I finished my coffee,fill_missing
2882,喝了奶茶之后我们就分开了,"After drinking milk tea, we separated.",,"After drinking milk tea, we separated.",fill_missing
2883,我们参加了一个英语角,We participated in an English corner,,we took part in an English corner,fill_missing
2884,我觉得我应该去那里，但我不想再社交了,"I feel like I should be there, but I don't want to socialize anymore",,"I feel I should go there, but I do not want to socialize anymore",fill_missing
2885,我们可以微信联系,We can connect on WeChat,,We can connect on WeChat,fill_missing
2886,我跟我的外甥聊天,I chat with my nephew,,I chat with my sister's son,fill_missing
2887,你的侄女多少岁,How old is your niece?,,how old is your brother's daughter?,fill_missing
2888,侄子 哥哥的儿子,nephew on brother's side,,paternal nephew: elder brother's son,fill_missing
2889,侄女 弟弟的女儿,niece on brother's side,,paternal niece: younger brother's daughter,fill_missing
2890,外甥 姐姐的儿子,nephew on sister's side,,maternal nephew: elder sister's son,fill_missing
2891,外甥女 妹妹的女儿,niece on sister's side,,maternal niece: younger sister's daughter,fill_missing
2892,他们的年龄从九岁到二十三岁,Their ages range from nine to twenty-three.,,Their ages range from nine to twenty-three.,fill_missing
2893,他的生日是什么时候,When is his birthday?,,When is his birthday?,fill_missing
2894,他刚从泰国旅游回来,He just came back from a trip to Thailand.,,He just came back from a trip to Thailand.,fill_missing
2895,他跟我分享了很多泰国有趣的事情,He shared with me many interesting things about Thailand,,He shared with me many interesting things about Thailand,fill_missing
2896,我们聊得很开心,We had a great time chatting,,we chatted very happily,fill_missing
2897,我们吃得很开心,We enjoyed the meal,,we ate very happily,fill_missing
2898,我们玩得很高兴,We had a great time,,we played very happily,fill_missing
2899,描述一下你的心情,Describe your mood,,Describe your mood,fill_missing
2900,下午的时候，我睡了一会儿午觉,"In the afternoon, I took a nap",,"in the afternoon, I slept a little midday nap",fill_missing
2901,我看了一会儿电视,I watched TV for a while,,I watched TV for a while,fill_missing
2902,睡醒觉之后我去了健身房,"After waking up, I went to the gym",,"After waking up, I went to the gym",fill_missing
2903,我很久没有运动了,I haven't exercised for a long time.,,I haven't exercised for a long time.,fill_missing
2904,运动了之后，我觉得很放松，很开心,"After exercising, I feel relaxed and happy.",,"After exercising, I feel relaxed and happy.",fill_missing
2905,不是正宗纽约贝果,Not a real New York bagel,,not an authentic New York bagel,fill_missing
2906,我们一起庆祝他的生日,Let's celebrate his birthday together,,we celebrate his birthday together,fill_missing
2907,我给她订了一束鲜花,I ordered a bouquet of flowers for her.,,I ordered a bouquet of flowers for her.,fill_missing
2908,你太贴心了,You are so sweet.,,you are very close to the heart,fill_missing
2909,河豚美女,Puffer Beauty;Mrs. Puff,,pufferfish beauty,fill_missing
2910,我的姐姐年龄和你一样,My sister is the same age as you.,,My sister is the same age as you.,fill_missing
2911,在你家你们会庆祝圣诞节吗,Do you celebrate Christmas in your home?,,"at your home, do you celebrate Christmas?",fill_missing
2912,那里很有圣诞氛围,There is a Christmas atmosphere there,,There is a Christmas atmosphere there,fill_missing
2913,今天是元宵节,Today is Lantern Festival,,today is the first-full-moon festival,fill_missing
2914,汤圆里面可能有芝麻花生,There may be sesame and peanuts in the rice dumplings,,inside the soup balls there may be sesame and peanuts,fill_missing
2915,冷笑话,cold joke;dry joke,,cold joke,fill_missing
2917,紫外线很强,Ultraviolet rays are very strong,,Ultraviolet rays are very strong,fill_missing
2918,好有意思,so funny;very interesting,,very interesting,fill_missing
2919,听起来好有意思,Sounds interesting,,Sounds interesting,fill_missing
2920,听起来好无聊,Sounds so boring,,Sounds so boring,fill_missing
2921,他和老师们聊了一下,He talked to the teachers,,he chatted a little with the teachers,fill_missing
2922,他有空闲的自行车,He has a spare bicycle,,He has a spare bicycle,fill_missing
2923,他借给我,He lent it to me,,He lent it to me,fill_missing
2924,这不重要,It doesn't matter,,this is not important,fill_missing
2926,我会尝试去描述食物,I will try to describe the food,,I will try to describe the food,fill_missing
2927,卷粉里面有肉，胡萝卜，和香芋,"The rice rolls contain meat, carrots, and taro",,"inside the rolled rice sheets are meat, carrots and fragrant taro",fill_missing
2928,酱油和陈醋,Soy sauce and vinegar,,soy sauce and aged vinegar,fill_missing
2929,螺蛳粉里面没有螺蛳,There are no snails in the snail rice noodle,,inside river-snail rice noodles there are no river snails,fill_missing
2930,我们骑了一个小时车去沙滩,We rode for an hour to the beach.,,We rode for an hour to the beach.,fill_missing
2931,我们见到了其他的学生,We met other students,,We met other students,fill_missing
2932,你们是约好了一起去沙滩吗,Did you guys plan to go to the beach together?,,had you arranged to go to the beach together?,fill_missing
2933,我们约好了下午三点在沙滩见面,We agreed to meet at the beach at 3pm,,We agreed to meet at the beach at 3pm,fill_missing
2934,时间放在地点的前面,Put time before location,,put the time in front of the location,fill_missing
2935,我们一边喝饮料一边聊天,We chatted while drinking,,We chatted while drinking,fill_missing
2936,他还想一起做别的事情,He still wants to do other things together.,,He still wants to do other things together.,fill_missing
2937,他很有精力,He is very energetic,,he has a lot of energy,fill_missing
2938,我没办法拒绝,I can't refuse,,I have no way to refuse,fill_missing
2939,我觉得有点不舒服,I feel a little uncomfortable,,I feel a little uncomfortable,fill_missing
2940,我并不是很想去,I don't really want to go,,I am not really very keen to go,fill_missing
2941,我很为难,I'm in an awkward situation,,I am in a difficult position,fill_missing
2942,她在英国住了二十五年,She lived in the UK for twenty-five years.,,She lived in the UK for twenty-five years.,fill_missing
2943,因为在日落之前，我们就离开了,"Because before sunset, we left",,"Because before sunset, we left",fill_missing
2944,那里很适合看日出,It's a good place to watch the sunrise.,,that place is well suited to watching the sun rise,fill_missing
2945,你很适合这份工作,You are very suitable for this job,,You are very suitable for this job,fill_missing
2946,这件衣服很适合你,These clothes suit you very well,,These clothes suit you very well,fill_missing
2947,你昨天做了什么,What did you do yesterday?,,What did you do yesterday?,fill_missing
2948,我写了日记,I wrote a diary,,I wrote a daily record,fill_missing
2949,我不太会骑车,I'm not very good at riding a bike,,I'm not very good at riding a bike,fill_missing
2950,我玩这个游戏玩得很菜,I'm not very good at this game,,"I play this game very badly ('vegetably', slang)",fill_missing
2951,我不经常去健身房,I don't go to the gym often,,I don't go to the gym often,fill_missing
2952,我也喜欢远足,I also like hiking,,I also like hiking,fill_missing
2953,那里有好多的好多的山,"There are many, many mountains there",,"There are many, many mountains there",fill_missing
2954,看起来像一片山海,Looks like a sea of mountains,,looks like a sea of mountains,fill_missing
2955,我不是一个喜欢观察的人,I'm not very observant,,I am not a person who likes observing,fill_missing
2956,我可能过几年会去越南,I might go to Vietnam in a few years.,,I might go to Vietnam in a few years.,fill_missing
2957,我看到玉林脆皮狗肉店,I saw Yulin Crispy Dog Meat Restaurant,,I saw a Yulin crispy-skin dog-meat shop,fill_missing
2958,没办法接受,I can't accept it,,no way to accept it,fill_missing
2959,我听到了一个八卦,I heard a piece of gossip.,,"I heard a piece of gossip ('eight trigrams', slang)",fill_missing
2960,桥,bridge,,bridge,fill_missing
2961,我忍不住要笑,I can't help laughing,,I cannot hold back from laughing,fill_missing
2962,他的头发很长,His hair is very long,,His hair is very long,fill_missing
2964,他有一个可爱的酒窝,He has a cute dimple,,he has a cute wine hollow (dimple),fill_missing
2965,笑起来很漂亮,Smile beautifully,,looks very beautiful when smiling,fill_missing
2966,我们还需要再了解一下,We need to know each other more,,we still need to understand a little more,fill_missing
2967,我们还需要再认识多一点,We need to know each other more,,we still need to get to know a little more,fill_missing
2971,他很腼腆,He is very shy,,He is very shy,fill_missing
2972,我比他大四岁,I am four years older than him.,,I am four years older than him.,fill_missing
2973,但是我们不合适,But we are not suitable,,but we do not suit each other,fill_missing
2974,我们聊了很多八卦,We talked a lot of gossip,,We talked a lot of gossip,fill_missing
2975,你会介意吗,Would you mind?,,Would you mind?,fill_missing
2976,你会介意我这样问吗,Would you mind if I asked?,,would you mind my asking this way?,fill_missing
2977,我不介意,I don't mind,,I don't mind,fill_missing
2978,介意,to mind,,take to heart,fill_missing
2979,你帮了我很多,You helped me a lot,,You helped me a lot,fill_missing
2980,情人节快乐,Happy Valentine's Day,,happy lovers' day,fill_missing
2981,并没有说,did not say; have not said (emphatic denial),,did not actually say,fill_missing
2983,情侣,couple,,romantic partners,fill_missing
2984,餐厅人太多了,The restaurant is too crowded,,there are too many people in the restaurant,fill_missing
2985,情人节前后,Around Valentine's Day,,before and after lovers' day,fill_missing
2986,他的餐厅已经被约满了,His restaurant is fully booked.,,His restaurant is fully booked.,fill_missing
2987,我要用更多的时间来学习中文,I want to spend more time learning Chinese,,I want to use more time to study Chinese,fill_missing
2988,如果我不会中文，我的旅行会失去很多趣味,"If I don't know Chinese, my trip will lose a lot of fun",,"If I don't know Chinese, my trip will lose a lot of fun",fill_missing
2989,我花很多的时间学习,I spend a lot of time studying,,I spend a lot of time studying,fill_missing
2990,我花很多的精力学习中文,I put a lot of effort into learning Chinese.,,I put a lot of effort into learning Chinese.,fill_missing
2991,还有别的原因吗,Is there any other reason?,,Is there any other reason?,fill_missing
2992,我有许多的中国朋友,I have many Chinese friends,,I have many Chinese friends,fill_missing
2993,我们用中文交流,We communicate in Chinese,,We communicate in Chinese,fill_missing
2994,工作是做不完的,The work is never completely done,,work cannot be finished,fill_missing
2995,我做了一个决定,I made a decision,,I made a decision,fill_missing
2996,他的工作的思路是模糊的,His approach to his work is unclear.,,his train of thought for work is blurry,fill_missing
2997,学习的思路是清晰的,The chain of thought for learning is clear,,the train of thought for learning is clear,fill_missing
2998,工作比学习难,Working is harder than studying,,Working is harder than studying,fill_missing
2999,我们不明白对方的想法,We don't understand each other's thoughts,,We don't understand each other's thoughts,fill_missing
3000,我们不知道最好的方式是什么,We don't know what the best way is,,We don't know what the best way is,fill_missing
3001,我们不知道解决这个问题最好的办法是什么,We don't know what the best way to solve this problem is,,We don't know what the best way to solve this problem is,fill_missing
3002,团队,team,,group and team,fill_missing
3003,我们的团队有多数的人,Our team has many people,,our team has the majority of the people,fill_missing
3004,团队的人经常有不同的意见,People in the team often have different opinions,,People in the team often have different opinions,fill_missing
3005,这是一个很好的表达,This is a good expression,,This is a good expression,fill_missing
3006,不同的人有不同的意见,Different people have different opinions,,Different people have different opinions,fill_missing
3007,他的工作会影响我的项目,His work will affect my project,,His work will affect my project,fill_missing
3008,我们的工作会互相影响,Our work will influence each other,,Our work will influence each other,fill_missing
3009,我一无是处,I am good at nothing,,I do not have a single good point,fill_missing
3010,世界上有很多消极的事情,There are a lot of negative things in the world,,There are a lot of negative things in the world,fill_missing
3011,他是一个很负面的人,He is a very negative person.,,He is a very negative person.,fill_missing
3012,他是一个很积极的人,He is a very positive person.,,He is a very positive person.,fill_missing
3013,你不了解我,You don't understand(know) me,,you do not understand me,fill_missing
3014,其实我是,"Actually, I am",,"Actually, I am",fill_missing
3015,我的话很少,I talk very little,,my words are few,fill_missing
3016,在学校我很少说话,I seldom speak at school.,,I seldom speak at school.,fill_missing
3017,昨晚我又见到了我的语伴,I met my language partner again last night,,I met my language partner again last night,fill_missing
3018,我再一次见到了他,I saw him again,,I saw him one more time,fill_missing
3019,你应该来我的派对,You should come to my party.,,You should come to my party.,fill_missing
3020,这是你的作风,This is your style,,this is your way of doing things,fill_missing
3021,我拒绝了他的邀请,I declined his invitation,,I declined his invitation,fill_missing
3022,我觉得很愧疚因为我的朋友觉得很不舒服,I feel guilty because my friend feels uncomfortable.,,I feel guilty because my friend feels uncomfortable.,fill_missing
3023,我是一个不会拒绝的人,I'm someone who finds it hard to say no.,,I am a person who does not know how to refuse,fill_missing
3024,我担心他会尴尬,I'm worried he'll be embarrassed.,,I'm worried he'll be embarrassed.,fill_missing
3025,他很纠结,He is very conflicted,,he is very tangled up,fill_missing
3026,我觉得和他相处起来很舒服,I feel comfortable with him.,,I feel very comfortable getting along with him,fill_missing
3027,在友情里这是最重要的,This is the most important thing in friendship.,,This is the most important thing in friendship.,fill_missing
3028,我也是这么认为的,I think so too,,I think so too,fill_missing
3029,我想知道你能开不打开这个文件,I want to know if you can open this file,,I want to know whether you can open this file (source wording irregular),fill_missing
3031,我不是一个有条理的人,I'm not an organized person.,,I am not a person with orderly arrangements,fill_missing
3032,我的脸红了,My face turned red,,My face turned red,fill_missing
3033,我常常脸红,I often blush,,my face often goes red,fill_missing
3034,我没办法控制,I can't control it,,I can't control it,fill_missing
3035,我没办法控制自己,I can't control myself,,I can't control myself,fill_missing
3036,如果别人聊到关于我的事情我就会脸红,I blush when people talk about me.,,"if other people mention matters about me, my face goes red",fill_missing
3037,关于这件事 我什么都不知道,I don't know anything about this matter,,I don't know anything about this matter,fill_missing
3038,什么都,everything; anything (with negation: nothing),,anything at all (meaning depends on the following verb or negation),fill_missing
3039,我的老师告诉我女孩子不喜欢男生说”都可以“,"My teacher says girls do not like when boys say ""anything is ok""",,my teacher told me girls do not like boys saying 'all are fine',fill_missing
3040,我很期待你的反应,I'm looking forward to your reaction,,I'm looking forward to your reaction,fill_missing
3042,如果你确定了,If you are sure,,If you are sure,fill_missing
3043,那就这么说定了,it's a deal;it's settled,,then it is settled by saying so,fill_missing
3044,我们约好了今天中午一起吃饭,We made an appointment to have lunch together today,,we agreed to eat together at noon today,fill_missing
3045,我的记性不好,My memory is not good,,My memory is not good,fill_missing
3046,他经常分心,He is often distracted,,his attention often splits,fill_missing
3047,他今年小学三年级,He is in the third grade of primary school this year.,,He is in the third grade of primary school this year.,fill_missing
3048,他是一个很调皮的小孩,He is a very naughty child.,,He is a very naughty child.,fill_missing
3049,调皮,naughty,,mischievous,fill_missing
3050,这个饭店值得尝试,This restaurant is worth a try,,This restaurant is worth a try,fill_missing
3051,爽约,No Show,,break an appointment,fill_missing
3052,我被他放鸽子了,I was stood up by him,,he released a pigeon on me (stood me up),fill_missing
3053,这是很地道的表达,This is a very authentic expression,,This is a very authentic expression,fill_missing
3054,你用的很六,You used it very well,,"you use it very smoothly ('six', internet slang)",fill_missing
3055,宝藏咖啡店,a hidden-gem cafe,,treasure cafe,fill_missing
3056,好消息 坏消息,"Good news, bad news",,"Good news, bad news",fill_missing
3057,让人难过的消息,sad news; upsetting news,,news that makes people feel sad,fill_missing
3058,我要改签火车票,I want to change my train ticket,,I want to change the booking of my train ticket,fill_missing
3059,我们散了很远的步,We took a long walk,,we took a walk for a very long distance,fill_missing
3060,氛围很好,Great atmosphere,,the atmosphere is very good,fill_missing
3061,我很少去这里,I seldom go here,,I seldom go here,fill_missing
3062,这个超市变得很受欢迎,This supermarket has become very popular,,this supermarket has become very welcome,fill_missing
3063,这首歌很流行,This song is popular,,This song is popular,fill_missing
3064,他在中国有很多粉丝,He has many fans in China.,,he has many fans in China (粉丝 is a phonetic loan here),fill_missing
3065,广西的水牛奶很有名,Guangxi's buffalo milk is very famous,,Guangxi's water-buffalo milk is very famous,fill_missing
3066,水牛奶专卖店,Buffalo Milk specialty store,,water-buffalo-milk specialty shop,fill_missing
3067,植物奶很流行,Plant-based milks are trending,,plant milk is very popular,fill_missing
3069,旅行攻略,travel tips;strategy,,travel strategy guide,fill_missing
3070,涠洲岛是中国最年轻的活火山,Weizhou Island is the youngest active volcano in China,,Weizhou Island is China's youngest living volcano,fill_missing
3071,很chill,Very chill,,Very chill,fill_missing
3072,很安逸,Very comfortable;chill,,very at ease,fill_missing
3073,抢劫,robbery,,seize and plunder,fill_missing
3075,钓鱼,fishing,,angle for fish,fill_missing
3076,溜一圈,Take a stroll,,stroll one circuit,fill_missing
3078,他们吵架了,They had a fight,,they quarrelled,fill_missing
3079,我安慰她,I comforted her,,I comforted her,fill_missing
3080,我们一起分析过问题,We analyzed the problem together,,we have analyzed the problem together,fill_missing
3081,他们和好了,They reconciled,,they have made peace,fill_missing
3082,旅途愉快,Have a nice trip,,pleasant journey,fill_missing
3083,你们很松弛,You are very relaxed,,you are very loose and relaxed,fill_missing
3087,时间表,schedule;timetable,,time table,fill_missing
3088,浪太大,The waves are too big,,The waves are too big,fill_missing
3092,晕动病,motion sickness,,motion-induced illness,fill_missing
3093,那里比我想象中的人更多,There are more people there than I thought.,,There are more people there than I thought.,fill_missing
3095,卡通人物,cartoon character,,cartoon person,fill_missing
3096,大量肉桂,Lots of cinnamon,,Lots of cinnamon,fill_missing
3097,无数的奶茶店,Countless milk tea shops,,Countless milk tea shops,fill_missing
3098,麦麦脆汁鸡,McDonald's crispy juicy fried chicken,,McDonald's crispy-juice chicken,fill_missing
3099,里脊肉没有骨头,Tenderloin without bones,,tenderloin meat has no bones,fill_missing
3100,地区限定产品,Region-specific product,,region-limited product,fill_missing
3102,很多年前开始 我的记性变得不好,"Many years ago, my memory became bad",,"starting many years ago, my memory became poor",fill_missing
3103,我的记性不好很多年了,My memory has been bad for many years.,,My memory has been bad for many years.,fill_missing
3104,你是个很记仇的人吗,Are you a vindictive person? (hold a grudge),,are you a person who remembers grudges strongly?,fill_missing
3105,报仇,revenge,,repay a grudge,fill_missing
3106,我要报仇,I want revenge,,I want to repay a grudge,fill_missing
3107,我要对你小心翼翼,I have to be careful with you,,I must be very cautious toward you,fill_missing
3108,校霸,School Bully,,school tyrant,fill_missing
3109,你是个学霸吗,Are you a straight-A student?,,are you a study overlord?,fill_missing
3110,但是我没有做到,But I didn't do it,,but I did not accomplish it,fill_missing
3111,社交是生活中很重要的一部分,Socializing is an important part of life,,Socializing is an important part of life,fill_missing
3112,你很接近了,You're close,,you have come very close,fill_missing
3113,有点模糊,A bit blurry,,A bit blurry,fill_missing
3114,我不是一个有文化的人,I am not a cultured (educated) person,,I am not a person with cultural learning,fill_missing
3115,幽默的人,Humorous person,,Humorous person,fill_missing
3116,他们都是研究生,They are all graduate students,,They are all graduate students,fill_missing
3117,你是国际中文教育专业的研究生,You are a graduate student majoring in International Chinese Education,,You are a graduate student majoring in International Chinese Education,fill_missing
3118,我不知道确切的意思,I don't know the exact meaning,,I don't know the exact meaning,fill_missing
3119,我学习不同的语言,I learn different languages,,I learn different languages,fill_missing
3121,我跳槽到了另一个公司,I moved to another company,,I jumped troughs to another company,fill_missing
3122,工作压力太大了,Too much work pressure,,Too much work pressure,fill_missing
3123,压扁的可颂,Flattened Croissant,,pressed-flat croissant,fill_missing
3124,脆脆,crunchy,,crisp-crisp,fill_missing
3125,看起来很好吃,Looks delicious,,Looks delicious,fill_missing
3126,我搞错了,I was wrong,,I got it wrong,fill_missing
3127,薄的纸巾还是后的纸巾,Thin tissue or thick tissue,,thin tissues or thick tissues (source has a typo),fill_missing
3129,餐厅专用,Restaurant exclusive,,for restaurant use only,fill_missing
3130,餐垫更方便收拾,Placemats are easier to clean up,,Placemats are easier to clean up,fill_missing
3131,我是一个爱干净的人,I am a clean person,,I am someone who loves cleanliness,fill_missing
3132,我是一个爱整洁的人,I am a neat person.,,I am someone who loves tidiness,fill_missing
3133,重启我的电脑,Restart my computer,,start up my computer again,fill_missing
3134,更新我的电脑,Update My Computer,,Update My Computer,fill_missing
3135,我的大脑关机了,My brain shut down.,,My brain shut down.,fill_missing
3136,我的大脑宕机了,My brain has crashed; my mind has gone blank.,,my brain has crashed,fill_missing
3137,海水的味道,tastes like sea water,,the taste of seawater,fill_missing
3138,我们逛了一下,We took a walk,,we strolled around a little,fill_missing
3139,我们在附近逛逛,We walked around,,we stroll around nearby,fill_missing
3140,甜品店,Dessert Shop,,sweet-item shop,fill_missing
3141,香芋西米露,Taro Sago Dessert,,fragrant-taro sago dessert soup,fill_missing
3142,路边摊,Roadside stalls,,roadside stall,fill_missing
3143,丰富,very rich (in variety),,abundant and rich,fill_missing
3145,你是一个优秀的人,You are an excellent person,,You are an excellent person,fill_missing
3146,造句,make a sentence,,construct a sentence,fill_missing
3147,你可以用“差劲”造一个句子吗,Can you make a sentence using “差劲” (bad; lousy)?,,can you construct a sentence using 'poor quality'?,fill_missing
3148,他的表现很差,His performance was poor,,His performance was poor,fill_missing
3149,我发现了一个新游戏,I found a new game,,I found a new game,fill_missing
3150,你要集中注意力学习,You need to concentrate on studying,,You need to concentrate on studying,fill_missing
3151,电脑病毒,computer virus,,computer illness-poison (virus),fill_missing
3152,你不是太关心,You don't care too much,,You don't care too much,fill_missing
3153,他们不太关心,They don't care much,,They don't care much,fill_missing
3154,坏人偷了我的钱,The bad guy stole my money,,The bad guy stole my money,fill_missing
3155,偷钱罪,Stealing money crime,,crime of stealing money,fill_missing
3156,隐私,privacy,,hidden private matters,fill_missing
3157,今早我们讨论关于面部识别的问题,This morning we discussed facial recognition,,this morning we discussed questions about facial recognition,fill_missing
3158,好聪明的小偷,What a clever thief,,What a clever thief,fill_missing
3159,很久以前,A long time ago,,A long time ago,fill_missing
3160,我快要成功了,I'm about to succeed; I'm almost there.,,I am about to succeed,fill_missing
3161,你帮他尝试新品,You help him try new products,,You help him try new products,fill_missing
3162,你的反应很快,You react quickly,,your response is very quick,fill_missing
3163,我的反射弧很长,My reactions (reflex arc) take long,,my reflex arc is very long,fill_missing
3164,我有点固执,I'm a bit stubborn,,I'm a bit stubborn,fill_missing
3165,我不习惯,I'm not used to it,,I'm not used to it,fill_missing
3166,淘宝和天猫是同一个公司的,Taobao and Tmall are from the same company.,,Taobao and Tmall are from the same company.,fill_missing
3167,我的钱比你的多得多,I have much more money than you do.,,I have much more money than you do.,fill_missing
3168,很划算,Very cost-effective,,very worthwhile financially,fill_missing
3169,很优惠,Very cost-effective,,very favourable in price,fill_missing
3170,这个工具很实用,This tool is very practical,,This tool is very practical,fill_missing
3171,性价比很高=很划算+很实用,Very cost-effective = very cost-effective + very practical,,high performance-to-price ratio = economical + practical,fill_missing
3172,双十一是折扣最大的购物节,Double Eleven is the shopping festival with the biggest discounts,,double-eleven is the shopping festival with the largest discounts,fill_missing
3174,六幺八和双十二是另外两个购物节,June 18th and Double 12th are two other shopping festivals,,six-one-eight and double-twelve are two other shopping festivals,fill_missing
3175,买家的评价,buyer's reviews,,buyer's reviews,fill_missing
3176,买家秀,customer photos or videos showing a purchased product,,buyer show,fill_missing
3177,这就是我喜欢的女孩子,This is the girl I like.,,This is the girl I like.,fill_missing
3178,他不在现场,He is not there,,he is not at the scene,fill_missing
3179,他们不知道他的性别,They don't know his gender.,,They don't know his gender.,fill_missing
3180,我的父母不太限制我,My parents don't restrict me too much.,,My parents don't restrict me too much.,fill_missing
3181,别管我,Leave me alone,,do not interfere with me,fill_missing
3182,你今晚还回来吗,Are you coming back tonight?,,Are you coming back tonight?,fill_missing
3183,他们不允许我半夜不回家,They don't allow me to stay out after midnight,,they do not permit me not to return home at midnight,fill_missing
3184,中国的夜生活很丰富,China has a rich (variety) nightlife,,China's nightlife is very varied,fill_missing
3185,他们躲起来喝酒,They hid somewhere to drink.,,They hid somewhere to drink.,fill_missing
3186,中国没有规定海边不能喝酒,There is no rule in China that prohibits drinking at the beach,,There is no rule in China that prohibits drinking at the beach,fill_missing
3187,在海边散步也很浪漫,Walking on the beach is also very romantic,,Walking on the beach is also very romantic,fill_missing
3188,川流 河 江,stream;river,,streams and rivers,fill_missing
3189,算了/蒜鸟,Forget it; never mind (蒜鸟 is a playful Wuhan-dialect spelling).,,let it be / 'garlic bird' (playful dialect sound spelling),fill_missing
3190,搞什么/搞么狮,What are you doing? / What the hell?（武汉）,,what are you doing? / playful Wuhan-dialect sound spelling,fill_missing
3191,你想怎么样/要么羊啊,What do you want? (要么羊啊 is a playful Wuhan-dialect spelling).,,what do you want? / playful Wuhan-dialect sound spelling,fill_missing
3192,我靠/个斑马,Damn!; Fuck! (vulgar Wuhan-dialect expression).,,damn! / 'a zebra' (dialect spelling of a vulgar curse),fill_missing
3193,看什么看/喵么bi喵,What are you looking at? (meow)（武汉）,,what are you looking at? / playful Wuhan-dialect sound spelling,fill_missing
3194,我的飞机将从武汉起飞,My plane will take off from Wuhan,,My plane will take off from Wuhan,fill_missing
3195,我的飞机会在河内降落,My plane will land in Hanoi,,My plane will land in Hanoi,fill_missing
3196,我的飞机会飞到河内,My plane will fly to Hanoi,,My plane will fly to Hanoi,fill_missing
3197,芒街在越南和中国的交界,Mangjie is located on the border between Vietnam and China,,Mong Cai is at the boundary between Vietnam and China,fill_missing
3198,我喜欢在赌场赌博,I like gambling in casinos,,I like gambling in casinos,fill_missing
3199,澳门很繁华，很奢靡,Macau is prosperous and luxurious,,Macau is bustling and extravagantly luxurious,fill_missing
3200,纸醉金迷的地方,A place of luxury,,a place of paper intoxication and gold bewilderment,fill_missing
3201,穷开心,to find simple pleasures despite hardship; to amuse oneself,,be happy while poor,fill_missing
3202,我们要学会穷开心,We need to learn to find simple pleasures even in difficult circumstances.,,we must learn to be happy while poor,fill_missing
3203,我们就是表面朋友,We are just superficial friends,,we are merely surface friends,fill_missing
3204,你难过的时候我会安慰你,I will comfort you when you are sad,,I will comfort you when you are sad,fill_missing
3205,你很会安慰别人,You are good at comforting others.,,You are good at comforting others.,fill_missing
3206,给我一个拥抱,Give me a hug,,Give me a hug,fill_missing
3207,你把我卖,You sold me out,,you sell me,fill_missing
3208,你背叛我,You betrayed me,,You betrayed me,fill_missing
3209,小玩偶,Small dolls,,Small dolls,fill_missing
3210,小的假的动物,small fake animals,,small fake animals,fill_missing
3211,我为他感到难过,I feel sorry for him,,I feel sad for him,fill_missing
3212,在别的方面照顾他,Take care of him in other ways,,Take care of him in other ways,fill_missing
3213,我上楼迟到了七分钟,I was seven minutes late going upstairs,,I was seven minutes late going upstairs,fill_missing
3214,我们之间没有缘分,There is no fate between us,,there is no destined affinity between us,fill_missing
3215,我们真有缘分,We are really destined,,we really have a destined affinity,fill_missing
3216,我们有缘无份,We are not destined to be together,,we have affinity but no allotted share,fill_missing
3217,是缘分让我们走到了一起,It was fate that brought us together.,,it is destined affinity that made us walk together,fill_missing
3218,走到了一起,Come together,,have walked together,fill_missing
3219,上天不太关心我们,Heaven doesn't care much about us.,,Heaven doesn't care much about us.,fill_missing
3220,生命毫无意义,Life is meaningless,,life has not the slightest meaning,fill_missing
3221,地球没了你照样转,The earth will still turn without you,,The earth will still turn without you,fill_missing
3222,允许一切发生,Deal with it;Allow everything to happen,,allow everything to happen,fill_missing
3223,我们可以在你方便的地方见面,We can meet somewhere convenient for you.,,We can meet somewhere convenient for you.,fill_missing
3224,腐败猖獗,corruption is rampant,,corruption is rampant,fill_missing
3225,他们很开朗,They are cheerful,,They are cheerful,fill_missing
3226,他是一个阳光大男孩,He is a sunny boy.,,he is a sunny big boy,fill_missing
3227,动物天堂,Animal Paradise,,Animal Paradise,fill_missing
3228,棋盘游戏咖啡馆,Board Game Cafe,,chessboard-game cafe,fill_missing
3230,我要和我的朋友道别,I want to say goodbye to my friends,,I want to say goodbye to my friends,fill_missing
3231,我可以当观众吗,Can I be a spectator?,,Can I be a spectator?,fill_missing
3232,我出生在九十年代,I was born in the 1990s,,I was born in the 1990s,fill_missing
3233,我见过更肥的猫,I've seen fatter cats.,,I've seen fatter cats.,fill_missing
3234,在这里附近,Near here,,Near here,fill_missing
3235,走路需要十分钟,It takes ten minutes to walk,,It takes ten minutes to walk,fill_missing
3236,我的味蕾不太敏感,My taste buds are not very sensitive,,My taste buds are not very sensitive,fill_missing
3240,我喜欢少部分说唱歌曲,I like a few rap songs,,I like a small portion of rap songs,fill_missing
3241,他是一个花花公子,He is a playboy,,he is a flowery young gentleman,fill_missing
3242,我要做一个专一的人,I want to be faithful and devoted to one partner.,,I want to be a single-minded person,fill_missing
3243,我让你受委屈了,I made you suffer.,,I caused you to suffer unfair treatment,fill_missing
3244,我服了,I'm convinced; I give up; I'm speechless (context-dependent),,I submit,fill_missing
3246,日子真是没盼头,The days are hopeless,,the days really have nothing to look forward to,fill_missing
3247,我们在微信建了一个群,We created a group on WeChat,,We created a group on WeChat,fill_missing
3248,在职员工,Current employees,,staff currently in posts,fill_missing
3249,我们要保持联系,We need to stay in touch,,We need to stay in touch,fill_missing
3250,最近我觉得我的工作没那么有意思,Lately I feel my job isn't that interesting,,Lately I feel my job isn't that interesting,fill_missing
3251,我的工作没意思,My job is boring,,my work has no interest,fill_missing
3252,我一直在路上,I'm always on the road,,I'm always on the road,fill_missing
3253,没有终点,No end,,no finishing point,fill_missing
3254,我可以麻烦你一下吗,Can I trouble you for a moment?,,Can I trouble you for a moment?,fill_missing
3255,这件事很麻烦,This matter is very troublesome,,This matter is very troublesome,fill_missing
3256,你喝完了,You finished drinking,,You finished drinking,fill_missing
3257,你完了,You are done（you are dead）,,you are finished,fill_missing
3258,你死定了,You are dead,,you are certain to die,fill_missing
3259,我杀了你,I kill you,,I will kill you,fill_missing
3260,你从小说普通话,You grew up speaking Mandarin,,you have spoken the common language since childhood,fill_missing
3261,你活该,You deserve it,,you deserve it,fill_missing
3262,你自作自受,you've done it to yourself,,you do it yourself and suffer it yourself,fill_missing
3263,我好烦,I'm so annoyed,,I'm so annoyed,fill_missing
3264,你好烦,You are so annoying,,You are so annoying,fill_missing
3265,我的反应比较慢,My reaction is slow,,My reaction is slow,fill_missing
3266,我的大脑反应很慢,My brain is slow to react,,My brain is slow to react,fill_missing
3267,他表现得更年轻,He acts younger,,He acts younger,fill_missing
3268,他喜欢在网上白嫖各种资源,He likes to get all kinds of resources for free on the Internet,,he likes to freeload all kinds of resources online,fill_missing
3269,很黄,very explicit,,very yellow (sexually explicit),fill_missing
3270,他没有钱所以他吃土和喝西北风,"He has no money, so he has nothing to live on (literally, eats dirt and drinks the northwest wind).",,"he has no money, so he eats soil and drinks the northwest wind",fill_missing
3271,下个月只能吃土了,"I'll be broke next month and barely able to afford food (literally, have to eat dirt).",,next month I can only eat soil,fill_missing
3272,我舍不得离开你,I can't bear to leave you,,I can't bear to leave you,fill_missing
3273,我舍不得花钱买课,I don't want to spend money on lessons,,I cannot bear to spend money buying lessons,fill_missing
3274,赌博要偷偷的,Gambling should be done secretly,,Gambling should be done secretly,fill_missing
3275,我去了一趟北海,I took a trip to beihai,,I took a trip to beihai,fill_missing
3276,我今天才知道,I just found out today;TIL,,I only learned it today,fill_missing
3277,原来如此,"Oh, I see; so that's why; that explains it.",,so it was like this,fill_missing
3278,发消息,Send Message,,Send Message,fill_missing
3279,你给我发消息了,You sent me a message,,You sent me a message,fill_missing
3280,教师志愿者,Teacher Volunteer,,volunteer teacher,fill_missing
3281,你一周会来这里几次,How many times a week do you come here?,,How many times a week do you come here?,fill_missing
3282,我在厦门拍了这张照片,I took this photo in Xiamen,,I took this photo in Xiamen,fill_missing
3283,你真体贴,You are so considerate,,you are really considerate,fill_missing
3284,你真贴心,You are so caring,,you are really close to the heart,fill_missing
3286,三藩市,San Francisco,,San Francisco (phonetic name plus 'city'),fill_missing
3287,买房子是一项巨大的工程,Buying a house is a huge project,,Buying a house is a huge project,fill_missing
3288,我喜欢租房的灵活性,I like the flexibility of renting,,I like the flexibility of renting,fill_missing
3289,有的人喜欢买房的稳定性,Some people like the stability of buying a house.,,Some people like the stability of buying a house.,fill_missing
3290,我在这里住了七年,I've lived here for seven years.,,I've lived here for seven years.,fill_missing
3291,这种情况很糟糕,This situation is terrible,,This situation is terrible,fill_missing
3292,太糟糕了,Too bad,,Too bad,fill_missing
3293,他打乱了我的计划,He disrupted my plans.,,he threw my plans into disorder,fill_missing
3294,这几天,These days,,These days,fill_missing
3295,灵魂伴侣,Soulmate,,soul companion,fill_missing
3296,粥,porridge,,porridge,fill_missing
3297,本地奶茶店,Local milk tea shop,,Local milk tea shop,fill_missing
3298,我假装不知道,I pretend I don't know,,I pretend I don't know,fill_missing
3299,外带饮料,Takeaway drinks,,drinks carried out or brought from outside (context-dependent),fill_missing
3300,不允许外带饮料,No outside drinks allowed,,drinks brought from outside are not permitted,fill_missing
3301,就坐请消费,Seating is for paying customers.,,"if taking a seat, please make a purchase",fill_missing
3302,没忘,(I) Didn't forget,,have not forgotten,fill_missing
3303,昨天参加了一个面试,I had an interview yesterday,,attended a face-to-face interview yesterday,fill_missing
3304,我不承认这件事是我做的,I don't admit that I did this.,,I don't admit that I did this.,fill_missing
3305,面试结果还没出来,The interview result is not out yet,,The interview result is not out yet,fill_missing
3306,最大的弱点,Biggest weakness,,greatest weak point,fill_missing
3307,我不在乎,I don't care,,I don't care,fill_missing
3308,我不是一个自信的人,I'm not a confident person,,I am not a person who believes in himself,fill_missing
3309,他紧张到呕吐,He was so nervous that he vomited,,He was so nervous that he vomited,fill_missing
3310,很有实力,Very capable,,have great real strength,fill_missing
3311,不可以自卑,Don't feel inferior,,must not feel oneself lowly,fill_missing
3312,你不要自卑,Don't feel inferior; don't put yourself down.,,do not feel yourself lowly,fill_missing
3313,你经常鼓励他,You often encourage him,,You often encourage him,fill_missing
3314,事实上,In fact,,in actual fact,fill_missing
3315,操你妈,fuck your mother,,fuck your mother,fill_missing
3316,南美洲,South America,,South America,fill_missing
3317,他的发型很搞笑,His hairstyle is funny,,His hairstyle is funny,fill_missing
3318,龙象征着主宰,The dragon symbolizes dominance,,The dragon symbolizes dominance,fill_missing
3319,二月二的习俗是剪头发,Getting a haircut is a custom on the second day of the second lunar month.,,the second month's second day's custom is cutting hair,fill_missing
3320,圣诞节前夕,Christmas Eve,,eve of the holy-birth festival,fill_missing
3321,基督教造成很多政治问题,Christianity has caused many political problems,,Christianity has caused many political problems,fill_missing
3322,光棍节快乐,Happy Singles Day,,happy bare-stick festival,fill_missing
3323,我没写下来,I didn't write it down,,I didn't write it down,fill_missing
3324,我记下来了,I noted it down; I made a note of it.,,I have written it down,fill_missing
3325,请你停下来,Please stop,,Please stop,fill_missing
3326,我几乎不抽烟,I hardly smoke,,I hardly smoke,fill_missing
3327,油炸食品,Fried foods,,oil-fried food,fill_missing
3328,这是我们对美国人的刻板印象,This is the stereotype we have about Americans,,this is our fixed-pattern impression of Americans,fill_missing
3329,唐人街,Chinatown,,Tang people's street,fill_missing
3330,喜剧人,Comedian,,comedy person,fill_missing
3331,头粉,top fan,,head fan,fill_missing
3332,谷歌文档,Google Docs,,Google documents ('valley song' brand name),fill_missing
3333,谷歌云,Google Cloud,,Google cloud ('valley song' brand name),fill_missing
3334,美国的电子产品很发达,Electronic products are very developed in the United States,,Electronic products are very developed in the United States,fill_missing
3335,特斯拉,Tesla,,Tesla (phonetic name),fill_missing
3336,销量下降了,Sales volume has dropped,,Sales volume has dropped,fill_missing
3337,电动汽车牌子,electric car brand,,electric car brand,fill_missing
3338,不可辱骂老婆,Don't insult your wife,,must not insult one's wife,fill_missing
3339,公共场合请你不要大喊大叫,Please don't shout in public.,,Please don't shout in public.,fill_missing
3340,你太夸张了,You are exaggerating,,You are exaggerating,fill_missing
3341,你说大话,You are exaggerating,,you speak big words,fill_missing
3342,你吹牛,You brag,,you blow the ox,fill_missing
3343,别小看我,Don't underestimate me,,do not look small upon me,fill_missing
3344,来看一看,Come and have a look,,Come and have a look,fill_missing
3345,天气潮湿,It's humid,,It's humid,fill_missing
3346,地板很湿,The floor is wet,,The floor is wet,fill_missing
3347,小君莫打扰 小草含羞笑,"Gentleman, don't disturb The grass smiles shyly",,"dear visitor, do not disturb; the little grass smiles shyly (source wording irregular)",fill_missing
3348,听起来像一首诗,Sounds like a poem,,Sounds like a poem,fill_missing
3349,颜值越高，责任越大,"The better your looks, the greater your responsibility.",,"the higher the face-value, the greater the responsibility",fill_missing
3350,天气变得很热,The weather is getting hot,,The weather is getting hot,fill_missing
3351,它变得不那么受欢迎,It becomes less popular,,it becomes not so welcome,fill_missing
3352,它没那么受欢迎了,It's not as popular anymore,,it is not so welcome anymore,fill_missing
3353,好讨厌,So annoying,,So annoying,fill_missing
3354,公交车多久来一趟,How often does the bus come?,,How often does the bus come?,fill_missing
3355,它什么时候会来,When will it come,,When will it come,fill_missing
3357,平均每天,Average daily,,on average each day,fill_missing
3358,欧美国家,European and American countries,,European and American countries,fill_missing
3359,不符合要求,Not meeting the requirements,,Not meeting the requirements,fill_missing
3360,我发了微信给你,I sent you a WeChat,,I sent you a WeChat,fill_missing
3361,发短信,to send a text message (SMS),,send a short message,fill_missing
3362,我没想到你会这样,I didn't expect you to be like this,,I didn't expect you to be like this,fill_missing
3363,不允许进入,No entry allowed,,No entry allowed,fill_missing
3364,交通事故,Traffic Accidents,,traffic mishap,fill_missing
3365,一辆汽车撞到了一辆电动车,A car hit an electric bike,,a car hit an electric vehicle,fill_missing
3366,他没有摔倒,He didn't fall,,He didn't fall,fill_missing
3367,她大声骂汽车司机,She yelled at the driver,,she loudly scolded the car driver,fill_missing
3368,你搞什么东西,what the hell are you doing?,,what thing are you doing?,fill_missing
3369,你没长眼睛吗,Don't you have eyes?,,have you not grown eyes?,fill_missing
3370,她报警 一一零,She called the police 110,,she calls the police: one-one-zero,fill_missing
3372,优惠,discount,,preferential benefit,fill_missing
3373,我不这么认为,I don't think so,,I don't think so,fill_missing
3374,生意真火,Business is booming,,business is really on fire,fill_missing
3375,生意冷清,Business is slow,,business is cold and quiet,fill_missing
3376,天气暖和,Warm weather,,Warm weather,fill_missing
3377,三月是郁金香的花季,March is the tulip season,,March is the tulip season,fill_missing
3378,布丁,pudding,,pudding (phonetic loanword),fill_missing
3380,癌症,cancer,,cancer illness,fill_missing
3381,你们是天生一对,You are a perfect match.,,you are a heaven-born pair,fill_missing
3382,俗话,common saying,,common saying,fill_missing
3383,标记,to mark (on map),,make a mark,fill_missing
3384,屁股坐扁了,My butt is flattened,,My butt is flattened,fill_missing
3385,我在地图上标记了很多咖啡店,I marked a lot of coffee shops on the map.,,I marked a lot of coffee shops on the map.,fill_missing
3386,品质不好,Poor quality,,Poor quality,fill_missing
3389,云腿月饼,Ham mooncake,,Yunnan ham mooncake,fill_missing
3390,菌汤菇火锅,Mushroom Hotpot,,fungus-broth mushroom hotpot,fill_missing
3391,野生蘑菇,Wild mushrooms,,wild-grown mushrooms,fill_missing
3392,贵州的贵阳,"Guiyang, Guizhou",,"Guiyang, Guizhou",fill_missing
3393,德州扒鸡很出名,Dezhou Braised Chicken is very famous,,Dezhou Braised Chicken is very famous,fill_missing
3394,我要骑自行车环绕洱海一圈,I want to ride a bicycle around Erhai Lake,,I want to ride a bicycle around Erhai Lake,fill_missing
3395,地道的表达,Authentic expression,,Authentic expression,fill_missing
3396,正宗的米粉,Authentic rice noodles,,Authentic rice noodles,fill_missing
3397,中国人很喜欢内卷,Chinese people love involution,,Chinese people very much like involution ('inward rolling'),fill_missing
3399,他害怕落后于别人,He is afraid of falling behind others,,He is afraid of falling behind others,fill_missing
3401,溺爱小孩,Spoiling children,,drown children in love,fill_missing
3402,政府贷款,government loan,,government loan,fill_missing
3403,私立大学,Private University,,privately established university,fill_missing
3404,我上的高中和大学在同一个州,I went to high school and college in the same state,,I went to high school and college in the same state,fill_missing
3405,加州落日,California Sunset,,California Sunset,fill_missing
3406,我不会被骗,I won't be deceived,,I won't be deceived,fill_missing
3407,我的方向感不好,My sense of direction is not good,,My sense of direction is not good,fill_missing
3408,某个人,someone,,a certain person,fill_missing
3409,桑葚,mulberry,,mulberry fruit,fill_missing
3410,拼配豆,blended beans,,combined-and-blended beans,fill_missing
3411,徽章,badge;pin,,emblem badge,fill_missing
3415,中央配音,Chinese dubbing,,central dubbing (source wording does not specify a language),fill_missing
3416,中央电视台,China Central Television (CCTV),,central television station,fill_missing
3417,培训,training,,cultivate and train,fill_missing
3418,具体的时间,Specific time,,Specific time,fill_missing
3419,到期了,expired,,have reached the due date,fill_missing
3420,四月上旬,Early April,,first ten days of April,fill_missing
3421,四月中旬,Mid-April,,middle ten days of April,fill_missing
3422,四月下旬,Late April,,last part of April,fill_missing
3423,四月初,Early April,,beginning of April,fill_missing
3424,四月中,Mid-April,,middle of April,fill_missing
3425,四月末,End of April,,end of April,fill_missing
3426,四月底,End of April,,bottom of April,fill_missing
3427,我会比你去的早,I'll be there earlier than you.,,I will go earlier than you,fill_missing
3428,中国的地图看起来像一只鸡,The map of China looks like a chicken,,The map of China looks like a chicken,fill_missing
3429,很大的差异,Big Difference,,Big Difference,fill_missing
3430,硕士,master's degree,,learned scholar (master's degree),fill_missing
3431,以前我在圣地亚哥读研究生,I was a graduate student in San Diego.,,I was a graduate student in San Diego.,fill_missing
3432,室友,roommate,,room companion,fill_missing
3433,之一,one of,,one of,fill_missing
3434,工作岗位,Job Positions,,work post,fill_missing
3435,工作机会,Job Opportunities,,work opportunity,fill_missing
3436,软件工程是程序员的一种,Software engineering is a type of programmer,,software engineering is a kind of programmer (source wording),fill_missing
3437,爱探险的人,Adventurous person,,person who loves exploring danger,fill_missing
3438,恶搞之家,Family Guy (animated TV series),,house of outrageous parody,fill_missing
3439,英文字幕,English subtitles,,English subtitles,fill_missing
3440,邀请,invite,,invite and request,fill_missing
3441,少于,less than,,fewer than,fill_missing
3442,以下,and less,,below,fill_missing
3443,你什么时候方便？,When is convenient for you?,,When is convenient for you?,fill_missing
3447,立flag - 今天我要好好学习,Make a bold declaration: “I'm going to study hard today.”,,plant a flag: today I will study properly,fill_missing
3449,我的账户被黑了,My account was hacked,,my account has been hacked ('blackened'),fill_missing
3450,街头采访,Street interviews,,Street interviews,fill_missing
3451,性价比不好,poor value for money,,poor performance-to-price ratio,fill_missing
3452,我值得被尊敬,I deserve respect,,I am worth being respected,fill_missing
3453,咕嘟咕嘟,Gurgle Gurgle,,gurgle-gurgle (sound imitation),fill_missing
3454,狂犬病疫苗,Rabies vaccine,,mad-dog-disease vaccine,fill_missing
3455,蝙蝠,bat,,bat,fill_missing
3456,要确认你的身份,Need to confirm your identity,,need to confirm your identity,fill_missing
3458,肺,lung,,lung,fill_missing
3459,被贿赂,being bribed,,being bribed,fill_missing
3460,固定的价格,Fixed price,,fixed price,fill_missing
3461,受教育水平不高的地方,Places with low education level,,places where the level of received education is not high,fill_missing
3462,这个传统很严重,This tradition is serious.,,This tradition is serious.,fill_missing
3463,不婚主义者,non-marriage believer,,follower of non-marriage doctrine,fill_missing
3464,恐婚恐育,fear of marriage and childbearing,,fear marriage and fear childbearing,fill_missing
3465,月圆,Full Moon,,the moon is round,fill_missing
3467,本土的奶茶牌子,Local milk tea brand,,native-soil milk-tea brand,fill_missing
3468,惊为天人,Stunning,,astonished as if seeing a celestial being,fill_missing
3469,碱水,alkaline water; lye water (used in cooking),,alkaline water,fill_missing
3470,贵价超市,Expensive supermarket,,high-price supermarket,fill_missing
3471,面基,face-to-face (from online meeting),,meet an online friend face to face (slang),fill_missing
3472,竞争恨激烈,competition is fierce,,competition is fierce (source has a typo),fill_missing
3474,我可以用中文无障碍交流,I can communicate in Chinese without any problem,,I can communicate in Chinese without obstacles,fill_missing
3475,感谢,thanks,,feel gratitude and thank,fill_missing
3476,宇宙,universe,,space and time; universe,fill_missing
3477,桂林山水甲天下,Guilin's Landscapes Are the Best in the World,,Guilin's mountains and waters rank first under heaven,fill_missing
3478,甲乙丙丁,"A, B, C, D; 1st 2nd 3rd 4th",,"first four heavenly stems: jia, yi, bing, ding",fill_missing
3482,因为网友说杭州是一个美食荒漠所以他很不爽,He was upset because people online called Hangzhou a culinary wasteland.,,"because online users say Hangzhou is a fine-food desert, he is very displeased",fill_missing
3483,家庭观念,Family Values,,family outlook,fill_missing
3485,赡养父母,Supporting parents,,provide for one's parents,fill_missing
3486,被家庭给束缚,Bound by family,,be tied down by the family,fill_missing
3487,相对来说,Relatively speaking,,Relatively speaking,fill_missing
3488,我很纠结,I'm very conflicted; I'm torn.,,I am very tangled up,fill_missing
3489,低热量食品,Low-calorie foods,,low-heat-energy foods,fill_missing
3490,你的眼神迷离,Your gaze is dreamy or unfocused.,,your gaze is hazy,fill_missing
3491,往返机票,Round trip air tickets,,go-and-return flight ticket,fill_missing
3493,他们的生活很奢靡,Their life is luxurious,,Their life is luxurious,fill_missing
3495,钱要花在刀刃上,Spend your money where it counts,,money must be spent on the knife's edge,fill_missing
3498,冲动消费,Impulse buying,,impulsive consumption,fill_missing
3499,奢侈品,luxury goods,,extravagant goods,fill_missing
3501,论文答辩,Thesis Defense,,thesis answer-and-defence,fill_missing
3502,题目,subject,,topic heading,fill_missing
3503,举一个例子,give an example,,raise an example,fill_missing
3504,它的质地像黄油,Its texture is like butter,,Its texture is like butter,fill_missing
3505,我对布洛芬过敏,I am allergic to ibuprofen,,I am allergic to ibuprofen,fill_missing
3507,老式英语,old-fashioned English,,old-style English,fill_missing
3508,咖啡星人,coffee lover,,person from the coffee planet,fill_missing
3510,他是一个混血儿 有一半的越南血统和一般滴中国血统,"He is a mixed race, half Vietnamese and half Chinese.",,"he is a mixed-blood child, half Vietnamese lineage and half Chinese lineage (source has typos)",fill_missing
3512,第一届学生,First Batch of Students,,first cohort of students,fill_missing
3513,他的技术不太好,His technique is not very good,,His technique is not very good,fill_missing
3516,中国联通,China Unicom,,China connected communication,fill_missing
3517,中国电信,China Telecom,,China electric communication,fill_missing
3518,中国移动,China Mobile,,China mobile,fill_missing
3519,桂林暑假的人流量高达一百万人,Guilin's summer holiday visitor flow reaches one million people,,Guilin's summer-holiday flow of people reaches as high as one million,fill_missing
3520,这个博主的流量很大,This blogger has a lot of traffic,,this blogger's traffic flow is very large,fill_missing
3521,我的手机每个月有十个G的流量,My mobile phone has 10G of data per month.,,my phone has ten gigabytes of data flow each month,fill_missing
3522,心脏,heart,,heart organ,fill_missing
3523,研二,second year graduate student,,graduate-study year two,fill_missing
3524,准确的说,To be precise,,speaking accurately,fill_missing
3525,时间线长,Long timeline,,long time line,fill_missing
3526,不合理,unreasonable,,not in accordance with reason,fill_missing
3528,我的汉语水平退化了,My Chinese level has deteriorated.,,my Chinese-language level has regressed,fill_missing
3529,学语言坚持很重要,Persistence is important in learning a language,,Persistence is important in learning a language,fill_missing
3530,进步很大,Great progress,,very great forward steps,fill_missing
3531,进步奖,Progress Award,,forward-progress award,fill_missing
3532,安慰奖,Consolation Prize,,comforting award,fill_missing
3533,参与奖,Participation Award,,taking-part award,fill_missing
3534,我可以接受,I can accept it;not too bad,,I can accept it,fill_missing
3535,这是我的盲区,This is my blind spot.,,this is my blind area,fill_missing
3536,我的中文水平突飞猛进,My Chinese level has improved by leaps and bounds,,my Chinese level suddenly flies and advances fiercely,fill_missing
3537,美式笑话,American jokes,,American-style joke,fill_missing
3538,我get到了你的想法,I got your idea,,I have 'got' your idea,fill_missing
3539,我get不到你的笑点,I don't get your joke,,I cannot 'get' your laughter point,fill_missing
3540,你的笑点很低,You laugh easily; it doesn't take much to make you laugh.,,your laughter point is very low,fill_missing
3541,认知领域,field of knowledge,,domain of cognition,fill_missing
3542,这在我的认知领域范围之外,This is beyond my field of knowledge,,This is beyond my field of knowledge,fill_missing
3543,这首歌很耳熟,This song sounds familiar,,this song is very familiar to the ear,fill_missing
3544,这个人看起来很眼熟,This guy looks familiar.,,this person looks very familiar to the eye,fill_missing
3545,家庭团聚,Family Reunion,,family gathering together,fill_missing
3549,吸引消费者,Attract consumers,,Attract consumers,fill_missing
3550,这个营销策略效果很好,This marketing strategy works well,,this marketing strategy has a very good effect,fill_missing
3551,中国的商家有很多噱头,Chinese merchants have many gimmicks,,Chinese merchants have many gimmicks,fill_missing
3552,商业竞争激烈,Fierce business competition,,Fierce business competition,fill_missing
3553,咖啡特调,specialty coffee drink; signature coffee creation,,specially mixed coffee,fill_missing
3554,辣椒盐,Chili salt,,Chili salt,fill_missing
3555,两广地区,Guangdong and Guangxi regions,,the two Guang regions,fill_missing
3557,经营感情,to nurture a relationship; to work on a relationship,,manage a relationship,fill_missing
3558,心好累,I'm emotionally exhausted.,,the heart is very tired,fill_missing
3559,可能性,possibility,,possible nature,fill_missing
3560,各忙各的,Everyone is busy with their own things,,Everyone is busy with their own things,fill_missing
3561,关注自己,Focus on yourself,,Focus on yourself,fill_missing
3562,脑子很乱,My mind is in a mess,,the mind is very disordered,fill_missing
3563,倾诉自己的心声,Express your feelings,,pour out one's heart's voice,fill_missing
3564,我是一个感性的人,I am an emotional person,,I am an emotional person,fill_missing
3565,延迟毕业,Delayed graduation,,Delayed graduation,fill_missing
3566,热门城市,Popular cities,,hot-gate city (popular destination),fill_missing
3567,热门景点,Popular attractions,,hot-gate scenic spot (popular attraction),fill_missing
3568,我告诉我自己,I told myself,,I told myself,fill_missing
3569,我会整理笔记,I will organize my notes,,I will organize my notes,fill_missing
3570,重要性,importance,,important nature,fill_missing
3571,如果我没记错的话是这样的,"If I remember correctly, it was like this",,"if I have not remembered wrongly, it is like this",fill_missing
3572,自带杯,Bring your own cup,,Bring your own cup,fill_missing
3573,manner的出品不稳定,Manner's drink quality is inconsistent.,,Manner's output is not stable,fill_missing
3574,如果我有点饿我就会点有奶的咖啡,If I'm a little hungry I'll order coffee with milk,,If I'm a little hungry I'll order coffee with milk,fill_missing
3575,吐字清晰,Clear pronunciation,,spit out words clearly,fill_missing
3576,演变,evolution,,develop and change,fill_missing
3577,申请,to apply,,submit a request,fill_missing
3578,普通话是北方方言演变过来的,Mandarin is an evolution of northern dialects,,the common language evolved from northern dialects,fill_missing
3579,申请大学,Applying to University,,Applying to University,fill_missing
3580,拍老板的马屁,Flatter the boss,,pat the boss's horse's rump,fill_missing
3581,高情商,High emotional intelligence,,high emotional quotient,fill_missing
3582,咖啡庄园,Coffee Plantation,,coffee estate,fill_missing
3583,展现自己的中文水平,Show your Chinese proficiency,,Show your Chinese proficiency,fill_missing
3584,这只是我的猜测,This is just my guess,,This is just my guess,fill_missing
3585,在我看来,In my opinion,,as I see it,fill_missing
3586,对我来说,for me,,as far as I am concerned,fill_missing
3587,更准确的说,To be more precise,,To be more precise,fill_missing
3588,新品发布会,New product launch,,new-product release meeting,fill_missing
3589,发自内心的喜欢中文,I love Chinese from the bottom of my heart,,like Chinese from within the heart,fill_missing
3590,随缘吧,Just go with the flow;let it be;depends on fate,,follow the destined affinity,fill_missing
3591,我的朋友放了我鸽子,My friend stood me up,,my friend released my pigeon (stood me up),fill_missing
3592,我打断了你,I interrupted you,,I broke off your speech,fill_missing
3593,命中注定,Destined,,decreed in one's fate,fill_missing
3594,我有点担心他,I'm a little worried about him,,I'm a little worried about him,fill_missing
3595,你可以和我倾诉,You can talk to me,,you can pour out your feelings to me,fill_missing
3596,你是美国的间谍,You are an American spy.,,You are an American spy.,fill_missing
3597,你的脑壳有问题,There's something wrong with your brain,,your brain shell has a problem,fill_missing
3598,不太绝对,not entirely absolute; not categorical,,not very absolute,fill_missing
3599,有效的,Effective,,having an effect,fill_missing
3600,我们没有办法解决政治问题,We have no way to solve political problems,,We have no way to solve political problems,fill_missing
3601,被藏起来的,Hidden,,having been hidden away,fill_missing
3602,中国相对来说比较和平,China is relatively peaceful.,,China is relatively peaceful.,fill_missing
3604,取消收藏,Remove from favorites,,cancel the saved collection,fill_missing
3605,复制至,Copy to,,Copy to,fill_missing
3606,移动至,Move to,,Move to,fill_missing
3610,关注数,following count; number of accounts followed,,number followed,fill_missing
3611,粉丝数,Number of fans,,number of fans,fill_missing
3612,获赞数,Number of likes,,number of received praises,fill_missing
3615,输入查找,Enter to search,,type in to search,fill_missing
3617,时刻表,timetable,,time-and-moment table,fill_missing
3618,查询车票,Check tickets,,inquire about train tickets,fill_missing
3619,车站大屏,Station screen,,station large screen,fill_missing
3621,去查看,Go to view,,Go to view,fill_missing
3622,立即注册,Register now,,register immediately,fill_missing
3623,会员权益,Membership rights,,member rights and benefits,fill_missing
3624,公告,announcement,,public announcement,fill_missing
3625,常见问题,FAQ,,commonly seen questions,fill_missing
3626,使用须知,Instructions,,what must be known for use,fill_missing
3627,服务规章,Service regulations,,service rules and regulations,fill_missing
3628,核验成功,Verification successful,,verification succeeded,fill_missing
3629,修改密码,Change password,,modify the password,fill_missing
3630,通知设置,Notification settings,,Notification settings,fill_missing
3631,电子发票,Electronic invoice,,electronic invoice,fill_missing
3633,时间洗,timed wash,,time-based wash,fill_missing
3634,转速,rotational speed; revolutions per unit time,,turning speed,fill_missing
3635,漂洗,rinse,,rinse wash,fill_missing
3636,启动,to start (machine),,start moving,fill_missing
3637,混合,"mixed (e.g. wash, groups)",,mix together,fill_missing
3638,速洗,Fast wash,,speed wash,fill_missing
3641,顽渍洗,Stubborn stains wash,,stubborn-stain wash,fill_missing
3644,超柔,Ultra-soft,,super soft,fill_missing
3645,大物,Large items,,large objects,fill_missing
3646,衬衣,Shirts,,shirt,fill_missing
3647,巴氏除菌,Pasteurization,,Pasteur-method germ removal,fill_missing
3648,冷水洗,Cold water wash,,Cold water wash,fill_missing
3650,单烘干,Dry only,,dry by heat only,fill_missing
3651,单脱水,Spin only,,remove water only,fill_missing
3653,超净漂,ultra-clean rinse,,super-clean rinse,fill_missing
3654,我用词不当,I used the wrong word,,my word use is inappropriate,fill_missing
3655,把行李留在这里,Leave your luggage here,,Leave your luggage here,fill_missing
3656,问得好,Good question,,well asked,fill_missing
3657,中国制造,made in China,,made in China,fill_missing
3658,各个方面,Each aspect,,Each aspect,fill_missing
3659,绳子,leash;rope,,rope,fill_missing
3660,我们之间有一道障碍,There is a barrier between us,,There is a barrier between us,fill_missing
3661,你有猜测吗,Do you have a guess?,,Do you have a guess?,fill_missing
3662,前几天,A few days ago,,the preceding few days,fill_missing
3663,太可惜了,What a shame,,too regrettable,fill_missing
3664,请告诉我,Please tell me;just let me know,,Please tell me;just let me know,fill_missing
3665,脚踝,ankle,,foot ankle,fill_missing
3667,祝你一帆风顺,I wish you smooth sailing,,I wish you one sail with favourable wind,fill_missing
3668,镜子,mirror,,mirror,fill_missing
3671,足够好,Good Enough,,Good Enough,fill_missing
3672,够用的,Enough,,enough for use,fill_missing
3673,确切的位置,Exact location,,Exact location,fill_missing
3674,存钱去旅行,Save money for travel,,Save money for travel,fill_missing
3675,没注意,I wasn't paying attention;didn't notice,,did not pay attention,fill_missing
3676,祝你生意兴隆,I wish you a prosperous business,,I wish your business flourishing prosperity,fill_missing
3678,走不了,cannot leave; cannot get away; cannot walk (context-dependent),,cannot walk or leave,fill_missing
3679,走不动,can't walk,,unable to move by walking,fill_missing
3680,我收集徽章,I collect pins,,I collect badges,fill_missing
3681,首月免租,First month's rent free,,First month's rent free,fill_missing
3682,3室2厅1卫,"3 bedrooms, 2 living rooms, 1 bathroom",,"three rooms, two halls, one bathroom",fill_missing
3683,点击注册,click to register,,click to register,fill_missing
3684,隐私政策,Privacy Policy,,hidden-private-matters policy,fill_missing
3685,获取验证码,get Verification Code,,obtain the verification code,fill_missing
3686,请输入验证码,Please enter verification code,,Please enter verification code,fill_missing
3688,未认证,unauthenticated,,not yet verified,fill_missing
3689,请输入,Please enter,,Please enter,fill_missing
3692,高楼层,High floor,,high building level,fill_missing
3693,默认排序,Default sorting,,default ordering,fill_missing
3694,租金从低到高,Rent from low to high,,Rent from low to high,fill_missing
3695,季付价,Quarterly price,,quarterly-payment price,fill_missing
3696,朝向,Orientation;toward,,facing direction,fill_missing
3697,楼层,story;floor (of a building),,building level,fill_missing
3698,中年危机,midlife crisis,,middle-age crisis,fill_missing
3699,容易醒,Easy to wake up,,Easy to wake up,fill_missing
3700,半夜醒,Waking up in the middle of the night,,Waking up in the middle of the night,fill_missing
3701,很难入睡,Difficulty falling asleep,,very hard to enter sleep,fill_missing
3702,第二天,the next day,,the second day,fill_missing
3703,中年油腻大叔,creepy or sleazy middle-aged man (slang),,middle-aged greasy uncle,fill_missing
3704,清空选择,Clear selection,,empty the selection,fill_missing
3705,港澳台,"Hong Kong, Macau and Taiwan",,"Hong Kong, Macau, Taiwan (abbreviated names)",fill_missing
3706,珠三角,"Pearl River Delta (Shenzhen, etc.)",,Pearl River three-corner region,fill_missing
3707,江浙沪,"Jiangsu, Zhejiang and Shanghai",,"Jiangsu, Zhejiang, Shanghai (abbreviated names)",fill_missing
3708,发货地,Place of shipment,,goods-dispatch place,fill_missing
3710,修改,to amend;modify,,revise and change,fill_missing
3714,免押金租借,No deposit required for rental,,deposit-free rental,fill_missing
3715,前1分钟内归还免费,Free return within the first minute,,Free return within the first minute,fill_missing
3716,不足30分钟按30分钟计费,Less than 30 minutes will be charged as 30 minutes,,Less than 30 minutes will be charged as 30 minutes,fill_missing
3717,总封顶99元,Total cap of 99 yuan,,total ceiling of ninety-nine yuan,fill_missing
3718,购卡后7天有效,Valid for 7 days after purchase,,Valid for 7 days after purchase,fill_missing
3719,消息,messages;information,,news; messages,fill_missing
3720,健康档案,health records,,health dossier,fill_missing
3721,我的病历,My Medical Records,,My Medical Records,fill_missing
3722,查询,to query,,check and inquire,fill_missing
3724,问诊,consultation (to get diagnosed),,ask for medical examination,fill_missing
3725,已预约,Already booked,,already booked in advance,fill_missing
3726,省立,Provincial,,established by the province,fill_missing
3727,点击,click (here),,point and click,fill_missing
3728,科室,department (hospital),,department office,fill_missing
3731,下单时间,Order time,,time of placing the order,fill_missing
3732,支付方式,Payment method,,Payment method,fill_missing
3733,线下支付,Offline payment,,Offline payment,fill_missing
3734,药师,pharmacist,,medicine specialist,fill_missing
3737,症状,symptom,,illness manifestation,fill_missing
3739,轻信,gullible,,believe lightly,fill_missing
3740,草本,herbal,grass root,herbaceous plant,refine_existing_in_new_column
3741,纯,pure,,pure,fill_missing
3742,是这样子的,it's this way;true,,it is like this,fill_missing
3743,过渡时期,transitional period,,period of crossing over,fill_missing
3744,旅居,to live temporarily away from home; to sojourn,,reside while travelling,fill_missing
3749,羡慕,(moderate) envy,,admire with envy,fill_missing
3750,提成,commission,,take a percentage,fill_missing
3760,挺正常的,quite normal,,quite normal,fill_missing
3763,理想,ideal;dream,,ideal conception,fill_missing
3765,营养成分表,nutrition table,,table of nutritional components,fill_missing
3766,毫升,mL;milliliter,,one-thousandth litre,fill_missing
3768,纤维,(dietary) fiber,,fibre,fill_missing
3773,苍蝇,fly;housefly,,housefly,fill_missing
3774,痒痒,itch;tickle,,itch-itch,fill_missing
3775,麻木,numb;numbness,,numb and wooden,fill_missing
3777,大麻,weed;marijuana;cannabis,,big hemp,fill_missing
3778,井,well,,well,fill_missing
3779,很难说,hard to say,,hard to say,fill_missing
3785,二点四万,twenty four thousand,,two point four ten-thousands,fill_missing
3786,正在我就专注于学习中文,I am now focusing on learning Chinese,,right now I focus on studying Chinese (source wording irregular),fill_missing
3787,我感觉我的中文水平正在逐渐进步,I feel my Chinese is improving gradually,,I feel my Chinese is improving gradually,fill_missing
3789,章鱼哥,Squidward,,octopus elder brother (Squidward),fill_missing
3790,派大星,Patrick Star,,Patrick Star (phonetic name with 'big star'),fill_missing
3791,蜗牛盖瑞,Gary the Snail,,Gary the snail (phonetic personal name),fill_missing
3792,蟹老板,Mr. Krabs,,crab boss,fill_missing
3794,沙色的脸颊,sandy-colored cheeks,,sandy-colored cheeks,fill_missing
3795,专注于,focus on,,concentrate attention on,fill_missing
3798,不信教,nonreligious,,not believe in religion,fill_missing
3799,高胆固醇,high cholesterol,,high cholesterol,fill_missing
3801,健康检查,health check,,health check,fill_missing
3802,水疱,blisters,,water blister,fill_missing
3803,老茧,calluses,,old callus,fill_missing
3804,调情,flirt,,stir up romantic feelings,fill_missing
3806,半月板撕裂,meniscus tear,,half-moon plate tear,fill_missing
3809,骨子里面,deep down; in one's nature; to the core,,inside the bones,fill_missing
3810,谈话,conversation,,talk and speech,fill_missing
3812,梦想,dream;aspiration,,dream thought,fill_missing
3815,代替,replace,,stand in place of,fill_missing
3817,丢,to discard;lose,,lose; discard,fill_missing
3819,时尚,fashion;fashionable,,current fashion,fill_missing
3820,可疑,suspicious,,can be doubted,fill_missing
3821,¥61.2 券后价,Price after coupon ¥61.2,,Price after coupon ¥61.2,fill_missing
3822,已售,already sold; number sold,,already sold,fill_missing
3823,券后 ¥28.5 起,Starting from ¥28.5 after coupon,,Starting from ¥28.5 after coupon,fill_missing
3824,优惠前 ¥32.9 起,Starting from ¥32.9 before discount,,Starting from ¥32.9 before discount,fill_missing
3825,进口税,import tax,,entry-port tax,fill_missing
3826,免运费,free shipping,,exempt from transport charges,fill_missing
3827,送货上门,home delivery,,deliver goods to the door,fill_missing
3828,平均好评率,average positive review rate,,average positive review rate,fill_missing
3829,平均7小时发货,average dispatch within 7 hours,,average dispatch within 7 hours,fill_missing
3830,补贴,subsidy,,supplementary payment,fill_missing
3831,今日发,ship today,,dispatch today,fill_missing
3832,正品保障假一赔十,Authenticity guaranteed; tenfold compensation if counterfeit.,,"genuine-product guarantee: one fake, repay ten",fill_missing
3833,7天无理由退货,7 days return without reason,,7 days return without reason,fill_missing
3834,待付款,pending payment,,pending payment,fill_missing
3835,待发货,pending shipment,,pending shipment,fill_missing
3836,待收货,pending receipt,,pending receipt,fill_missing
3837,去查收,go check,,go check receipt,fill_missing
3838,逊毙了,lame;uncool,,lame to death,fill_missing
3839,空调遥控器,air conditioner remote control,,air-conditioning distant-control device,fill_missing
3840,七分甜,70% sweet,,seven parts sweet,fill_missing
3841,格子衬衫,plaid shirt,,grid-pattern shirt,fill_missing
3842,个人资料,profile,,personal information,fill_missing
3844,恋爱关系,romantic relationship,,love relationship,fill_missing
3847,雷,thunder,,thunder,fill_missing
3848,得体,appropriate,,fit the occasion,fill_missing
3849,善于,good at;to be adept at,,be skilled at,fill_missing
3850,善于社交,sociable; good at socializing,,be skilled at social interaction,fill_missing
3851,将近一年,almost a year,,approaching one year,fill_missing
3852,面临,to face;confront,,face what is before one,fill_missing
3854,个人空间,personal space,,personal space,fill_missing
3855,勇敢,brave,,courageous and daring,fill_missing
3858,缺乏,lack,,be deficient and lacking,fill_missing
3859,问候,greeting,,ask after someone,fill_missing
3860,没有规矩不成方圆,"No rules, no order",,"without compass and square, no circles or squares can be formed",fill_missing
3862,疯狂,crazy,,mad and wild,fill_missing
3863,台风,typhoon,,typhoon,fill_missing
3865,潮湿,humid,,moist and wet,fill_missing
3868,搬家,to move (home),,move home,fill_missing
3869,通知,notification;notify,,make known,fill_missing
3873,支装,pack (of drinks),,packed by individual units,fill_missing
3874,这让我想起了你,this reminds me of you,,this makes me think of you,fill_missing
3875,控制狂,control freak,,control maniac,fill_missing
3876,从小,since childhood,,from childhood,fill_missing
3877,我二十多岁的时候,When I was in my twenties,,When I was in my twenties,fill_missing
3882,孔子,Confucius,,Master Kong,fill_missing
3883,孔子学院,Confucius Institute,,Master Kong institute,fill_missing
3884,东亚,East Asia,,East Asia,fill_missing
3885,东南亚,Southeast Asia,,Southeast Asia,fill_missing
3886,义信忠礼仁孝,"Righteousness, Faithfulness, Loyalty, Courtesy, Benevolence, Filial Piety (Confucianism core ideas)",,"righteousness, trustworthiness, loyalty, ritual courtesy, benevolence, filial piety",fill_missing
3887,宣传,propaganda;publicize,,proclaim and spread,fill_missing
3888,总而言之,all in all;to sum it up,,taking it all together to say,fill_missing
3889,下意识,subconscious,,below awareness,fill_missing
3892,吵,noisy,,noisy; quarrel,fill_missing
3894,沉迷于,addicted to,,sink into fascination with,fill_missing
3896,洗脑,brainwashing,,wash the brain,fill_missing
3897,中世纪,middle ages;medieval,,middle era,fill_missing
3899,榜样,example;role model,,exemplary model,fill_missing
3900,升,liter;to rise;go up,,rise; litre (unit),fill_missing
3901,上升,rise;ascent;increased,,ascend upward,fill_missing
3902,相比过去十年,compared with the past ten years,,compared with the past ten years,fill_missing
3905,滚吧,go away,,roll away,fill_missing
3906,掉头就走,turn around and leave,,turn the head and leave,fill_missing
3907,语音留言,voice message,,spoken-sound message,fill_missing
3909,视频电话,video call,,video call,fill_missing
3911,裸,naked,,naked,fill_missing
3912,斯科特,Scott,,Scott (phonetic personal name),fill_missing
3914,罗伯特,Robert,,Robert (phonetic personal name),fill_missing
3915,厌倦生活,tired of life,,weary of living,fill_missing
3916,科尔,Cole,,Cole (phonetic personal name),fill_missing
3918,偶尔,occasionally,,occasionally,fill_missing
3919,男的多女的多,are there more men or women?,,are the men more numerous or the women?,fill_missing
3920,熟人,acquaintance,,familiar person,fill_missing
3921,妥协,compromise,,settle by mutual agreement,fill_missing
3925,概率,probability,,probability rate,fill_missing
3926,打嗝,burp;hiccup,,make a hiccup or belch,fill_missing
3927,昆虫,insect,,insect,fill_missing
3929,盘子,plate,,plate,fill_missing
3930,磁铁,magnet,,magnetic iron,fill_missing
3931,锅铲,wok spatula; cooking turner,,pot shovel,fill_missing
3935,灵魂,soul,,spiritual soul,fill_missing
3936,迫不及待,cannot wait;impatient;in a hurry,,pressed so urgently that one cannot wait,fill_missing
3939,亲热,affectionate;make out,,close and warm,fill_missing
3943,客观,objective;impartial,,object's view,fill_missing
3944,扫帚,broom,,sweeping broom,fill_missing
3945,扫兴,to spoil the fun; to dampen someone's spirits; disappointed,,sweep away enjoyment,fill_missing
3946,想好再说,think it over before you speak,,think it through well before speaking,fill_missing
3947,离谱,outrageous;ridiculous,,depart from the score,fill_missing
3952,瑜伽,yoga,,yoga (phonetic loanword),fill_missing
3953,层,layer;floor,,layer; storey,fill_missing
3954,抽屉,drawer,,pull-out drawer,fill_missing
3956,诊断,diagnosis,,examine and determine,fill_missing
3958,男女通吃,to appeal to both men and women; to be interested in both sexes (slang),,eat both men and women,fill_missing
3960,微信群,WeChat Group,,WeChat group,fill_missing
3961,方式,way;manner;style,,method and form,fill_missing
3962,我必须刚好吃到2X,I must capture exactly 2X.,,I must capture exactly 2X,fill_missing
3963,我必须吃到一墩数值总和刚好为22或23,I must win a trick with a total of 22 or 23,,I must capture a trick with numerical total exactly twenty-two or twenty-three,fill_missing
3964,我必须吃到一墩数值总和小于8,I must win a trick with a total value less than 8,,I must capture a trick with numerical total less than eight,fill_missing
3965,我必须吃到头三墩,I must win the first three tricks.,,I must capture the first three tricks,fill_missing
3966,我必须吃到第一墩和最后一墩,I must take the first and last trick,,I must capture the first trick and the last trick,fill_missing
3967,我吃到的墩数必须比队长多,I must get more tricks than the captain,,the number of tricks I capture must be more than the captain's,fill_missing
3968,我必须用此牌吃到一墩,I must take a trick with this card,,I must use this card to capture a trick,fill_missing
3969,我必须在游戏最后一墩中吃到2X,I must get 2X on the last trick of the game,,I must capture 2X in the game's last trick,fill_missing
3970,我必须吃到至少一色的全数牌,I must get all cards of at least one color.,,I must capture all the cards of at least one colour,fill_missing
3971,我吃到的墩数必须多余队友吃到墩数的总和,The number of tricks I take must exceed the total number of tricks taken by my teammates,,my captured trick count must exceed my teammates' combined count (source has a typo),fill_missing
3972,我必须用一张4吃到一张8,I have to use a 4 to get an 8,,I must use a four to capture an eight,fill_missing
3973,我吃到的一墩中每张牌都大于5,Every card in the trick I got is greater than 5,,each card in a trick I capture must be greater than five,fill_missing
3974,我必须在一墩中吃到张数相同的粉色牌和蓝色牌,I must capture an equal number of pink and blue cards in one trick,,I must capture equal numbers of pink and blue cards in one trick,fill_missing
3975,我不可以吃到2,I must not capture the 2.,,I must not capture the two,fill_missing
3976,我必须吃到2但不可吃到其他潜艇牌,"I must capture the 2, but no other submarine cards.",,I must capture the two but not other submarine cards,fill_missing
3977,其中不包含潜艇牌,Submarine cards are not included,,Submarine cards are not included,fill_missing
3978,秘密写下预测,Write down predictions in secret,,Write down predictions in secret,fill_missing
3979,我必须每种颜色至少吃到一张牌,I must get at least one card of each color.,,I must capture at least one card of every colour,fill_missing
3980,我必须吃到只包含奇数牌的一墩,I must win a trick containing only odd-numbered cards.,,I must capture a trick containing only odd-numbered cards,fill_missing
3981,我必须刚好吃到2墩且连续吃到,"I must win exactly two tricks, consecutively.",,I must capture exactly two tricks and capture them consecutively,fill_missing
3982,绿色牌可以是0张,Green cards can be 0,,the green cards may number zero,fill_missing
3983,我不可以用开始一墩黄色或绿色,I cannot start a trick with yellow or green,,I must not start a trick with yellow or green (source word order irregular),fill_missing
3984,我不可以吃到任何一墩,I must not win any tricks.,,I must not capture any trick,fill_missing
3985,写下并公开预测,Write down and openly share your prediction,,Write down and openly share your prediction,fill_missing
3986,偶数,even number,,paired number,fill_missing
3987,奇数,odd number,,unpaired number,fill_missing
3988,墩,trick (card game);pier,,mound; trick (card-game unit),fill_missing
3989,总和,sum,,total sum,fill_missing
3990,数值,numerical value,,number value,fill_missing
3991,大于,greater than,,bigger than,fill_missing
3992,小于,less than,,smaller than,fill_missing
3993,头三,first three,,first three,fill_missing
3994,墩数,number of tricks,,trick count,fill_missing
3995,相同的,same,,mutually the same,fill_missing
3997,预测,predict;prediction,,estimate in advance,fill_missing
3998,连续,continuous;in a row;successive,,linked in succession,fill_missing
3999,卑鄙,mean,,low and base,fill_missing
4001,乳糖不耐症,lactose intolerance,,milk-sugar non-tolerance disorder,fill_missing
4002,震惊了,shocked,,have been shocked,fill_missing
4003,模仿,imitate,,model oneself on and imitate,fill_missing
4004,轮流支付,take turns paying,,pay in rotating turns,fill_missing
4005,我有点惊讶,I was a little surprised,,I was a little surprised,fill_missing
4006,P图,Photoshop,,Photoshop a picture,fill_missing
4008,刮胡子,shave beard,,scrape the beard,fill_missing
4010,你们亲近吗,are you close?,,are you close and intimate?,fill_missing
4011,政治正确,political correctness,,political correctness,fill_missing
4012,中美差异,differences between China and the US,,China-America differences,fill_missing
4013,一无所知,to know nothing,,not know a single thing,fill_missing
4015,想秀一下,want to show off,,want to show a little,fill_missing
4017,盯,to stare,,stare,fill_missing
4018,敌意,hostility,,hostile intention,fill_missing
4019,算命,fortune telling,,calculate fate,fill_missing
4020,雾霾,smog;haze,,fog and haze,fill_missing
4021,什么的,or anything like that,,and things of that kind,fill_missing
4022,意志力,willpower,,strength of will,fill_missing
4024,驾照难拿嘛,Is it hard to get a driver's license?,,is a driving licence hard to obtain?,fill_missing
4026,重口味,"strong-flavored; a taste for intense, graphic, or extreme content",,heavy mouth-flavour,fill_missing
4027,维吾尔族人,Uyghurs,,people of the Uyghur ethnic group,fill_missing
4029,视频通话,video calling,,video calling,fill_missing
4030,建议,to suggest;suggestion,,put forward an idea,fill_missing
4031,保持联系,stay connected;stay in touch,,maintain contact,fill_missing
4032,清真寺,mosque,,pure-and-true temple,fill_missing
4034,当前,current;present,,at present,fill_missing
4035,高峰,peak (period),,high peak,fill_missing
4036,等待时间,waiting time,,waiting time,fill_missing
4037,国际中心,international center,,international centre,fill_missing
4038,鸦片战争,Opium Wars,,Opium Wars,fill_missing
4039,租界,concession;settlement,,leased territory,fill_missing
4040,法国租界,French concession,,French leased territory,fill_missing
4043,网红打卡地,popular social-media photo spot; trendy check-in destination,,internet-famous check-in place,fill_missing
4045,尝一次,try it once,,taste once,fill_missing
4047,萝卜青菜各有所爱,people have different tastes,,"radishes and greens, each has what they love",fill_missing
4049,伤我的心,break my heart;hurt my feelings,,hurt my heart,fill_missing
4050,有意义,meaningful,,have meaning,fill_missing
4051,正宗,authentic,,authentic lineage,fill_missing
4052,转换器,(outlet) converter,,conversion device,fill_missing
4053,难懂,difficult to understand,,hard to understand,fill_missing
4055,趟,trip;each vehicle arrival,,trip (measure word),fill_missing
4057,妈宝男,mama's boy,,mother's-treasure man,fill_missing
4058,冠军,champion,,first among the army,fill_missing
4060,户外活动,outdoor activities,,outside-the-door activities,fill_missing
4061,放手,to let go;letting go,,release the hand,fill_missing
4062,少数民族,ethnic minority; minority ethnic group,,minority ethnic group,fill_missing
4063,一夜之间,overnight (suddenly),,in the space of one night,fill_missing
4066,龙年,year of the dragon,,year of the dragon,fill_missing
4067,猴年,year of the monkey,,year of the monkey,fill_missing
4068,欺负,to bully,,bully and take advantage of,fill_missing
4069,在马来西亚的经济被华人主导,The economy in Malaysia is dominated by the Chinese,,the economy in Malaysia is led by ethnic Chinese (source wording irregular),fill_missing
4070,很难区分,difficult to distinguish,,difficult to distinguish,fill_missing
4071,无家可归的人,homeless people,,people with no home to return to,fill_missing
4073,头皮屑,dandruff,,head-skin flakes,fill_missing
4076,皱纹,wrinkle,,wrinkle lines,fill_missing
4078,旋转,rotate;spin,,turn and rotate,fill_missing
4080,软垫,cushion,,soft pad,fill_missing
4083,不尊重的,disrespectful,,not respectful,fill_missing
4084,清真,halal,,pure and true (Islamic; halal),fill_missing
4086,一对一,one-on-one,,one against one,fill_missing
4087,零零后出生的人,people born in 2000s decade,,people born after zero-zero (2000),fill_missing
4088,中庸,moderation;golden mean,,middle way,fill_missing
4090,核心运动,core exercise,,core exercise,fill_missing
4092,成家,to start a family,,establish a family,fill_missing
4096,邋里邋遢,sloppy;messy;untidy in appearance or habits,,sloppy and unkempt,fill_missing
4097,尊重,respect,,honour and regard as weighty,fill_missing
4100,贬义词,derogatory term,,word with a belittling meaning,fill_missing
4101,取决于,depending on,,take the decision from,fill_missing
4103,相亲,to meet a prospective partner through an arranged introduction; matchmaking date,,meet to assess a marriage match,fill_missing
4104,一人吃饱全家不饿,"since I make up the entirety of my family, if I am not hungry, my family is not hungry",,"one person eats their fill, the whole family is not hungry",fill_missing
4105,不能好高骛远,Don't pursue unrealistically lofty goals.,,must not love heights and chase the distant,fill_missing
4107,皇帝不急太监急,"The emperor is not anxious, but the eunuchs are",,"the emperor is not anxious, but the eunuch is anxious",fill_missing
4110,认命,accept your fate,,acknowledge fate,fill_missing
4111,讲的很好,well said,,spoken very well,fill_missing
4112,负一楼,B1;basement level 1,,negative-one floor,fill_missing
4113,星期几,What day of the week?,,which day of the week?,fill_missing
4114,几月几号,What’s the month and date?,,"which month, which day number?",fill_missing
4115,两点一刻,2:15 (time),,two o'clock and one quarter,fill_missing
4116,差两分四点,3:58 (time),,two minutes short of four,fill_missing
4117,四点零五,4:05 (time),,four o'clock zero-five,fill_missing
4118,快三点了,almost 3:00,,almost three o'clock,fill_missing
4119,三点多,sometime after three o'clock; three-something,,three o'clock plus,fill_missing
4120,凌晨一点,1:00am (time),,one o'clock in the early hours,fill_missing
4121,夜里十一点,11:00pm (time),,eleven o'clock at night,fill_missing
4122,我的手机不比他的手机贵,My phone is no more expensive than his.,,my phone is not more expensive than his phone,fill_missing
4123,我的书不如他的书多,My books are not as many as his.,,my books are not as numerous as his books,fill_missing
4124,我差点通过了HSK六级考试,I almost passed the HSK test for level 6,,I almost passed the HSK level-six exam,fill_missing
4125,我差点没通过HSK六级考试,I just barely passed the HSK test for level 6,,I almost did not pass the HSK level-six exam,fill_missing
4126,过去几天,The past few days,,The past few days,fill_missing
4127,几天前,A few days ago,,A few days ago,fill_missing
4128,我做了两个苹果派,I made two apple pies.,,I made two apple pies.,fill_missing
4129,我明天要去济州岛,I'm going to Jeju Island tomorrow.,,I'm going to Jeju Island tomorrow.,fill_missing
4131,他学了两年中文,He studied Chinese for two years.,,He studied Chinese for two years.,fill_missing
4132,轮到你了,it’s your turn,,the turn has reached you,fill_missing
4133,我走了,I'm leaving,,I am leaving now,fill_missing
4134,你去吧,you go ahead,,go ahead,fill_missing
4135,想去就去吧,go if you want to,,"if you want to go, then go",fill_missing
4136,一步一步,step by step,,"one step, one step",fill_missing
4137,逐渐,gradually,,little by little,fill_missing
4138,你不是说你一个人可以的吗,Didn’t you say that you can do it alone? (sarcasm),,did you not say you could do it by yourself?,fill_missing
4140,碰,touch;bump,,touch; bump into,fill_missing
4141,你太过分了,you've gone too far,,you have gone too far beyond the bounds,fill_missing
4142,地铁站离公司多远,How far is the subway station from the company?,,How far is the subway station from the company?,fill_missing
4145,毫无疑问,no doubt,,not the slightest doubt,fill_missing
4146,习以为常,get used to it,,become accustomed and regard it as normal,fill_missing
4147,无限,unlimited,,without limit,fill_missing
4148,有限,limited,,having a limit,fill_missing
4149,频繁,frequent;often,,frequent and numerous,fill_missing
4153,痣,mole (on body),,mole (on body),fill_missing
4154,大客户,big customer,,large customer,fill_missing
4155,磨,grind,,grind,fill_missing
4156,韩国的整容 中国的PS,"Plastic surgery in Korea, Photoshop in China",,"Korea's face reshaping, China's Photoshop",fill_missing
4157,照骗,a deceptively flattering or heavily edited photo (slang),,photo deception (pun on 'photograph'),fill_missing
4158,女神,goddess,,female deity,fill_missing
4159,模板,template,,model board,fill_missing
4160,下巴,chin,,chin,fill_missing
4161,妻子颧骨高 杀夫不用刀,A wife with high cheekbones can kill her husband without a knife,,A wife with high cheekbones can kill her husband without a knife,fill_missing
4162,重拍,retake (a photo),,photograph again,fill_missing
4163,毛爷爷,Grandpa Mao,,Grandfather Mao,fill_missing
4164,终身,lifelong,end body,the whole lifetime,refine_existing_in_new_column
4167,甚至,even;so much so that,,even to the point of,fill_missing
4168,能够,be able to,,have sufficient ability,fill_missing
4169,年度,annual,,yearly period,fill_missing
4170,定期,periodically;at regular intervals,,set intervals,fill_missing
4174,单身主义,belief in staying single,,single-person doctrine,fill_missing
4175,女同,lesbian,,female homosexual (abbreviation),fill_missing
4176,男同,gay guy,,male homosexual (abbreviation),fill_missing
4177,泰铢一停 爱情就停,"When the Thai baht stops, love stops",,"When the Thai baht stops, love stops",fill_missing
4178,前任,predecessor;ex,,previous holder of the role,fill_missing
4181,抚摸,to pet;caress,,stroke and touch,fill_missing
4182,迷因,meme,,meme (phonetic loanword),fill_missing
4183,怎么回事,What's going on? (e.g. with this person),,what sort of matter is this?,fill_missing
4186,没有规矩 不成方圆,"no rules, no order",,"without compass and square, no squares or circles can be formed",fill_missing
4190,动作片,action movie,,movement-and-action film,fill_missing
4191,和蔼可亲,friendly;affable,,gentle and approachable,fill_missing
4194,代谢,metabolism;replacement,,replace the old with the new,fill_missing
4196,中产阶级,middle class,,middle-property class,fill_missing
4197,仆人,servant,,serving person,fill_missing
4198,输精管切除术,vasectomy,,surgical removal of the sperm-carrying duct,fill_missing
4201,纪念碑,monument,,commemorative stone tablet,fill_missing
4202,爱上,to fall in love,,come to love,fill_missing
4203,摇,wag (tail);shake,,shake; wag,fill_missing
4204,酒后吐真言,The truth comes out after drinking,,"after alcohol, spit out true words",fill_missing
4205,男的跟男的才叫真爱女的跟男的在一起那才叫繁衍后代,Love between men is true love; a woman and a man being together is just reproduction (a provocative saying).,,men with men are called true love; women with men are called reproducing descendants,fill_missing
4206,社牛,social butterfly,,social ox (socially confident person),fill_missing
4207,搭讪,chat up;strike up a conversation,,strike up a conversation,fill_missing
4208,添油加醋,embellish a story,,add oil and add vinegar,fill_missing
4209,闭口不言,keep silent;keep secrets,,close the mouth and say nothing,fill_missing
4211,不懂事儿,ignorant;foolish,,not understand affairs,fill_missing
4213,临门一脚,the finishing touch,,a kick at the goalmouth,fill_missing
4215,通勤,commute,,travel to work,fill_missing
4216,一颗药,a pill,,one pill of medicine,fill_missing
4217,腋下,armpit;underarm,,below the armpit,fill_missing
4218,口气清新,fresh breath,,mouth air clear and fresh,fill_missing
4219,假客气,false politeness,,false courtesy,fill_missing
4221,稍微比较多,slightly more,,a little comparatively more,fill_missing
4222,往厕所跑,run to the toilet,,run toward the toilet,fill_missing
4223,着火了,to be on fire,,have caught fire,fill_missing
4224,时间宝贵,time is precious,,time is treasured and valuable,fill_missing
4225,哎哟我的妈呀,oh my god,,"oh, my mother!",fill_missing
4226,海洋馆,aquarium,,ocean hall,fill_missing
4227,死心,give up,,let the heart die,fill_missing
4228,男人不喝酒找不到好朋友,a man can't find a good friend without drinking,,a man can't find a good friend without drinking,fill_missing
4229,化学反应,chemical reaction,,transformation-study reaction (chemical reaction),fill_missing
4230,看得出来,it can be seen;I can tell,,can discern it by looking,fill_missing
4231,环城市骑行,cycling around the city,,ride a bicycle around the city,fill_missing
4234,亿,hundred million,,one hundred million,fill_missing
4235,感激,grateful,,moved with gratitude,fill_missing
4239,浪费,waste,,squander,fill_missing
4241,过去的,past,,that which has passed,fill_missing
4242,一个字都不认识,I don't recognize a single character.,,I don't recognize a single character.,fill_missing
4243,想起来,to suddenly remember,,recall to mind,fill_missing
4246,类别,category,,kind and category,fill_missing
4247,与此同时,meanwhile;at the same time,,at the same time as this,fill_missing
4248,课外补习班,extracurricular tutoring classes,,outside-class supplementary-study class,fill_missing
4249,肌肉记忆,muscle memory,,muscle memory,fill_missing
4250,怎么这么,how can it be so...,,how so...,fill_missing
4251,偏爱,to favor;preference,,partial love,fill_missing
4252,舔,lick,,lick,fill_missing
4253,肩膀,shoulder,,shoulder,fill_missing
4254,姿态不好,bad posture,,posture not good,fill_missing
4255,最多,at most,,the most,fill_missing
4257,你觉得呢,what do you think?,,what do you think?,fill_missing
4258,屎拉不出来,cannot poop,,cannot get the shit out,fill_missing
4259,拉不出屎,cannot poop,,cannot shit,fill_missing
4261,你的拉布拉多拉的多不多,Does your Labrador poop a lot?,,Does your Labrador poop a lot?,fill_missing
4262,难易,difficulty,,hard and easy,fill_missing
4265,我拉屎了,I pooped,,I have taken a shit,fill_missing
4266,涂,to spread;smear;scribble,,smear; coat,fill_missing
4270,摊主,stall owner,,stall master,fill_missing
4275,一柱擎天,a pillar supporting the sky; a sole mainstay; an erection (sexual slang),,one pillar holds up heaven,fill_missing
4277,吓人的,scary,,frightening to people,fill_missing
4278,起不来,can't get up,,cannot get up,fill_missing
4279,负面,negative,,negative side,fill_missing
4280,样品,sample,,model specimen,fill_missing
4281,奇葩的人,oddball,,an exotic-flower person,fill_missing
4282,闲聊,small talk,,idle chat,fill_missing
4283,认出我来了,recognized me,,recognized me,fill_missing
4285,什么意思呢,What does it mean?,,what meaning?,fill_missing
4286,语气词,modal particles,,tone-of-speech word,fill_missing
4289,挣扎,to struggle,,struggle,fill_missing
4290,线索,clue,,thread and cord,fill_missing
4291,不环保,not environmentally friendly,,not environmentally protective,fill_missing
4292,铝,aluminum,,aluminum,fill_missing
4295,创可贴,bandaid,,wound adhesive patch,fill_missing
4296,消毒棉签,sterile cotton swab,,disinfecting cotton swab,fill_missing
4298,催眠,hypnosis,,induce sleep,fill_missing
4299,催眠曲,lullaby,,sleep-inducing tune,fill_missing
4300,无拘无束,unfettered,,without restraint or binding,fill_missing
4302,喜好,preference,,likes and preferences,fill_missing
4303,幻想,fantasy;delusion,,illusory thoughts,fill_missing
4305,羊水,amniotic fluid,,amniotic fluid (conventional term),fill_missing
4306,麻药,anesthetic,,numbing medicine,fill_missing
4307,感染,infection,,be affected and infected,fill_missing
4309,法棍,baguette,,French stick,fill_missing
4310,别扭,uncomfortable,,awkward and uncomfortable,fill_missing
4313,熟悉,familiar;know well,,know well,fill_missing
4316,喜乐,joy,,happiness and joy,fill_missing
4317,动态,developments; updates; activity; dynamic,,moving state,fill_missing
4318,平衡,balance,,level balance,fill_missing
4319,月亮上升，太阳下降,The moon rises and the sun sets,,"the moon rises, the sun descends",fill_missing
4320,疲惫,exhausted,,tired and worn out,fill_missing
4321,兴奋,excited,,roused and animated,fill_missing
4323,迷茫,confused,,lost and bewildered,fill_missing
4324,秩序,order; orderly arrangement,,ordered sequence,fill_missing
4325,太极图,Tai Chi diagram;yin yang,,supreme-ultimate diagram,fill_missing
4328,牙齿,teeth,,teeth,fill_missing
4329,好心人,good samaritan;good hearted person,,good-hearted person,fill_missing
4331,我都读不来,I can't read it,,I cannot even read it,fill_missing
4335,汪汪,woof woof,,woof-woof (sound imitation),fill_missing
4337,旧的不去新的不来,the old must go before the new can come,,"if the old does not go, the new does not come",fill_missing
4338,一见钟情,love at first sight,love strikes at first sight,concentrate affection at first sight,refine_existing_in_new_column
4343,不太会说中文,I can't speak Chinese well,,not very able to speak Chinese,fill_missing
4344,难闻,smells bad,,unpleasant to smell,fill_missing
4345,那是什么声音,What's that sound?,,What's that sound?,fill_missing
4346,渴了吗,Are you thirsty?,,Are you thirsty?,fill_missing
4347,怕输,fear of losing (so work hard),,afraid of losing,fill_missing
4348,看个人,depends on the individual,,look at the individual,fill_missing
4349,做你自己就好,just be yourself,,just being yourself is good,fill_missing
4351,根源,root cause;source,,root source,fill_missing
4353,纳粹,nazi,,Nazi (phonetic loanword),fill_missing
4354,阿们,amen,,amen (phonetic loanword),fill_missing
4356,克拉,carat,,carat (phonetic unit name),fill_missing
4357,克隆,clone,,clone (phonetic loanword),fill_missing
4358,雷达,radar,,radar (phonetic loanword),fill_missing
4359,声呐,sonar,,sonar (sound plus phonetic element),fill_missing
4360,马里奥赛车,Mario Kart,,Mario racing cars,fill_missing
4361,坦克,tank,,tank (phonetic loanword),fill_missing
4362,摩托车,motorcycle,,motor vehicle,fill_missing
4363,录音,(audio) recording,,record sound,fill_missing
4365,怪不得,no wonder,,cannot blame or find strange,fill_missing
4367,治疗,therapy;to treat,,treat and heal,fill_missing
4370,纹身,tattoo,,pattern the body,fill_missing
4371,热水包治百病,Hot water cures all diseases,,hot water guarantees to cure a hundred illnesses,fill_missing
4373,吃什么补什么,Eating a body part is believed to nourish the corresponding part of your own body (traditional saying).,,"whatever you eat, that is what you replenish",fill_missing
4379,公共场合秀恩爱,PDA;public displays of affection,,show loving affection in a public place,fill_missing
4380,巴黎,Paris,,Paris (phonetic place name),fill_missing
4381,大阪,Osaka,,great slope (Osaka),fill_missing
4382,东京,Tokyo,,eastern capital (Tokyo),fill_missing
4383,多伦多,Toronto,,Toronto (phonetic place name),fill_missing
4384,伦敦,London,,London (phonetic place name),fill_missing
4385,马尼拉,Manila,,Manila (phonetic place name),fill_missing
4386,曼谷,Bangkok,,Bangkok (phonetic place name),fill_missing
4387,莫斯科,Moscow,,Moscow (phonetic place name),fill_missing
4388,纽约,New York,,New York (phonetic place name),fill_missing
4389,新加坡,Singapore,,Singapore (phonetic place name),fill_missing
4390,台北,Taipei,,north Taiwan (Taipei),fill_missing
4391,德里,Delhi,,Delhi (phonetic place name),fill_missing
4392,首尔,Seoul,,Seoul (phonetic place name),fill_missing
4393,河内,Hanoi,,inside the river (Hanoi),fill_missing
4394,胡志明市,Ho Chi Minh City,,Ho Chi Minh city,fill_missing
4395,吉隆坡,Kuala Lumpur,,Kuala Lumpur (phonetic place name),fill_missing
4396,里约热内卢,Rio de Janeiro,,Rio de Janeiro (phonetic place name),fill_missing
4397,罗马,Rome,,Rome (phonetic place name),fill_missing
4398,孟买,Mumbai,,Mumbai (phonetic place name),fill_missing
4399,墨尔本,Melbourne,,Melbourne (phonetic place name),fill_missing
4400,墨西哥城,Mexico City,,Mexico city,fill_missing
4401,特拉维夫,Tel Aviv,,Tel Aviv (phonetic place name),fill_missing
4402,悉尼,Sydney,,Sydney (phonetic place name),fill_missing
4403,雅加达,Jakarta,,Jakarta (phonetic place name),fill_missing
4404,伊斯坦布尔,Istanbul,,Istanbul (phonetic place name),fill_missing
4405,平壤,Pyongyang,,flat land (Pyongyang),fill_missing
4406,基辅,Kiev,,Kyiv (phonetic place name),fill_missing
4407,迪拜,Dubai,,Dubai (phonetic place name),fill_missing
4408,曼彻斯特,Manchester,,Manchester (phonetic place name),fill_missing
4409,芝加哥,Chicago,,Chicago (phonetic place name),fill_missing
4410,巴格达,Baghdad,,Baghdad (phonetic place name),fill_missing
4411,巴塞罗那,Barcelona,,Barcelona (phonetic place name),fill_missing
4412,柏林,Berlin,,Berlin (phonetic place name),fill_missing
4413,班加罗尔,Bangalore,,Bengaluru (phonetic place name),fill_missing
4414,波哥大,Bogota,,Bogota (phonetic place name),fill_missing
4415,布宜诺斯艾利斯,Buenos Aires,,Buenos Aires (phonetic place name),fill_missing
4416,德黑兰,Tehran,,Tehran (phonetic place name),fill_missing
4417,海得拉巴,Hyderabad,,Hyderabad (phonetic place name),fill_missing
4418,加尔各答,Kolkata,,Kolkata (phonetic place name),fill_missing
4419,金沙萨,Kinshasa,,Kinshasa (phonetic place name),fill_missing
4420,卡拉奇,Karachi,,Karachi (phonetic place name),fill_missing
4421,开罗,Cairo,,Cairo (phonetic place name),fill_missing
4422,开普敦,Cape Town,,Cape Town (phonetic place name),fill_missing
4423,拉各斯,Lagos,,Lagos (phonetic place name),fill_missing
4424,马德里,Madrid,,Madrid (phonetic place name),fill_missing
4425,蒙特利尔,Montreal,,Montreal (phonetic place name),fill_missing
4426,名古屋,Nagoya,,Nagoya (Japanese place name),fill_missing
4427,钦奈,Chennai,,Chennai (phonetic place name),fill_missing
4428,圣彼得堡,Saint Petersburg,,Saint Peter's fortress,fill_missing
4429,亚的斯亚贝巴,Addis Ababa,,Addis Ababa (phonetic place name),fill_missing
4430,仰光,Yangon,,Yangon (phonetic place name),fill_missing
4431,约翰内斯堡,Johannesburg,,Johannes's fortress,fill_missing
4432,圣胡安,San Juan,,Saint Juan,fill_missing
4433,休斯顿,Houston,,Houston (phonetic place name),fill_missing
4434,桃园,Taoyuan,,peach garden (Taoyuan),fill_missing
4435,蒂华纳,Tijuana,,Tijuana (phonetic place name),fill_missing
4436,凤凰,Phoenix,,phoenix,fill_missing
4437,里昂,Lyon,,Lyon (phonetic place name),fill_missing
4438,费城,Philadelphia,,Philadelphia city (abbreviated phonetic name),fill_missing
4439,圣地亚哥,San Diego,,San Diego (phonetic place name),fill_missing
4440,华盛顿特区,Washington DC,,Washington special district,fill_missing
4441,波士顿,Boston,,Boston (phonetic place name),fill_missing
4442,西雅图,Seattle,,Seattle (phonetic place name),fill_missing
4443,波特兰,Portland,,Portland (phonetic place name),fill_missing
4444,奥斯汀,Austin,,Austin (phonetic place name),fill_missing
4445,黄石公园,Yellowstone park,,yellow-stone park,fill_missing
4446,优胜美地国家公园,Yosemite national park,,Yosemite national park (phonetic name),fill_missing
4447,温哥华,Vancouver,,Vancouver (phonetic place name),fill_missing
4448,奥克兰,Auckland; Oakland (depending on location),,Auckland or Oakland (phonetic place name),fill_missing
4449,伯克利,Berkeley,,Berkeley (phonetic place name),fill_missing
4450,佛罗里达,Florida,,Florida (phonetic place name),fill_missing
4451,南卡州,South Carolina,,South Carolina state (abbreviated name),fill_missing
4452,新泽西,New Jersey,,New Jersey,fill_missing
4453,加州,California,,California state (abbreviated name),fill_missing
4454,德州,Texas,,Texas state (abbreviated name; US context),fill_missing
4455,宽,wide,,wide,fill_missing
4456,窄,narrow,,narrow,fill_missing
4462,固体,solid (state),,solid body,fill_missing
4470,卷王,overachiever who pressures everyone else,,king of involution,fill_missing
4472,凡尔赛,humblebragging;Versailles,,Versailles (phonetic name; slang for humblebragging),fill_missing
4473,显眼包,attention-seeker; someone conspicuously showing off (slang),,conspicuous package,fill_missing
4477,嘴替,someone who says what you were thinking,,replacement mouth,fill_missing
4478,柠檬精,jealous person,,lemon spirit,fill_missing
4479,冲鸭,let’s go!,,"charge, duck! (sound pun on 'charge!')",fill_missing
4480,自律到变态,so self-disciplined it’s freaky,,self-disciplined to the point of abnormality,fill_missing
4487,社死,super embarrassing;social death,,social death,fill_missing
4489,人间清醒,someone who sees through the BS of life,,clear-headed in the human world,fill_missing
4490,我裂开了,I’m broken (from shock or frustration),,I have split open,fill_missing
4491,工具猫,"cat who only wants food, not love",,tool cat,fill_missing
4492,饭圈,fan community; fandom culture,fan circle,fan circle (饭 is a sound-based rendering of 'fan'),refine_existing_in_new_column
4498,官宣,to announce officially; to make a relationship public,,official announcement,fill_missing
4499,分手快乐,happy breakup,,happy parting of hands,fill_missing
4500,五二零,I love you;520,,five-two-zero (sounds like 'I love you'),fill_missing
4501,一三一四,forever;1314;一生一世,,one-three-one-four (sounds like 'one whole lifetime'),fill_missing
4502,壁咚,wall slam;pin to wall,,wall thud,fill_missing
4505,在一起,to be a couple,,be together,fill_missing
4506,搞对象,to be seeing someone,,have a romantic partner,fill_missing
4507,恋爱中,in love,,in romantic love,fill_missing
4508,有情况,there is something going on; there may be a romantic development,,there is a situation,fill_missing
4510,发生关系,have relations,,have relations,fill_missing
4511,啪啪啪,bang,,pa-pa-pa (slapping or banging sound),fill_missing
4512,上床,to go to bed; to have sex,,get into bed,fill_missing
4515,做运动,do exercise,,do exercise,fill_missing
4517,小弟弟,little brother; young boy; penis (euphemistic or childish),,little younger brother,fill_missing
4518,小鸡鸡,little wee-wee,,little chick-chick,fill_missing
4520,棒棒,stick,,little stick,fill_missing
4522,小蛋蛋,testicles; little balls (childish or playful),,little egg-eggs,fill_missing
4524,蛋蛋的忧伤,"a touch of sadness (a humorous pun on 淡淡的忧伤, with 蛋蛋 meaning testicles)",,egg-eggs' sadness (pun on 'faint sadness'),fill_missing
4525,宝蛋,precious eggs (playful term),,treasure eggs,fill_missing
4526,蛋包,egg pouch,,egg pouch,fill_missing
4528,小妹妹,little sister; young girl; female genitals (euphemistic),,little younger sister,fill_missing
4529,私处,private part,,private place,fill_missing
4530,小洞洞,little hole,,little hole-hole,fill_missing
4531,肉洞,flesh hole,,flesh hole,fill_missing
4532,水蜜桃,juicy peach; honey peach,,water-honey peach,fill_missing
4533,屁股,butt,,buttocks,fill_missing
4534,后面,backside;behind,,rear side,fill_missing
4535,肉臀,meaty butt,,fleshy buttocks,fill_missing
4536,翘臀,perky butt,,raised buttocks,fill_missing
4537,屁股蛋子,butt cheeks,,buttock eggs,fill_missing
4541,大屁屁,big booty,,big bottom-bottom,fill_missing
4542,女拳师,female boxer; derogatory pun referring to a feminist perceived as militant,,female boxing master (pun on 'feminist'),fill_missing
4547,YYDS,GOAT;forever god,,eternal god (initials of 永远的神),fill_missing
4549,你也太会了吧,"you’re really smooth, huh?",,"you really know how, don't you?",fill_missing
4550,有被你帅到,I’ve been struck by your handsomeness,,have been struck by your handsomeness,fill_missing
4551,甜死了,too sweet!,,sweet to death,fill_missing
4552,会哄人,you really know how to sweet talk,,know how to coax people,fill_missing
4553,你今天好不一样,You're really different today.,,you are very different today,fill_missing
4554,数据科学,data science,,data science,fill_missing
4559,特征,feature; characteristic; distinguishing trait,,distinctive characteristic,fill_missing
4576,增强学习,reinforcement learning,,strengthening learning,fill_missing
4582,描述性统计,descriptive statistics,,descriptive statistics,fill_missing
4583,推断性统计,inferential statistics,,inference-based statistics,fill_missing
4595,置信区间,confidence interval,,trust-placing interval,fill_missing
4597,p值,p-value,,p-value,fill_missing
4599,比例,proportion,,comparative proportion,fill_missing
4606,直方图,histogram,,straight-rectangle chart,fill_missing
4609,仪表,meter (measuring),,measuring instrument,fill_missing
4611,交互式图表,interactive chart,,mutually interactive chart,fill_missing
4614,坐标,coordinate (geometry),,position marker,fill_missing
4615,维度,dimension,,dimensional degree,fill_missing
4618,关系型数据库,relational database,,relation-type database,fill_missing
4619,非关系型数据库,non-relational database,,non-relation-type database,fill_missing
4620,表格,table (data),,tabular grid,fill_missing
4626,索引,index (data),,search guide,fill_missing
4627,连接,join (data),,link and connect,fill_missing
4628,范式,normal form (database theory); paradigm,,model form,fill_missing
4629,数据完整性,data integrity,,data completeness,fill_missing
4633,用户行为分析,user behavior analysis,,user behavior analysis,fill_missing
4634,客户流失预测,customer churn prediction,,customer-loss prediction,fill_missing
4635,市场细分分析,market segmentation analysis,,market fine-division analysis,fill_missing
4636,AB测试,AB testing,,AB testing,fill_missing
4637,广告点击率分析,ad click-through rate analysis,,advertisement click-rate analysis,fill_missing
4638,销售趋势预测,sales trend forecasting,,sales-trend advance estimation,fill_missing
4639,库存优化,inventory optimization,,stored-stock improvement,fill_missing
4640,推荐系统分析,recommendation system analysis,,recommendation-system analysis,fill_missing
4641,信用评分建模,credit scoring modeling,,credit-score model construction,fill_missing
4642,患者风险评估,patient risk assessment,,patient-risk evaluation,fill_missing
4643,医疗费用预测,medical cost prediction,,medical-expense advance estimation,fill_missing
4644,物流路径优化,logistics route optimization,,goods-flow route improvement,fill_missing
4645,员工绩效分析,employee performance analysis,,employee-achievement analysis,fill_missing
4646,产品满意度分析,product satisfaction analysis,,product-satisfaction-degree analysis,fill_missing
4647,社交媒体情绪分析,social media sentiment analysis,,social-media emotion analysis,fill_missing
4648,客户生命周期价值,customer lifetime value,,customer life-cycle value,fill_missing
4649,转化率分析,conversion rate analysis,,transformation-rate analysis,fill_missing
4650,异常行为分析,anomaly behavior analysis,,unusual-behaviour analysis,fill_missing
4651,欺诈检测,fraud detection,,deception detection,fill_missing
4652,欺诈预防,fraud prevention,,deception prevention,fill_missing
4654,身份验证,identity verification,,identity verification,fill_missing
4656,信用卡欺诈,credit card fraud,,credit card fraud,fill_missing
4661,多因素认证,multi-factor authentication,,multiple-factor verification,fill_missing
4662,行为识别,behavior recognition,,behavior recognition,fill_missing
4663,访问控制,access control,,access control,fill_missing
4665,实时监测,real-time monitoring,,real-time monitoring and measurement,fill_missing
4666,可疑模式,suspicious pattern,,doubtworthy pattern,fill_missing
4667,人工审核,manual review,,human review and checking,fill_missing
4668,自动报警,automatic alert,,automatic alarm reporting,fill_missing
4669,欺诈评分模型,fraud scoring model,,fraud scoring model,fill_missing
4675,祈祷,pray,,pray and supplicate,fill_missing
4676,见证人,witness,,person who sees and testifies,fill_missing
4677,这怎么读,How do you read this?,,how is this read?,fill_missing
4680,还是学习,still learning,,still study; or study (context-dependent),fill_missing
4681,拉勾,Make a pinky promise,,pull hooked fingers,fill_missing
4682,一言为定,It's a deal;promise,,one word makes it settled,fill_missing
4684,发展中国家,developing country,,country in development,fill_missing
4685,中途,halfway;midway,,middle of the journey,fill_missing
4686,补助,subsidy,,supplementary assistance,fill_missing
4687,蚂蚁,ant,,ant,fill_missing
4688,步伐,pace,,stepping pace,fill_missing
4689,国外的月亮比较圆,The moon is rounder abroad,,the moon abroad is comparatively round,fill_missing
4690,阴凉处,shade,,shade,fill_missing
4691,中国工商银行,Industrial and Commercial Bank of China,,China industry-and-commerce bank,fill_missing
4692,中国建设银行,China Construction Bank,,China construction bank,fill_missing
4693,中国银行,Bank of China,,China bank,fill_missing
4694,中国农业银行,Agricultural Bank of China,,China agriculture bank,fill_missing
4696,只剩一个,only one left,,only one left,fill_missing
4698,来大姨妈,period,,the eldest aunt comes,fill_missing
4699,月经,menstruation,,monthly flow,fill_missing
4700,好好学习 天天向上,Study hard and make progress every day,,"study well, advance upward every day",fill_missing
4704,门灯闪烁 请勿上下车,Door lights flashing. Do not get on or off the vehicle.,,Door lights flashing. Do not get on or off the vehicle.,fill_missing
4705,当心夹手,Be careful of pinching your hands.,,Be careful of pinching your hands.,fill_missing
4706,当心间隙,Be careful of gaps.,,Be careful of gaps.,fill_missing
4707,禁止倚靠,no leaning,,no leaning,fill_missing
4708,禁止推动,No pushing,,No pushing,fill_missing
4709,无障碍电梯,Accessible elevator,,barrier-free elevator,fill_missing
4710,当心碰头,Be careful of bumping heads,,Be careful of bumping heads,fill_missing
4711,当心障碍物,Be careful of obstacles,,Be careful of obstacles,fill_missing
4712,当心滑跌,Be careful of slipping,,Be careful of slipping,fill_missing
4713,禁止触摸,Do not touch,,Do not touch,fill_missing
4714,禁止吸烟,Smoking is prohibited,,Smoking is prohibited,fill_missing
4715,含电子烟,Even electronic cigarettes,,includes electronic cigarettes,fill_missing
4716,违者罚款50-200元,Violators will be fined 50-200 yuan,,Violators will be fined 50-200 yuan,fill_missing
4717,监督投诉电话:12345,Supervision and complaint telephone number: 12345,,Supervision and complaint telephone number: 12345,fill_missing
4718,乘梯安全须知,Elevator Safety Tips,,what must be known for elevator safety,fill_missing
4719,照顾儿童,Take care of children,,Take care of children,fill_missing
4720,请勿低头看手机,Do not look down at your phone,,Do not look down at your phone,fill_missing
4721,小心夹脚,Be careful not to pinch your feet,,Be careful not to pinch your feet,fill_missing
4722,请勿坐卧,Do not sit or lie down,,Do not sit or lie down,fill_missing
4723,握紧扶手带,Hold the handrails tightly,,grip the moving handrail firmly,fill_missing
4724,老人、儿童及行动不方便者需家人监护,"The elderly, children and those with limited mobility need to be supervised by their family members",,"The elderly, children and those with limited mobility need to be supervised by their family members",fill_missing
4725,禁止逆行,Do not go against the flow,,Do not go against the flow,fill_missing
4726,禁止嬉闹,Do not play,,playing and fooling around prohibited,fill_missing
4727,禁止搬运,Do not carry,,carrying goods prohibited,fill_missing
4728,禁止使用手推车,Do not use carts,,Do not use carts,fill_missing
4729,禁止攀、爬、骑乘扶手带,"Do not climb, crawl or ride on the handrails",,"Do not climb, crawl or ride on the handrails",fill_missing
4730,禁止将头、肢体伸到扶手带外,Do not extend your head or limbs outside the handrails,,Do not extend your head or limbs outside the handrails,fill_missing
4731,民警提示,Police reminder,,people's-police reminder,fill_missing
4732,"维护地铁公共安全,严禁携带违禁品进站乘车。","To maintain public safety in the subway, it is strictly forbidden to bring prohibited items into the station and take the train.",,"To maintain public safety in the subway, it is strictly forbidden to bring prohibited items into the station and take the train.",fill_missing
4733,严禁携带易燃易爆等危险品进站,"It is strictly forbidden to bring flammable, explosive and other dangerous goods into the station",,"It is strictly forbidden to bring flammable, explosive and other dangerous goods into the station",fill_missing
4734,禁止烟火,No smoking or open flames.,,smoke and fire prohibited,fill_missing
4735,禁止堆放,No stacking,,No stacking,fill_missing
4736,请勿餐饮,No eating or drinking,,No eating or drinking,fill_missing
4737,请勿穿旱冰鞋,No roller skates,,please do not wear dry-land ice skates,fill_missing
4738,请勿丢弃废弃物,No discarding of waste,,No discarding of waste,fill_missing
4739,请勿携带宠物,No pets,,please do not bring pets,fill_missing
4740,临时单行道,Temporary one-way road,,Temporary one-way road,fill_missing
4741,道用消防通道严禁占月,Keep the fire access route clear (probable intended notice; Chinese text is corrupted).,,fire-access passage; occupation strictly prohibited (source text corrupted),fill_missing
4742,禁止停车,No parking,,No parking,fill_missing
4743,禁止摆摊,No stalls,,setting up stalls prohibited,fill_missing
4744,禁止停留,No stopping,,lingering prohibited,fill_missing
4745,失物领取处,Lost and found collection area,,lost-item claim place,fill_missing
4746,当心滑倒,Beware of slipping,,Beware of slipping,fill_missing
4747,来也匆匆 去也冲冲,"Come in a hurry, flush when you leave",,"come hurriedly, leave with a flush (sound pun)",fill_missing
4748,灭烟处,smoke extinguishing area,,place for extinguishing cigarettes,fill_missing
4749,其他垃圾,other garbage,,other garbage,fill_missing
4750,可回收物,recyclables,,recoverable objects,fill_missing
4751,烟蒂,cigarette butts,,cigarette ends,fill_missing
4752,金属,metal,,metal,fill_missing
4753,污染纸张,contaminated paper,,contaminated paper,fill_missing
4754,玻璃,glass,,glass,fill_missing
4755,牛奶盒,milk carton,,milk carton,fill_missing
4756,破旧陶瓷品,old ceramics,,broken and old ceramic items,fill_missing
4757,一次性餐具,one-time use utensil,,one-time-use tableware,fill_missing
4758,塑料,plastic,,plastic material,fill_missing
4759,纸张,paper,,sheets of paper,fill_missing
4760,可乐罐,cola cans,,cola cans,fill_missing
4761,有害垃圾,Hazardous waste,,harmful waste,fill_missing
4763,家用化学品,Household chemicals,,Household chemicals,fill_missing
4764,"国家危险废物名录中的家庭源危险废物,包括灯管、家用化学品和电池等","Household hazardous waste listed in the national hazardous waste list, including light bulbs, household chemicals and batteries",,"household-source hazardous waste in the national hazardous-waste catalogue, including lamp tubes, household chemicals and batteries",fill_missing
4765,公安,public security,,public peace and safety,fill_missing
4766,未经许可,Without permission,,without having obtained permission,fill_missing
4767,禁止放飞无人机等飞行器,It is prohibited to fly drones and other aircraft,,It is prohibited to fly drones and other aircraft,fill_missing
4768,派出所报警电话:110,The police station alarm number is: 110,,local police-station emergency number: 110,fill_missing
4769,内有监控,Internal surveillance,,surveillance inside,fill_missing
4770,小心玻璃,Be careful of glass,,Be careful of glass,fill_missing
4771,小心坠落,Be careful of falling,,Be careful of falling,fill_missing
4772,请勿通过,Do not pass,,Do not pass,fill_missing
4773,"此区域非游乐设施,请看管好儿童","This area is not a recreational facility, please take good care of children",,"This area is not a recreational facility, please take good care of children",fill_missing
4774,请勿在池内 石台表面嬉戏玩耍,Do not play in the pool or on the stone platform,,Do not play in the pool or on the stone platform,fill_missing
4775,注意安全,Be careful,,pay attention to safety,fill_missing
4776,您已进入监控区域,You have entered the monitoring area,,You have entered the monitoring area,fill_missing
4777,24小时视频监控,24-hour video monitoring,,24-hour video monitoring,fill_missing
4778,水深危险请勿靠近,Do not approach due to the dangerous water depth,,"deep water, danger; please do not approach",fill_missing
4779,小心台阶,Be careful of the steps,,Be careful of the steps,fill_missing
4780,小心地滑,Be careful of slippery ground,,Be careful of slippery ground,fill_missing
4781,禁止乱扔废弃物,no littering,,no littering,fill_missing
4782,禁止躺卧,no lying down,,no lying down,fill_missing
4783,禁止悬吊,no hanging,,no hanging,fill_missing
4784,使用电子设备禁止外放声音,No external sound from electronic devices,,"when using electronic devices, external sound playback is prohibited",fill_missing
4785,便捷换乘,Convenient transfer,,convenient transfer,fill_missing
4786,插座设置于座垫接缝处前端 请正确使用 防止触电,The socket is located at the front of the seat cushion joint. Please use it correctly to prevent electric shock.,,The socket is located at the front of the seat cushion joint. Please use it correctly to prevent electric shock.,fill_missing
4787,请勿坐或搁放重物在桌上,Please do not sit or place heavy objects on the table,,Please do not sit or place heavy objects on the table,fill_missing
4788,最大负荷:25kg,Maximum load: 25kg,,Maximum load: 25kg,fill_missing
4789,上车时请注意站台与列车间隙,Please pay attention to the gap between the platform and the train when boarding.,,Please pay attention to the gap between the platform and the train when boarding.,fill_missing
4790,请勿行走在防护栏杆外,Do not walk outside the guardrails.,,Do not walk outside the guardrails.,fill_missing
4791,请在白色安全线以内排队等候,Please queue up within the white safety line.,,Please queue up within the white safety line.,fill_missing
4792,禁止攀登,No climbing.,,No climbing.,fill_missing
4793,禁止跳下站台,No jumping off the platform.,,No jumping off the platform.,fill_missing
4794,消防通道全段禁停,No parking in the entire fire passage,,No parking in the entire fire passage,fill_missing
4795,农副产品自售点,Agricultural and sideline products self-selling point,,farm and sideline products direct-sale point,fill_missing
4796,耗能低,Low energy consumption,,Low energy consumption,fill_missing
4797,耗能高,High energy consumption,,High energy consumption,fill_missing
4798,生产者名称,Manufacturer name,,producer's name,fill_missing
4799,规格型号,Specification model,,specifications and model,fill_missing
4800,综合耗电量(千瓦时/24小时),Comprehensive power consumption (kWh/24 hours),,Comprehensive power consumption (kWh/24 hours),fill_missing
4801,冷藏室容积(升),Refrigerator volume (liters),,cold-storage compartment capacity (litres),fill_missing
4802,冷冻室容积(升),Freezer volume (liters),,freezing compartment capacity (litres),fill_missing
4803,外卖立减,Takeaway discount,,takeaway immediate reduction,fill_missing
4804,续住优惠,Extended stay discount,,continued-stay preferential price,fill_missing
4805,扫码秒连,Scan the QR code to connect in seconds,,"scan the code, connect in seconds",fill_missing
4806,紧急呼叫电话,Emergency call phone,,Emergency call phone,fill_missing
4809,失物招领架,lost and found rack,,lost-item claim rack,fill_missing
4810,请及时认领,please claim it promptly,,please claim it promptly,fill_missing
4811,严禁入内园内有恶犬 后果自负,It is strictly forbidden to enter the park. There are vicious dogs in the park. You will be responsible for the consequences.,,entry strictly forbidden; vicious dogs inside the grounds; bear the consequences yourself,fill_missing
4812,加盟店,franchise store,,join-the-alliance shop,fill_missing
4816,过时了,outdated,,has passed its time,fill_missing
4818,谢谢大哥,thank you brother,,"thank you, elder brother",fill_missing
4820,自控力,self control,,self-control power,fill_missing
4822,棉质衬衫,cotton shirt,,cotton shirt,fill_missing
4823,涤纶,polyester,,polyester fibre,fill_missing
4824,不急,no rush,,not urgent,fill_missing
4825,期间,duration;period,,during that period,fill_missing
4828,哑巴英语者,English learners who can read or understand English but struggle to speak it,,mute-English person,fill_missing
4829,坚持,insist;persist,,hold firmly,fill_missing
4830,配送,delivery,,allocate and deliver,fill_missing
4831,脑子不在线,I'm not thinking clearly; my brain isn't working right now.,,the brain is not online,fill_missing
4832,亚马逊,Amazon,,Amazon (phonetic name),fill_missing
4833,额外,additional,,outside the allotted amount,fill_missing
4834,生效,to take effect; to become effective,,produce effect,fill_missing
4835,惊人,astonishing;amazing,,startle people,fill_missing
4836,预计,expected,,calculate in advance,fill_missing
4840,有欲望,to have desire,,have desire,fill_missing
4841,涩涩,sexual or erotic content (playful internet spelling of 色色),,astringent-astringent (sound pun for sexual content),fill_missing
4842,有反应,got a reaction,,have a reaction,fill_missing
4843,想开车,to want to drive; to want to make sexual jokes or discuss sexual content (slang),,want to drive a vehicle,fill_missing
4844,馋身子,crave someone,,crave the body,fill_missing
4846,恐高的人,people who are afraid of heights,,people who fear heights,fill_missing
4849,气喘吁吁,out of breath,,panting breathlessly,fill_missing
4851,公立医院,public hospitals,,publicly established hospital,fill_missing
4855,毫无道理,makes no sense,,not the slightest reason,fill_missing
4856,虚伪,hypocritical,,false and pretended,fill_missing
4857,根据,according to,,on the basis of,fill_missing
4858,拜登,Biden,,Biden (phonetic personal name),fill_missing
4859,伯尼 桑德斯,Bernie Sanders,,Bernie Sanders (phonetic personal name),fill_missing
4861,先知,prophet,,one who knows beforehand,fill_missing
4868,一颗老鼠屎坏了一锅汤,one bad apple spoils the bunch,,one piece of mouse shit spoils a pot of soup,fill_missing
4869,恋童癖,pedophilia; pedophile (context-dependent),,sexual attraction to children (clinical term),fill_missing
4870,文化冲击,culture shock,,culture impact,fill_missing
4871,记仇,hold a grudge;vengeful,,remember a grudge,fill_missing
4874,何乐而不为呢,why not?,,why not do something enjoyable?,fill_missing
4877,太客气了,you're too kind,,too courteous,fill_missing
4878,应付,cope,,deal with,fill_missing
4882,成千上百,hundreds and thousands,,in thousands and hundreds,fill_missing
4884,草草了事,rush through work;get done hastily,,finish the matter hastily,fill_missing
4885,想想看,think about it,,think and see,fill_missing
4889,你最近在忙什么呢,What have you been busy with recently?,,What have you been busy with recently?,fill_missing
4890,你家人都还好吧,How is your family?,,"your family members are all still well, right?",fill_missing
4891,你住在杭州什么地方,Where do you live in Hangzhou?,,Where do you live in Hangzhou?,fill_missing
4892,你对它有什么印象,What's your impression of it?,,What's your impression of it?,fill_missing
4893,你在想什么,what's on your mind,,what are you thinking about?,fill_missing
4894,我想让你见一下我的猫,I want you to meet my cat.,,I want you to meet my cat.,fill_missing
4895,你来杭州多长时间了,How long have you been in Hangzhou?,,How long have you been in Hangzhou?,fill_missing
4896,你习惯中国的生活吗,Are you used to life in China?,,Are you used to life in China?,fill_missing
4897,你都去过中国的哪些地方,Where have you been to in China?,,Where have you been to in China?,fill_missing
4898,你打算在杭州呆多久,How long do you plan to stay in Hangzhou?,,How long do you plan to stay in Hangzhou?,fill_missing
4899,你平时喜欢做什么,What do you usually like to do?,,What do you usually like to do?,fill_missing
4900,我对中国非常感兴趣,I am very interested in China,,I am very interested in China,fill_missing
4901,希望很快能见到你,Hope to see you soon,,Hope to see you soon,fill_missing
4902,那真是太不行了,That's really not okay; that simply won't do.,,that really will not do at all,fill_missing
4903,我不觉得那是个好主意,I don't think that's a good idea.,,I don't think that's a good idea.,fill_missing
4904,这个主意不错,That's a good idea,,this idea is not bad,fill_missing
4905,别着急 问题总会解决的,Don't worry it will work out,,do not be anxious; the problem will eventually be solved,fill_missing
4906,你明白我的意思吗,Do you get me,,do you understand my meaning?,fill_missing
4907,我还是不懂你的意思,I still don't understand what you mean,,I still don't understand what you mean,fill_missing
4908,明天可能会下雨,It's probably going to rain tomorrow,,tomorrow it may rain,fill_missing
4909,你每天上几个小时的班,How many hours do you work every day?,,How many hours do you work every day?,fill_missing
4910,你是什么时候来这家公司的,When did you start to work in this company?,,when did you come to this company?,fill_missing
4911,你经常来这里吗,Do you come here often?,,Do you come here often?,fill_missing
4912,你是本地人吗,Are you a local?,,Are you a local?,fill_missing
4913,你想和我交换语言吗,Do you want to do a language exchange with me?,,Do you want to do a language exchange with me?,fill_missing
4914,我学中文学了一年多了,I have studied Chinese for more than a year,,I have studied Chinese for more than a year,fill_missing
4915,小蝌蚪,little tadpoles,,little tadpoles,fill_missing
4916,白色液体,white liquid,,white liquid,fill_missing
4918,默不作声,remain silent,,silently make no sound,fill_missing
4919,蹬鼻子上脸,take advantage and push limits,,step on the nose and climb onto the face,fill_missing
4920,屏幕,screen,,screen curtain,fill_missing
4921,配件,accessories,,matching parts,fill_missing
4922,"以武止戈,世界和平",Peace through strength,,use martial force to stop weapons; world peace,fill_missing
4924,畅销,bestseller,,sell smoothly,fill_missing
4927,安卓系统,Android system,,Android system (phonetic name),fill_missing
4928,很卡,very laggy; freezing or stuttering (of a device or connection),,very stuck,fill_missing
4933,音质,sound quality,,sound quality,fill_missing
4934,壳,shell;phone case,,shell,fill_missing
4941,无缘无故,no cause no reason,,without cause or reason,fill_missing
4943,唠叨,nagging,,nag,fill_missing
4944,厌烦,to be sick of,,be weary and annoyed,fill_missing
4946,乱扔垃圾,littering,,throw rubbish indiscriminately,fill_missing
4948,山姆会员商店,Sam's Club,,Sam's membership shop,fill_missing
4952,下一站公园开左门,Next stop is park door opens on the left,,next station: Park; open the left doors,fill_missing
4953,开往公园的列车即将进站,The train bound for park is about to arrive at the station,,The train bound for park is about to arrive at the station,fill_missing
4954,"先下后上, 排队上车","Let passengers get off first, then board in an orderly queue.",,"first get off, then get on; queue to board",fill_missing
4955,上车请注意脚下间隙,Please pay attention to the clearance under your feet when getting on the bus,,"when boarding, please mind the gap beneath your feet",fill_missing
4956,本次列车终点站公园,This train's final stop is park,,this train's terminus: Park,fill_missing
4957,前往公园方向的乘客请等待后续列车,"Passengers heading to park, please wait for the next train.",,"Passengers heading to park, please wait for the next train.",fill_missing
4958,地铁车厢内禁止躺卧；乞讨；卖艺；推销等影响公共秩序的行为,"Any behavior that disrupts public order, such as lying down, begging, performing arts, or selling goods, is prohibited in subway cars.",,"Any behavior that disrupts public order, such as lying down, begging, performing arts, or selling goods, is prohibited in subway cars.",fill_missing
4959,请您携带很随身物品准备下车,Please prepare to disembark with your belongings.,,please take your belongings and prepare to get off (source has a typo),fill_missing
4960,文明乘车，使用手机等电子设备时，请勿外放声音,Please be considerate on the train. Do not play audio aloud on phones or other electronic devices.,,"ride courteously; when using phones and other electronic devices, please do not play sound aloud",fill_missing
4961,上车乘客，请尽量往里走,"Passengers boarding the train, please proceed as far as possible to the inside.",,"Passengers boarding the train, please proceed as far as possible to the inside.",fill_missing
4962,尊老爱幼，是中华民族的美德，请给有需要的乘客让个座,Respecting the elderly and cherishing the young is a Chinese virtue. Please offer your seat to passengers in need.,,Respecting the elderly and cherishing the young is a Chinese virtue. Please offer your seat to passengers in need.,fill_missing
4963,境外人员住宿登记凭证,registration form of residence for visitors from overseas,,overseas-personnel lodging-registration certificate,fill_missing
4964,骰子,dice,,die; dice,fill_missing
4966,回合,turn;round,,round,fill_missing
4967,星星,star,,star,fill_missing
4969,格子,lattice;game board space,,grid square,fill_missing
4970,道具,prop; game item,,stage prop; game item,fill_missing
4971,对战,to do battle,,battle against each other,fill_missing
4972,小游戏,mini game,,small game,fill_missing
4973,一对三,1 versus 3 game,,one against three,fill_missing
4974,交换,swap,,exchange and swap,fill_missing
4975,胜利,victory,,victory,fill_missing
4976,失败,defeat;to lose;fail,,lose and fail,fill_missing
4977,加速,speed up;boost,,add speed,fill_missing
4978,减速,slow down,,reduce speed,fill_missing
4979,陷阱,trap,,pit trap,fill_missing
4980,规则,rules,,rules and standards,fill_missing
4981,积分,points,,accumulated points,fill_missing
4982,赛道,racetrack,,racing track,fill_missing
4983,赛车,racecar,,racing vehicle,fill_missing
4984,赛车手,racer,,racing driver,fill_missing
4987,漂移,drift,,drift and move,fill_missing
4988,漂移加速,drift boost,,drift acceleration,fill_missing
4989,香蕉皮,banana peel,,banana peel,fill_missing
4991,红龟壳,red shell,,red turtle shell,fill_missing
4992,蓝龟壳,blue shell,,blue turtle shell,fill_missing
4993,绿龟壳,green shell,,green turtle shell,fill_missing
4994,子弹车,bullet bill,,bullet vehicle,fill_missing
4995,蘑菇,mushroom,,mushroom,fill_missing
4996,三连蘑菇,triple mushroom,,three linked mushrooms,fill_missing
4997,赛圈,laps,,racing laps,fill_missing
4998,第一名,first place,,first rank,fill_missing
4999,最后一名,last place,,last rank,fill_missing
5001,捷径,shortcut,,quick path,fill_missing
5002,赛季,sports season,,racing season,fill_missing
5003,镜像赛,mirror mode,,mirror-image race,fill_missing
5007,马里奥,Mario,,Mario (phonetic character name),fill_missing
5008,路易吉,Luigi,,Luigi (phonetic character name),fill_missing
5009,碧琪公主,Princess Peach,,Princess Peach (phonetic name plus 'princess'),fill_missing
5010,黛西,Daisy,,Daisy (phonetic character name),fill_missing
5011,罗莎塔娜,Rosalina,,Rosalina (phonetic character name),fill_missing
5012,奇诺比奥,Toad,,Kinopio (phonetic name for Toad),fill_missing
5013,奇诺比珂,Toadette,,Kinopiko (phonetic name for Toadette),fill_missing
5014,耀西,Yoshi,,Yoshi (phonetic character name),fill_missing
5015,马里奥派对,Mario party,,Mario party,fill_missing
5016,瓦里奥,Wario,,Wario (phonetic character name),fill_missing
5017,瓦路易吉,Waluigi,,Waluigi (phonetic character name),fill_missing
5018,库巴,Bowser,,Koopa (phonetic name for Bowser),fill_missing
5019,小库巴,Bowser Jr,,little Koopa,fill_missing
5020,大金刚,Donkey Kong,,great King Kong (Donkey Kong character name),fill_missing
5021,库巴兵,Koopa Troopa,,Koopa soldier,fill_missing
5022,栗宝宝,Goomba,,chestnut baby,fill_missing
5026,骨头库巴,Dry Bowser,,bone Koopa,fill_missing
5027,身份盗用,identity theft,,steal and use an identity,fill_missing
5028,个人信息,personal information,,personal information,fill_missing
5030,伪造证件,fake documents,,forge identification documents,fill_missing
5031,银行账户,bank account,,bank account,fill_missing
5032,诈骗电话,scam call,,scam call,fill_missing
5033,网络安全,cybersecurity,,network safety,fill_missing
5034,监控系统,monitoring system,,monitoring system,fill_missing
5036,双重验证,two factor authentication,,double verification,fill_missing
5038,假冒网站,fake website,,impersonating website,fill_missing
5039,密码管理器,password manager,,password manager,fill_missing
5040,冒充者,impostor,,one who impersonates,fill_missing
5041,沃尔玛,Walmart,,Walmart (phonetic brand name),fill_missing
5042,家乐福,Carrefour,,family joy and fortune (Carrefour brand name),fill_missing
5043,麦当劳,McDonald's,,McDonald's (phonetic brand name),fill_missing
5044,肯德基,KFC,,Kentucky (phonetic brand name for KFC),fill_missing
5045,赛百味,Subway,,surpass a hundred flavours (Subway brand name),fill_missing
5046,星巴克,Starbucks,,Starbucks (star plus phonetic 'bucks'),fill_missing
5047,必胜客,Pizza Hut,,certain-victory guest (Pizza Hut brand name),fill_missing
5049,棒约翰,Papa John's,,great John (Papa John's brand name),fill_missing
5050,达美乐,Domino's Pizza,,Domino's (phonetic brand name),fill_missing
5051,DQ,Dairy Queen,,Dairy Queen (English initials),fill_missing
5052,哈根达斯,Häagen-Dazs,,Haagen-Dazs (phonetic brand name),fill_missing
5053,瑞幸咖啡,Luckin Coffee,,auspicious-fortune coffee (Luckin),fill_missing
5054,COSTA咖啡,Costa Coffee,,Costa coffee,fill_missing
5055,喜茶,HeyTea,,joy tea,fill_missing
5056,奈雪的茶,Naixue's Tea,,Naixue's tea,fill_missing
5057,85度C,85°C Bakery,,eighty-five degrees Celsius,fill_missing
5059,7-11,7-Eleven,,seven-eleven,fill_missing
5060,罗森,Lawson,,Lawson (phonetic brand name),fill_missing
5061,屈臣氏,Watsons,,Watsons (phonetic brand name),fill_missing
5062,丝芙兰,Sephora,,Sephora (phonetic brand name),fill_missing
5063,优衣库,Uniqlo,,excellent-clothing storehouse (Uniqlo),fill_missing
5064,无印良品,Muji,,unbranded quality goods (Muji),fill_missing
5065,ZARA,ZARA,,ZARA (brand name),fill_missing
5066,H&M,H&M,,H&M (brand initials),fill_missing
5067,GAP,GAP,,GAP (brand name),fill_missing
5068,耐克,Nike,,Nike (phonetic brand name),fill_missing
5069,阿迪达斯,Adidas,,Adidas (phonetic brand name),fill_missing
5070,彪马,Puma,,Puma (phonetic brand name with 'horse'),fill_missing
5071,锐步,Reebok,,Reebok (phonetic brand name; 'sharp step'),fill_missing
5072,新百伦,New Balance,,New Balance (new plus phonetic element),fill_missing
5073,安德玛,Under Armour,,Under Armour (phonetic brand name),fill_missing
5074,华为,Huawei,,Chinese achievement (Huawei brand name),fill_missing
5076,宜家,IKEA,,suitable home (IKEA brand name),fill_missing
5077,迪卡侬,Decathlon,,Decathlon (phonetic brand name),fill_missing
5078,塔可钟,Taco Bell,,taco bell,fill_missing
5079,外婆家,Grandma’s Home,,maternal grandmother's home,fill_missing
5081,呷哺呷哺,Xiabu Xiabu,,shabu-shabu (phonetic brand name),fill_missing
5082,东来顺,Donglaishun,,east-coming smoothness (brand name),fill_missing
5083,杨国福,Yang Guofu Malatang,,Yang Guofu (personal/brand name),fill_missing
5084,张亮麻辣烫,Zhang Liang Malatang,,Zhang Liang numbing-hot soup,fill_missing
5086,西贝莜面村,Xibei Oat Noodle Village,,Xibei naked-oat-noodle village,fill_missing
5087,全聚德,Quanjude,,all gather virtue (brand name),fill_missing
5088,大董,Dadong,,big Dong (brand name),fill_missing
5089,巴奴火锅,Banu Hot Pot,,Banu hotpot (brand name),fill_missing
5090,德庄火锅,Dezhuang Hot Pot,,virtue manor hotpot,fill_missing
5091,呷尚坊,Xiashangfang,,sip-esteem workshop (brand name),fill_missing
5092,真功夫,Zhen Gongfu,,real kung fu,fill_missing
5093,永和大王,Yonghe King,,Yonghe great king,fill_missing
5094,大娘水饺,Daniang Dumplings,,auntie's water-boiled dumplings,fill_missing
5095,和合谷,Hehegu,,harmony-and-union valley,fill_missing
5096,庆丰包子铺,Qingfeng Steamed Buns,,celebrate-abundance steamed-bun shop,fill_missing
5098,茶颜悦色,Chayan Yuese;Changsha milk tea,,tea face and pleased expression (brand pun),fill_missing
5099,一点点,"Yidiandian (1 Diandian, a tea chain)",,a little bit,fill_missing
5100,CoCo都可,CoCo Tea,,"CoCo, all is possible",fill_missing
5101,书亦烧仙草,Shuyi Grass Jelly Tea,,Shuyi cooked immortal grass (grass-jelly brand),fill_missing
5102,古茗,Guming Tea,,ancient fine tea,fill_missing
5104,沪上阿姨,Auntie Shanghai,,Shanghai auntie,fill_missing
5105,益禾堂,Yihetang,,beneficial-grain hall,fill_missing
5106,蜜菓,Miguo,,honey fruit,fill_missing
5107,豪大大鸡排,Hot-Star Large Fried Chicken,,grand-big-big chicken cutlet,fill_missing
5108,正新鸡排,Zhengxin Chicken Steak,,Zhengxin chicken cutlet,fill_missing
5109,黄记煌,Huangjihuang,,Huang's brilliant brand (restaurant name),fill_missing
5110,绿茶餐厅,Green Tea Restaurant,,green-tea restaurant,fill_missing
5111,云海肴,Yunhaiyao,,cloud-sea dishes,fill_missing
5112,外婆味道,Grandma’s Flavor,,maternal grandmother's flavour,fill_missing
5113,湘鄂情,Xiang E Qing,,Hunan-Hubei affection,fill_missing
5114,乡村基,Countryside Base,,countryside base,fill_missing
5115,大米先生,Mr Rice,,Mr Rice,fill_missing
5116,霸王茶姬,CHAGEE,,overlord tea lady,fill_missing
5117,晚宴,dinner party,,evening banquet,fill_missing
5118,宾客,guest,,honoured guest,fill_missing
5121,气氛,atmosphere;mood,,atmosphere,fill_missing
5122,座位,seat (position),,sitting position,fill_missing
5123,礼仪,etiquette,,ritual etiquette,fill_missing
5126,饮料,beverage,,drinkable substance,fill_missing
5131,筷子,chopsticks,,chopsticks,fill_missing
5133,上座,seat of honor,,upper seat,fill_missing
5135,余兴节目,after-dinner entertainment,,additional-amusement programme,fill_missing
5138,合影,group photo,,joint photograph,fill_missing
5139,礼物,gift,,courtesy object,fill_missing
5142,标签,label;hashtag,,label slip,fill_missing
5143,谢谢你纠正我,thanks for correcting me,,thanks for correcting me,fill_missing
5144,耐心,patience,,enduring heart,fill_missing
5150,卫洗丽,bidet,,Washlet (brand/product name; 'hygiene-wash-beauty'),fill_missing
5153,前端工程师,front end engineer,,front-end engineer,fill_missing
5155,哦,oh;realization or response with mild tone,,oh (response sound),fill_missing
5156,喂,phone greeting,,hello; hey (calling sound),fill_missing
5157,哇,wow;amazement or strong emotion,,wow (exclamation),fill_missing
5158,啦,softens the sentence,,la (sentence-ending particle; no standalone literal meaning),fill_missing
5159,噢,oh;sudden understanding or realization,,oh (realization sound),fill_missing
5160,哇靠,whoa,,whoa; damn (exclamation),fill_missing
5161,呀,adds emphasis or surprise,,ya (emphatic particle; no standalone literal meaning),fill_missing
5162,呢,indicates continuation or bounces a question back,,ne (question or continuing-state particle),fill_missing
5163,吧,a suggestion or softens command,,ba (suggestion or softening particle),fill_missing
5164,哇塞,strong wow;surprise or excitement,,wow (exclamation),fill_missing
5165,啊,"enthusiasm, surprise, or confirmation;softens tone",,ah (exclamation or tone-softening particle),fill_missing
5166,嘿,hey;or to draw attention,,hey,fill_missing
5167,哈,ha;laughter,,ha (laughter),fill_missing
5168,嘛,obviousness or emphasizes tone,,ma (obviousness or emphasis particle),fill_missing
5169,唉,"sadness, regret, or frustration",,sigh; alas,fill_missing
5170,咯,finality or obviousness,,lo (finality or changed-state particle),fill_missing
5171,呃,uh;hesitation,,uh,fill_missing
5172,哎,"surprise, complaint, or calling out to someone",,hey; oh,fill_missing
5173,呦,surprise or affection;playful tone,,yo (surprised or affectionate exclamation),fill_missing
5174,嘻,giggle;cute or mischievous laughter,,hee (giggling sound),fill_missing
5175,哒哒哒,rat-a-tat; tap-tap-tap; clattering sound,,da-da-da (tapping or rattling sound),fill_missing
5176,咦,mild surprise or doubt,,huh? (surprised sound),fill_missing
5177,哟,"surprise, warning, or drawing attention",,yo (attention-getting sound),fill_missing
5178,哼,"hmph;Expresses annoyance, dissatisfaction, or pride",,hmph,fill_missing
5179,呗,"indicate ""of course"" or resignation.",,bei (matter-of-fact or resigned particle),fill_missing
5180,啧,"disapproval or amazement (like ""tsk"").",,tsk,fill_missing
5181,哧,sarcastic or dismissive laughter,,snort (dismissive laugh),fill_missing
5182,啰,Used to affirm something or indicate a change of situation.,,lo (affirming or changed-state particle),fill_missing
5183,啵,Softens tone; similar to 吧 but more casual and regional.,,bo (colloquial softening particle),fill_missing
5184,咻,swooshing sound; expresses surprise or speed.,,whoosh,fill_missing
5185,咕,coo; gurgle; rumble (onomatopoeia),,coo; gurgle,fill_missing
5186,哎哟,"pain, surprise, or complaint",,ow; oh!,fill_missing
5187,咳,Used to express slight annoyance or attract attention.,,ahem; cough,fill_missing
5188,哇喔,Expresses admiration or amazement (like “wow!”).,,wow,fill_missing
5189,哟呵,Used to express mocking surprise or provocation.,,oh-ho,fill_missing
5190,哇呀,Emphasized surprise or excitement.,,wow-ah,fill_missing
5191,噓,Used to tell someone to be quiet; can also express secrecy.,,shh,fill_missing
5192,咔,click; crack; snap (onomatopoeia),,click; crack,fill_missing
5193,嘞,Indicates change of situation or completion in some dialects.,,le (dialectal completion or change particle),fill_missing
5194,吶,Used to draw attention to what's being said (colloquial).,,na (attention-directing particle),fill_missing
5195,哩,Used in some southern dialects to express ongoing state or emphasis.,,li (dialectal state or emphasis particle),fill_missing
5196,唷,Used in Taiwanese or southern Mandarin to soften tone.,,yo (tone-softening particle),fill_missing
5197,咩,Imitates a sheep’s bleat; also used playfully in Hong Kong/Mandarin slang.,,baa,fill_missing
5198,哇咧,Colloquial exclamation expressing disbelief or complaint (Taiwan slang).,,wah-leh (Taiwanese colloquial exclamation),fill_missing
5207,插话,to interrupt (speaking);interruption,,insert speech,fill_missing
5208,客栈,inn,,guest inn,fill_missing
5214,今年上半年,first half of this year,,this year's upper half,fill_missing
5215,力所能及,do what one can,,as far as one's strength can reach,fill_missing
5217,射了,to shoot;cum,,have shot or ejaculated,fill_missing
5220,蔓越莓,cranberry,,cranberry (plant name),fill_missing
5222,你疯了吗,are you crazy?,,have you gone mad?,fill_missing
5224,转折点,turning point,,turn-and-bend point,fill_missing
5226,男人因性而爱 女人因爱而性,"men love because of sex, women have sex because of love",,men love because of sex; women have sex because of love,fill_missing
5228,异地婚姻,long-distance marriage,,different-place marriage,fill_missing
5230,隔音,sound insulation,,separate off sound,fill_missing
5234,闪婚闪离,marrying quickly and divorcing soon afterward,,"flash marriage, flash divorce",fill_missing
5235,那还用问吗,Is there any need to ask?,,does that still need asking?,fill_missing
5236,打鼾,to snore,,snore,fill_missing
5237,期望,expectations,,anticipate and hope,fill_missing
5241,淘宝,Taobao (online marketplace),,search for treasures,fill_missing
5244,饿了么,Ele.me (food-delivery service),,hungry yet?,fill_missing
5245,蝴蝶,butterfly,,butterfly,fill_missing
5247,行 (表格),row (spreadsheet),,row (in a table),fill_missing
5249,列,column (spreadsheet),,column,fill_missing
5250,哈啰,Hello (formerly Hellobike; shared-mobility service),,hello (phonetic greeting/brand name),fill_missing
5251,成就,achievement,,accomplish and achieve,fill_missing
5252,叮咚买菜,Dingdong Maicai (grocery-delivery service),,ding-dong buy vegetables,fill_missing
5253,截止时间,deadline,,cutoff time,fill_missing
5254,大众点评,Dianping (local business reviews and recommendations),,the masses comment and review,fill_missing
5255,京东,JD.com; Jingdong,,east of the capital (Jingdong),fill_missing
5261,抖音,Douyin (short-video platform),,shaking sound,fill_missing
5264,拼多多,Pinduoduo (online shopping platform),,group-buy more and more,fill_missing
5267,哔哩哔哩,Bilibili (video-sharing platform),,bili-bili (sound-based brand name),fill_missing
5268,知乎,Zhihu (question-and-answer platform),,do you know? (classical phrasing),fill_missing
5269,去哪儿,Qunar (travel booking platform),,where to go?,fill_missing
5272,基本上,basically,,on the basic level,fill_missing
5273,振动,vibration,,shake and move,fill_missing
5275,前景,prospects;outlook,,scene ahead,fill_missing
5278,替罪羊,scapegoat,,sheep that takes the blame,fill_missing
5281,世界那么大 我想去看看,"The world is so big, I want to see it",,"The world is so big, I want to see it",fill_missing
5282,佛系,very laid back,,Buddha-style,fill_missing
5283,怪我咯,blame me then;it's not my fault,,"blame me, then",fill_missing
5284,城里人真会玩儿,satirize someone for being too much;City people really know how to have fun,,city people really know how to play,fill_missing
5287,你懂的,you know,,you understand,fill_missing
5288,可不是吗,isn't it;agreed;right,,isn't that so?,fill_missing
5289,厉害了,awesome,,impressive indeed,fill_missing
5290,别怂了,Don't be a coward,,stop being cowardly,fill_missing
5291,别丧了,Don't be sad,,stop being dejected,fill_missing
5292,累觉不爱,too tired can't continue to love,,"tired, feel unable to love (compressed slang)",fill_missing
5300,歪果仁,foreigner,,crooked-fruit person (sound pun on 'foreigner'),fill_missing
5301,尊嘟假嘟,real or fake,,true-doo or false-doo (cute sound spelling),fill_missing
5303,边界感,sense of boundaries,,sense of boundaries,fill_missing
5306,靠谱,reliable,,stick to the score,fill_missing
5308,找茬,pick a fight,,look for faults,fill_missing
5309,山寨,counterfeit,,mountain stronghold,fill_missing
5310,兜圈子,beat around the bush,,go around in circles,fill_missing
5312,呀米呀米,yummy yummy,,yummy-yummy (phonetic loan),fill_missing
5315,追剧,to follow a TV series; to keep up with episodes,,chase a TV series,fill_missing
5316,正能量,positive energy,,positive energy,fill_missing
5317,负能量,negative energy,,negative energy,fill_missing
5319,左耳进右耳出,In one ear and out the other,,"enter the left ear, exit the right ear",fill_missing
5321,干嘛,what are you doing?,,do what?,fill_missing
5322,品检,quality control,,product inspection,fill_missing
5323,商标,trademark,,commercial mark,fill_missing
5324,猫,cat,,cat,fill_missing
5325,小猫,kitten,,little cat,fill_missing
5326,猫咪,kitty,,kitty,fill_missing
5330,罐头,canned food; a can of food,,canned food,fill_missing
5332,喵喵,meow,,meow-meow,fill_missing
5333,呼噜,to snore; to purr; snoring or purring sound,,purring or snoring sound,fill_missing
5334,尾巴,tail,,tail,fill_missing
5335,胡须,whiskers,,beard; whiskers,fill_missing
5336,爪子,paw,,claw; paw,fill_missing
5343,打疫苗,to get vaccinated,,receive a vaccine injection,fill_missing
5344,绝育,to sterilize;spay,,end reproductive ability,fill_missing
5346,猫咖,cat café,,cat cafe,fill_missing
5347,撸猫,to pet cats,,stroke a cat,fill_missing
5350,猫耳,cat ears,,cat ears,fill_missing
5354,舔毛,to groom,,lick the fur,fill_missing
5355,梳毛,to brush fur,,comb the fur,fill_missing
5356,猫叫,cat’s cry,,cat calls,fill_missing
5357,粘人,clingy,,stick to people,fill_missing
5360,猫零食,cat treats,,cat snacks,fill_missing
5363,舔爪子,lick paws,,lick paws,fill_missing
5364,蜷着,to curl up,,curled up,fill_missing
5365,蹭腿,to rub against legs,,to rub against legs,fill_missing
5366,翻肚皮,to roll over (show belly),,turn over the belly skin,fill_missing
5367,打哈欠,to yawn,,yawn,fill_missing
5368,"如果你可以选择世界上任何一个人共进晚餐, 你会选择谁？","Given the choice of anyone in the world, whom would you want as a dinner guest?",,"if you could choose any person in the world to eat dinner with, whom would you choose?",fill_missing
5369,你想出名吗？以什么方式？,Would you like to be famous? In what way?,,Would you like to be famous? In what way?,fill_missing
5370,"在打电话之前, 你会不会预演要说的话？为什么？","Before making a telephone call, do you ever rehearse what you are going to say? Why?",,"before making a phone call, will you rehearse the words you intend to say? why?",fill_missing
5371,"对你来说, 什么才算是“一天的完美”？",What would constitute a “perfect” day for you?,,"for you, what counts as the perfection of a day?",fill_missing
5372,你上次自己唱歌是什么时候？给别人唱呢？,When did you last sing to yourself? To someone else?,,When did you last sing to yourself? To someone else?,fill_missing
5373,"如果你能活到九十岁, 并在最后六十年里保留三十岁的心智或身体",If you could live to ninety and retain either the mind or the body of a thirty-year-old for the last sixty years of your life…,,If you could live to ninety and retain either the mind or the body of a thirty-year-old for the last sixty years of your life…,fill_missing
5374,你有没有预感自己会怎样死去？,Do you have a secret hunch about how you will die?,,do you have a premonition of how you will die?,fill_missing
5375,说出三件你和你的伴侣看起来有共同点的事情。,Name three things you and your partner appear to have in common.,,Name three things you and your partner appear to have in common.,fill_missing
5376,"在你的人生中, 你最感激的是什么？",For what in your life do you feel most grateful?,,For what in your life do you feel most grateful?,fill_missing
5377,"如果你能改变你成长过程中的任何一点, 你会改变什么？","If you could change anything about the way you were raised, what would it be?",,"if you could change any point in your growing-up process, what would you change?",fill_missing
5378,用四分钟尽可能详细地讲述你的人生故事。,Take four minutes and tell your partner your life story in as much detail as possible.,,use four minutes to tell your life story in as much detail as possible,fill_missing
5379,"如果明天醒来时, 你能获得一种新的品质或能力, 那会是什么？","If you could wake up tomorrow having gained any one quality or ability, what would it be?",,"If you could wake up tomorrow having gained any one quality or ability, what would it be?",fill_missing
5380,"如果水晶球能告诉你关于自己, 生活, 未来或其他任何事情的真相, 你最想知道什么？","If a crystal ball could tell you the truth about yourself, your life, the future or anything else, what would you want to know?",,"If a crystal ball could tell you the truth about yourself, your life, the future or anything else, what would you want to know?",fill_missing
5381,有没有什么事是你一直梦想去做的？为什么还没做？,Is there something that you’ve dreamed of doing for a long time? Why haven’t you done it?,,Is there something that you’ve dreamed of doing for a long time? Why haven’t you done it?,fill_missing
5382,你一生中最伟大的成就是什么？,What is the greatest accomplishment of your life?,,What is the greatest accomplishment of your life?,fill_missing
5383,你在友谊中最看重的是什么？,What do you value most in a friendship?,,What do you value most in a friendship?,fill_missing
5384,你最珍惜的记忆是什么？,What is your most treasured memory?,,What is your most treasured memory?,fill_missing
5385,你最痛苦的记忆是什么？,What is your most terrible memory?,,what is your most painful memory?,fill_missing
5386,"如果你知道自己一年后会突然死去, 你会改变现在的生活方式吗？为什么？","If you knew that in one year you would die suddenly, would you change anything about the way you are now living? Why?",,"If you knew that in one year you would die suddenly, would you change anything about the way you are now living? Why?",fill_missing
5387,友谊对你来说意味着什么？,What does friendship mean to you?,,What does friendship mean to you?,fill_missing
5388,爱情和感情在你的生活中扮演什么角色？,What roles do love and affection play in your life?,,What roles do love and affection play in your life?,fill_missing
5389,"轮流说出你认为伴侣的一个优点, 总共说五个。",Alternate sharing something you consider a positive characteristic of your partner. Share a total of five items.,,Alternate sharing something you consider a positive characteristic of your partner. Share a total of five items.,fill_missing
5390,你的家庭亲密又温暖吗？你觉得你的童年比大多数人更快乐吗？,How close and warm is your family? Do you feel your childhood was happier than most other people’s?,,is your family close and warm? do you think your childhood was happier than most people's?,fill_missing
5391,你对你和母亲的关系有什么感觉？,How do you feel about your relationship with your mother?,,How do you feel about your relationship with your mother?,fill_missing
5392,"每个人各说三个真实的“我们”句子。例如：“我们都在这个房间里, 感觉……”","Make three true “we” statements each. For instance, “We are both in this room feeling ...”",,"Make three true “we” statements each. For instance, “We are both in this room feeling ...”",fill_missing
5393,完成这个句子：“我希望我有一个可以一起分享……的人。”,Complete this sentence: “I wish I had someone with whom I could share ... “,,Complete this sentence: “I wish I had someone with whom I could share ... “,fill_missing
5394,"如果你要和伴侣成为亲密朋友, 请分享让对方了解你的一件重要事情。","If you were going to become a close friend with your partner, please share what would be important for him or her to know.",,"if you are to become close friends with your partner, share one important thing that lets them understand you",fill_missing
5395,"告诉你的伴侣你喜欢他或她的哪些方面；这次请非常真诚, 说出平时不会对刚认识的人说的话。","Tell your partner what you like about them; be very honest this time, saying things that you might not say to someone you’ve just met.",,"Tell your partner what you like about them; be very honest this time, saying things that you might not say to someone you’ve just met.",fill_missing
5396,和伴侣分享一件让你尴尬的事情。,Share with your partner an embarrassing moment in your life.,,share with your partner something that makes you feel embarrassed,fill_missing
5397,你上次在别人面前哭是什么时候？自己一个人哭呢？,When did you last cry in front of another person? By yourself?,,When did you last cry in front of another person? By yourself?,fill_missing
5398,告诉你的伴侣一件你已经喜欢上他们的事情。,Tell your partner something that you like about them already.,,tell your partner one thing about them that you have already come to like,fill_missing
5399,有没有什么事情是太严肃而不能开玩笑的？,"What, if anything, is too serious to be joked about?",,"What, if anything, is too serious to be joked about?",fill_missing
5400,"如果你今晚去世, 无法再与任何人沟通, 你最会后悔没告诉谁什么？为什么还没告诉？","If you were to die this evening with no opportunity to communicate with anyone, what would you most regret not having told someone? Why haven’t you told them yet?",,"if you leave the world tonight and cannot communicate with anyone again, what would you most regret not telling whom? why have you not told them yet?",fill_missing
5401,"如果你的房子着火了, 里面的东西都要烧毁, 救出亲人和宠物后, 你还有时间再救出一件物品, 你会救什么？为什么？","Your house, containing everything you own, catches fire. After saving your loved ones and pets, you have time to safely make a final dash to save any one item. What would it be? Why?",,"if your house catches fire and everything inside will burn, after rescuing family and pets you have time to rescue one more item; what would you rescue, and why?",fill_missing
5402,"在你家人中, 谁的去世对你来说最难接受？为什么？","Of all the people in your family, whose death would you find most disturbing? Why?",,"among your family members, whose death would be hardest for you to accept? why?",fill_missing
5403,"分享一个你个人的问题, 请你的伴侣给出建议, 并让他们说说他们认为你对这个问题的感受。","Share a personal problem and ask your partner’s advice on how he or she might handle it. Also, ask your partner to reflect back to you how you seem to be feeling about the problem you have chosen.",,"share a personal problem, ask your partner for advice, and ask them to say how they think you feel about it",fill_missing
5404,脚趾抠地,dig your toes into the ground;very cringe,,toes dig into the ground,fill_missing
5405,开悟,to be enlightened,,open into understanding,fill_missing
5407,太逗了,so funny;ridiculous in a good way,,very amusing,fill_missing
5408,"你的钱在哪儿, 你的爱在哪儿","Where your money is, there your love is.",,"Where your money is, there your love is.",fill_missing
5409,你的时间在哪儿，你的成就就在哪儿,"Where your time goes, your success follows.",,"where your time is, there your achievements are",fill_missing
5410,你的注意力在哪儿，你的人生就在哪儿,"Where your attention goes, that’s where your life is.",,"where your attention is, there your life is",fill_missing
5411,你的心在哪儿，你的家就在哪儿,"Where your heart is, there your home is.",,"Where your heart is, there your home is.",fill_missing
5412,钱花在哪儿，爱就在哪儿,"Where you spend your money, that’s where your love is.",,"Where you spend your money, that’s where your love is.",fill_missing
5413,习近平,Xi Jinping,,Xi Jinping (personal name),fill_missing
5414,特朗普,Trump,,Trump (phonetic personal name),fill_missing
5415,普京,Putin,,Putin (phonetic personal name),fill_missing
5416,马云,Jack Ma,,Ma Yun (personal name; Jack Ma),fill_missing
5417,马化腾,Pony Ma,,Ma Huateng (personal name; Pony Ma),fill_missing
5418,周杰伦,Jay Chou,,Zhou Jielun (personal name; Jay Chou),fill_missing
5419,成龙,Jackie Chan,,become a dragon (Jackie Chan's stage name),fill_missing
5420,李连杰,Jet Li,,Li Lianjie (personal name; Jet Li),fill_missing
5421,刘德华,Andy Lau,,Liu Dehua (personal name; Andy Lau),fill_missing
5422,王力宏,Leehom Wang,,Wang Lihong (personal name; Leehom Wang),fill_missing
5423,毛泽东,Mao Zedong,,Mao Zedong (personal name),fill_missing
5424,邓小平,Deng Xiaoping,,Deng Xiaoping (personal name),fill_missing
5425,马斯克,Elon Musk,,Musk (phonetic surname),fill_missing
5426,霉霉,Taylor Swift,,mould-mould (Taylor Swift's punning nickname),fill_missing
5427,詹姆斯,James; LeBron James (in basketball contexts),,James (phonetic personal name),fill_missing
5428,科比,Kobe Bryant,,Kobe (phonetic personal name),fill_missing
5429,姚明,Yao Ming,,Yao Ming (personal name),fill_missing
5430,斯蒂芬·库里,Steph Curry,,Stephen Curry (phonetic personal name),fill_missing
5431,重启,to restart; to reboot,reopen,start up again,refine_existing_in_new_column
5432,南京红姐,Nanjing Red Sister,,Nanjing elder sister Hong (red),fill_missing
5437,什么东西,what; what thing; what the heck (depending on tone),,what thing?,fill_missing
5440,已订婚,engaged,,already betrothed,fill_missing
5441,订婚,to get engaged,,arrange a marriage engagement,fill_missing
5445,逻辑,logic,,logic (phonetic loanword),fill_missing
5448,荷尔蒙,hormone,,hormone (phonetic loanword),fill_missing
5449,关了灯，都一个样,"When you turn off the lights, everyone looks the same",,"after turning off the light, all are one appearance",fill_missing
5454,所谓,so-called,,that which is called,fill_missing
5456,拉美,Latin America,,Latin America (abbreviation),fill_missing
5458,"一人一诊,他人就诊时请勿入内",One person per consultation; please do not enter when others are seeing the doctor,,One person per consultation; please do not enter when others are seeing the doctor,fill_missing
5459,"当日回诊及过号者,请重新签到",Those returning the same day or who missed their number please sign in again,,Those returning the same day or who missed their number please sign in again,fill_missing
5460,请以下患者到窗口排队取药,Please have the following patients line up at the window to get their medicine,,Please have the following patients line up at the window to get their medicine,fill_missing
5461,签到区域错误,Sign-in area error,,incorrect check-in area,fill_missing
5462,免疫系统,immune system,,immunity system,fill_missing
5463,喉咙,throat,,throat,fill_missing
5464,诊室,consulting room,,examination room,fill_missing
5465,就诊,see a doctor,,go for medical examination,fill_missing
5466,患者,patient,,one who suffers illness,fill_missing
5468,请到,please go to,,please go to,fill_missing
5469,总索引,directory;general index,,general search index,fill_missing
5471,消毒供应中心,Central sterile supply department,,disinfection supply centre,fill_missing
5472,药房,pharmacy,,medicine room,fill_missing
5473,生殖医学,reproductive medicine,,reproduction medicine,fill_missing
5474,儿科,pediatrics,,children's department,fill_missing
5475,母婴室,baby care room,,mother-and-infant room,fill_missing
5476,妇产科,obstetrics and gynecology;OBGYN,,women-and-childbirth department,fill_missing
5477,肾脏病学,nephrology;kidney medicine,,study of kidney disease,fill_missing
5478,泌尿科,urology,,urinary-secretion department,fill_missing
5480,甲状腺,thyroid,,shield-shaped gland,fill_missing
5482,整形外科,plastic surgery department,,shape-correcting surgery department,fill_missing
5483,肝胆胰外科,hepatobiliary and pancreatic surgery department,,"liver, gallbladder and pancreas surgery department",fill_missing
5487,消化内科,gastroenterology,,digestion internal-medicine department,fill_missing
5492,牙科,dentistry,,tooth department,fill_missing
5493,口腔科,stomatology,,mouth-cavity department,fill_missing
5494,耳鼻喉科,otorhinolaryngology;ENT,,"ear, nose and throat department",fill_missing
5495,病理,pathology,,principles of disease,fill_missing
5496,内镜,endoscopy,,internal viewing scope,fill_missing
5497,手术室,operating room,,surgery room,fill_missing
5498,肝病门诊,liver disease clinic,,liver-disease outpatient clinic,fill_missing
5499,康复治疗,rehabilitation therapy,,health-restoration treatment,fill_missing
5500,中医科,traditional Chinese medicine department,,Chinese-medicine department,fill_missing
5501,静脉置管护理门诊,intravenous catheter care clinic,,vein-catheter-placement nursing outpatient clinic,fill_missing
5502,伤口造口护理门诊,wound and stoma care clinic,,wound-and-created-opening nursing outpatient clinic,fill_missing
5503,皮肤科,dermatology,,skin department,fill_missing
5505,康复,rehabilitation,,restore health,fill_missing
5506,核医学科,nuclear medicine,,nuclear-medicine department,fill_missing
5507,疼痛科,pain management department,,pain department,fill_missing
5508,风湿免疫科,rheumatology and immunology department,,rheumatism-and-immunity department,fill_missing
5509,放疗科,radiotherapy;radiation oncology,,radiation-treatment department,fill_missing
5510,全科医学科,general practice department,,general-medicine department,fill_missing
5514,普胸外科,thoracic surgery,,general chest-surgery department,fill_missing
5517,普内科,general internal medicine,,general internal-medicine department,fill_missing
5520,神经内科,neurology department,,nerve internal-medicine department,fill_missing
5521,神经外科,neurosurgery department,,nerve surgery department,fill_missing
5522,神经心理评估,neuropsychological assessment,,nerve-and-mind evaluation,fill_missing
5524,超声波,ultrasound,,beyond-sound waves,fill_missing
5525,肺功,pulmonary function; lung-function testing (abbreviation),,lung function (abbreviation),fill_missing
5526,肌电图,electromyography;EMG,,muscle-electricity chart,fill_missing
5527,脑电图,electroencephalogram;EEG,,brain-electricity chart,fill_missing
5528,检验科,laboratory department,,testing department,fill_missing
5529,挂号收费处,registration and payment counter,,registration and fee-collection place,fill_missing
5531,发热门诊,fever clinic,,fever outpatient clinic,fill_missing
5532,服务台,service desk,,service platform,fill_missing
5533,门诊结算,outpatient billing,,outpatient account settlement,fill_missing
5534,医患沟通中心,doctor-patient communication center,,doctor-patient communication centre,fill_missing
5535,综合,comprehensive,,combine comprehensively,fill_missing
5536,入院服务中心,hospital admission service center,,hospital-entry service centre,fill_missing
5538,辐射,radiation;to radiate,,radiate outward,fill_missing
5539,放射,to radiate,,emit rays,fill_missing
5540,门诊手术室,outpatient surgery room,,outpatient surgery room,fill_missing
5541,医务社工部,medical social work department,,medical-affairs social-work department,fill_missing
5542,放疗中心,radiotherapy center,,radiation-treatment centre,fill_missing
5544,注射,injection,,inject,fill_missing
5545,换药室,dressing change room,,medicine-or-dressing-changing room,fill_missing
5547,平角裤,boxer briefs,,flat-corner underpants,fill_missing
5548,三角裤,briefs,,triangular underpants,fill_missing
5549,平角短裤,boxer shorts,,flat-corner short pants,fill_missing
5550,趋势,trend,,direction of development,fill_missing
5552,战略,strategy,,war strategy,fill_missing
5554,小伙子,young man,,young fellow,fill_missing
5555,引号,quotation mark,,quotation mark,fill_missing
5559,惊叹号,exclamation mark,,surprised-exclamation mark,fill_missing
5560,括号,parentheses,,enclosing marks,fill_missing
5561,顿号,enumeration comma (、),,pause mark,fill_missing
5564,收藏,to collect;mark (on map),,gather and store,fill_missing
5567,解读,interpretation;to interpret,,explain a reading,fill_missing
5568,论点,argument;thesis,,point of argument,fill_missing
5569,待办事项清单,to-do list,,list of matters awaiting handling,fill_missing
5570,依靠,rely on,,lean upon,fill_missing
5571,直觉,intuition,,direct perception,fill_missing
5572,漏洞,vulnerability;loophole,,leaking hole,fill_missing
5575,盟友,ally,,alliance friend,fill_missing
5576,明知,knowingly,,know clearly,fill_missing
5577,谣言,rumor,,rumoured words,fill_missing
5579,来都来了,since you're here anyway,,"having already come, one has come",fill_missing
5580,警示,warning,,warn and indicate,fill_missing
5581,警惕,to be alert;vigilant,,alert and watchful,fill_missing
5582,创伤,trauma,,wound injury,fill_missing
5584,合身,to fit;suit well,,fit the body,fill_missing
5585,看完,to finish watching,,watch to completion,fill_missing
5586,用完,to use up,,use to completion,fill_missing
5587,翻译成,to translate into,,translate into,fill_missing
5588,变成,to turn into,,change into,fill_missing
5589,做成,to make into;successfully complete,,make successfully into,fill_missing
5590,去成,to manage to go,,succeed in going,fill_missing
5591,看见,to catch sight of,,look and see,fill_missing
5592,闻见,to notice a smell,,smell and perceive,fill_missing
5593,走到,to walk to,,walk to,fill_missing
5594,骑到,to ride to,,ride to,fill_missing
5595,听到,to hear,,hear successfully,fill_missing
5596,看到,to see,,see successfully,fill_missing
5597,找到,to have found,,search and find,fill_missing
5598,学到,to have learned,,learn and acquire,fill_missing
5599,买到,to manage to buy,,succeed in buying,fill_missing
5600,睡着,to fall asleep,,fall asleep,fill_missing
5602,看懂,to understand by looking,,look and understand,fill_missing
5603,接住,to catch something thrown,,catch and hold,fill_missing
5604,拿住,to hold firmly,,grasp and hold,fill_missing
5605,挡住,to block,,block and hold back,fill_missing
5606,站住,to hold one's ground;stop walking,,stand still,fill_missing
5607,扔掉,to throw away,,throw away,fill_missing
5608,脱掉,to take off (clothes),,strip off,fill_missing
5609,烧掉,to burn,,burn away,fill_missing
5610,跑掉,to run away,,run away,fill_missing
5611,学会,to have learned,,learn to be able,fill_missing
5612,打开,to open,,open up,fill_missing
5613,拉开,to pull open,,pull open,fill_missing
5614,分开,to separate,,divide apart,fill_missing
5615,拿走,to take away,,take away,fill_missing
5616,偷走,to steal away,,steal away,fill_missing
5619,吃惯,to be used to eating,,eat until accustomed,fill_missing
5620,住惯,to be used to living,,live somewhere until accustomed,fill_missing
5621,用惯,to be used to using,,use until accustomed,fill_missing
5622,睡醒,to wake up,,sleep and wake,fill_missing
5623,吵醒,to wake somebody up with noise,,rouse with noise,fill_missing
5624,吓死,frighten to death,,frighten to death,fill_missing
5625,忙死,extremely busy,,busy to death,fill_missing
5627,累死,deathly tired,,tired to death,fill_missing
5628,猜对,to guess correctly,,to guess correctly,fill_missing
5629,说对,to say correctly,,to say correctly,fill_missing
5630,读对,to pronounce correctly,,read correctly,fill_missing
5631,说错,to misspeak,,say wrongly,fill_missing
5632,打错,to mistype;dial wrong,,type or dial wrongly,fill_missing
5633,准备好,to be ready,,prepare well,fill_missing
5634,做好,to do well;finish;complete,,do well or to completion,fill_missing
5635,坐好,to sit properly,,to sit properly,fill_missing
5637,睡够,to get enough sleep,,to get enough sleep,fill_missing
5638,存够,to save enough money,,save until enough,fill_missing
5639,弄坏,to break something,,make broken,fill_missing
5640,摔坏,to break by falling,,fall or drop and break,fill_missing
5641,走累,to get tired from walking,,walk until tired,fill_missing
5642,跑累,to get tired from running,,run until tired,fill_missing
5643,弄脏,to make dirty,,to make dirty,fill_missing
5644,穿脏,to get dirty from wearing,,wear until dirty,fill_missing
5645,吃胖,to gain weight from eating,,eat until fat,fill_missing
5646,长胖,to put on weight,,grow fat,fill_missing
5647,装满,to fill up a container,,load until full,fill_missing
5648,倒满,to pour until full,,to pour until full,fill_missing
5649,长大,to grow up,,grow big,fill_missing
5650,放大,to enlarge,,make bigger,fill_missing
5651,洗干净,to wash clean,,to wash clean,fill_missing
5652,擦干净,to wipe clean,,to wipe clean,fill_missing
5653,听清楚,to hear clearly,,to hear clearly,fill_missing
5654,解释清楚,to explain clearly,,to explain clearly,fill_missing
5655,看不清楚,unable to see clearly,,unable to see clearly,fill_missing
5656,三角恋情,love triangle,,three-corner love relationship,fill_missing
5662,受不了的,unbearable,,cannot be endured,fill_missing
5665,天妇罗,tempura,,tempura (phonetic food name),fill_missing
5669,原住民,indigenous people; Indigenous peoples,,original inhabitants,fill_missing
5670,山地人,mountain people,,mountain-land people,fill_missing
5671,平地人,lowland people,,flat-land people,fill_missing
5672,接触,to contact;touch,,come into contact and touch,fill_missing
5673,发霉,to get moldy,,develop mould,fill_missing
5675,发生了什么,what happened,,what has happened?,fill_missing
5676,北欧,Northern Europe,,north Europe,fill_missing
5677,阶段,stage;phase,,stage and section,fill_missing
5680,银联,UnionPay,,bank union,fill_missing
5685,非凡,extraordinary,,not ordinary,fill_missing
5686,顾客是上帝,the customer is God,,the customer is the highest god,fill_missing
5687,加密货币,cryptocurrency,,encrypted currency,fill_missing
5689,罪恶,evil; wrongdoing; sin; crime,,crime and evil,fill_missing
5690,天生劳碌命,born to work hard,,born with a fate of toil,fill_missing
5691,超过,exceed,,surpass and pass beyond,fill_missing
5692,成就感,sense of accomplishment,,feeling of accomplishment,fill_missing
5694,聊到我,talking about me,,talk about me,fill_missing
5695,反正,anyway,,in any case,fill_missing
5696,编辑,edit,,compile and edit,fill_missing
5698,新冠,COVID-19,,novel coronavirus (abbreviated term),fill_missing
5699,解锁,to unlock,,undo the lock,fill_missing
5700,里程碑,milestone,,distance-marking stone tablet,fill_missing
5702,人生百态,various aspects of life,,a hundred forms of human life,fill_missing
5703,我想提高我的中文,I want to improve my Chinese,,I want to improve my Chinese,fill_missing
5704,洋女婿,foreign son-in-law,,foreign son-in-law,fill_missing
5708,工地,construction site,,work site,fill_missing
5709,结肠镜,colonoscope; colonoscopy (in examination contexts),,colon viewing scope,fill_missing
5710,带动,to drive;spur,,lead into motion,fill_missing
5716,冷暖自知,only you know your situation,,"cold or warm, one knows for oneself",fill_missing
5724,段子,joke;sketch,,short piece or sketch,fill_missing
5726,垄断,monopoly,,monopolize,fill_missing
5727,竞争,compete;competition,,contend and compete,fill_missing
5729,罚款,fine;penalty,,punishment payment,fill_missing
5731,泡泡玛特,Pop Mart,,Pop Mart (phonetic brand name with 'bubble-bubble'),fill_missing
5732,拉布布,Labubu,,Labubu (phonetic character name),fill_missing
5733,冷清,deserted,,cold and quiet,fill_missing
5735,拥抱,embrace,,hold in the arms,fill_missing
5736,依偎,snuggle,,lean against and nestle,fill_missing
5737,搂抱,cuddle,,hold and embrace,fill_missing
5738,语言,language,,speech and language,fill_missing
5740,地域,region;area,,land area,fill_missing
5741,侦探,detective,,investigate and probe,fill_missing
5743,冥想,meditation,,contemplate deeply,fill_missing
5745,纸,paper,,paper,fill_missing
5747,戒指,a ring,,finger ring,fill_missing
5750,隧道,tunnel,,tunnel passage,fill_missing
5752,扇子,fan,,fan,fill_missing
5754,垃圾,trash,,rubbish,fill_missing
5757,大雁,wild goose,,wild goose,fill_missing
5759,秤,balance scale,,balance scale,fill_missing
5761,游泳,swim,,swim,fill_missing
5762,鲸,whale,,whale,fill_missing
5763,节奏,rhythm,,measured beat,fill_missing
5764,诅咒,curse,,curse,fill_missing
5766,丑八怪,ugly person,,ugly monster,fill_missing
5767,堂吉柯德,Don Quixote,,Don Quixote (phonetic character name),fill_missing
5768,病变,lesion,,pathological change,fill_missing
5769,大不列颠,Great Britain,,Great Britain (great plus phonetic name),fill_missing
5770,房间,room,,room space,fill_missing
5771,矬子,short person;dwarf,,short person (derogatory),fill_missing
5772,笔,pen,,pen,fill_missing
5773,露,dew,,dew,fill_missing
5774,万年历,perpetual calendar,,ten-thousand-year calendar,fill_missing
5775,啤酒,beer,,beer alcoholic drink (phonetic 'beer' plus 'alcohol'),fill_missing
5776,床,bed,,bed,fill_missing
5778,作文,composition;write an essay,,compose writing,fill_missing
5779,酒吧,bar,,alcohol bar,fill_missing
5780,孩子,child,,child,fill_missing
5781,蚂蚱,grasshopper,,grasshopper,fill_missing
5783,纺织,textile,,spin and weave,fill_missing
5787,讽刺,satire;sarcasm,,mock and sting,fill_missing
5788,缝隙,crack,,seam gap,fill_missing
5790,袜子,socks,,socks,fill_missing
5791,熊,bear,,bear,fill_missing
5792,和尚,monk,,Buddhist monk (historical loanword),fill_missing
5793,椅子,chair,,chair,fill_missing
5794,彩虹,rainbow,,coloured rainbow,fill_missing
5795,剑,sword,,sword,fill_missing
5796,比赛,competition;match,,compare in competition,fill_missing
5799,笼子,cage,,cage,fill_missing
5800,文章,article,,written composition,fill_missing
5801,盖,lid;cover,,lid;cover,fill_missing
5802,厨房,kitchen,,cooking room,fill_missing
5803,可可,cocoa,,cocoa (phonetic loanword),fill_missing
5804,凳子,stool,,stool,fill_missing
5809,美少女战士,Sailor Moon,,beautiful young-girl warrior,fill_missing
5811,砚台,inkstone,,inkstone stand,fill_missing
5812,韭菜,Chinese chives; garlic chives,,chive vegetable,fill_missing
5813,太子妃,crown princess,,crown prince's consort,fill_missing
5814,脑,brain,,brain,fill_missing
5815,信仰,firm belief,,believe and revere,fill_missing
5817,馍,flatbread;small steamed bread,,steamed or baked wheat bread,fill_missing
5818,自拍杆,selfie stick,,self-photographing pole,fill_missing
5820,高粱,sorghum,,sorghum,fill_missing
5822,灰,ash,,ash,fill_missing
5823,云,cloud,,cloud,fill_missing
5824,生命,a life,,living existence,fill_missing
5825,泳池,swimming pool,,swimming pool,fill_missing
5826,飞,to fly,,to fly,fill_missing
5828,错误,error,,mistake and error,fill_missing
5829,私奔,elope,,run away privately,fill_missing
5830,箫,Chinese bamboo flute,,vertical bamboo flute,fill_missing
5832,礼品,gift,,courtesy item,fill_missing
5834,钢琴,piano,,steel-stringed keyboard instrument,fill_missing
5838,激情,passion,,intense feeling,fill_missing
5839,沙子,sand,,sand,fill_missing
5840,勇气,courage,,brave spirit,fill_missing
5841,奥特曼,Ultraman,,Ultraman (phonetic character name),fill_missing
5842,水,water,,water,fill_missing
5843,衬衫,shirt,,shirt,fill_missing
5844,舟,boat,,boat,fill_missing
5845,配方,recipe,,blending formula,fill_missing
5846,烟,smoke,,smoke,fill_missing
5848,牛,cow,,bovine; cow,fill_missing
5849,噪音,noise;rumble,,noisy sound,fill_missing
5850,结,knot,,knot,fill_missing
5852,仙,immortal;transcendent,,immortal being,fill_missing
5854,整容,plastic surgery,,rearrange the appearance,fill_missing
5855,砖,brick,,brick,fill_missing
5857,屁,fart,,fart,fill_missing
5858,夕阳,sunset,,evening sun,fill_missing
5859,小明,Xiao Ming (simple name),,little Ming (personal name),fill_missing
5860,妾,concubine,,concubine,fill_missing
5864,掌柜,shopkeeper,,manage the counter,fill_missing
5869,伞,umbrella,,umbrella,fill_missing
5870,情况,situation,,circumstances and conditions,fill_missing
5871,雨,rain,,rain,fill_missing
5873,招牌,signboard; shop sign; signature specialty,,attracting-customer signboard,fill_missing
5875,大气层,atmosphere,,great-air layer,fill_missing
5876,加菲猫,Garfield,,Garfield cat (phonetic name plus 'cat'),fill_missing
5877,标志,sign,,identifying mark,fill_missing
5878,天空,sky,,heaven's expanse,fill_missing
5879,水杯,water cup,,water cup,fill_missing
5880,街道,street,,street way,fill_missing
5882,钟,clock,,clock,fill_missing
5883,袋子,bag,,bag,fill_missing
5885,鸭子,duck,,duck,fill_missing
5889,法师,mage,,master of methods or religious law,fill_missing
5890,炮弹,artillery shell,,cannon projectile,fill_missing
5891,糖,sugar,,sugar,fill_missing
5892,发型,hairstyle,,hair shape,fill_missing
5893,梧桐树,Chinese parasol tree,,Chinese parasol tree,fill_missing
5894,传单,flyer;pamphlet,,circulated sheet,fill_missing
5895,港币,Hong Kong dollar,,Hong Kong currency,fill_missing
5897,维纳斯,Venus,,Venus (phonetic name),fill_missing
5899,枣,date (fruit),,date (fruit),fill_missing
5902,目录,table of contents,,listing of headings,fill_missing
5904,梦,dream,,dream,fill_missing
5908,锣,gong,,gong,fill_missing
5910,囧,embarrassed,,bright (older meaning); embarrassed face (modern visual slang),fill_missing
5911,菩提,bodhi; Buddhist awakening or enlightenment; bodhi beads (in jewelry contexts),,bodhi (Sanskrit loan: awakening),fill_missing
5912,树,tree,,tree,fill_missing
5913,兔子,rabbit,,rabbit,fill_missing
5915,瓶,bottle,,bottle,fill_missing
5917,网,net,,net,fill_missing
5918,墨迹,ink mark,,ink traces,fill_missing
5919,坑,pit,,pit,fill_missing
5920,队长,team captain,,team chief,fill_missing
5921,螳螂,praying mantis,,praying mantis,fill_missing
5922,醉,drunk,,drunk,fill_missing
5923,匪徒,bandit;gangster,,bandit person,fill_missing
5924,遥控器,remote control,,distant-control device,fill_missing
5925,僵尸,zombie,,stiff corpse,fill_missing
5926,狗,dog,,dog,fill_missing
5927,球,ball,,ball,fill_missing
5928,数字,numeral,,number characters,fill_missing
5929,头,head,,head,fill_missing
5930,发动机,engine,,power-generating machine,fill_missing
5932,裸体,nude,,naked body,fill_missing
5933,鼻涕,snot,,nasal mucus,fill_missing
5934,舌头,tongue,,tongue,fill_missing
5935,脸,face,,face,fill_missing
5936,英文,English,,English language or writing,fill_missing
5937,杠杆,lever;financial leverage,,lever rod,fill_missing
5938,盒,box,,box,fill_missing
5939,硫酸,sulfuric acid,,sulfur acid,fill_missing
5940,钙,calcium,,calcium,fill_missing
5941,旗袍,cheongsam;Chinese dress,,banner robe,fill_missing
5944,瓢,ladle made from dried gourd,,gourd ladle,fill_missing
5946,便当,bento box,,bento (Japanese-derived food term),fill_missing
5948,香蕉,banana,,banana,fill_missing
5950,邻居,neighbor,,neighbouring resident,fill_missing
5951,胶带,adhesive tape,,glue strip,fill_missing
5952,阿胶,donkey-hide gelatin,,Ejiao gelatin (place-name-based product),fill_missing
5954,工具,tool,,work implement,fill_missing
5956,刺,thorn;to stab,,thorn;to stab,fill_missing
5957,黄飞鸿,Wong Fei-hung (martial artist),,Huang Feihong (personal name; Wong Fei-hung),fill_missing
5958,盾,shield,,shield,fill_missing
5960,苹果,apple,,apple,fill_missing
5961,根,root,,root,fill_missing
5962,白色,white,,white colour,fill_missing
5963,外遇,extramarital affair,,outside encounter,fill_missing
5964,便秘,constipated,,blocked bowel movement,fill_missing
5966,现状,status quo;current situation,,present state,fill_missing
5967,理财,financial management,,manage wealth,fill_missing
5970,宿醉,hangover,,overnight drunkenness,fill_missing
5971,模糊,vague;blurry,,indistinct and blurry,fill_missing
5972,污渍,stain,,dirty stain,fill_missing
5973,休战,truce,,rest from war,fill_missing
5974,停战,armistice;truce;ceasefire,,stop fighting,fill_missing
5976,承诺,promise,,undertake a promise,fill_missing
5977,营销,marketing,,manage sales,fill_missing
5979,毕竟,after all,,after all,fill_missing
5980,李雷和韩梅梅,Li Lei and Han Meimei (textbook couple),,Li Lei and Han Meimei (personal names),fill_missing
5981,乱七八糟,messy,,disorderly seven-eight mess,fill_missing
5982,珠宝,jewelry,,pearls and treasures,fill_missing
5984,说白了,to put it bluntly,,put it plainly,fill_missing
5986,难民,refugee,,people in distress,fill_missing
5988,非诚勿扰,serious inquiries only,,"if not sincere, do not disturb",fill_missing
5993,同居,live together (unmarried),,reside together,fill_missing
5995,没戏,no chance,,no show to be had,fill_missing
5997,主要,mainly,,main and essential,fill_missing
5998,俚语,slang,,vernacular expression,fill_missing
5999,洒,to spill,,to spill,fill_missing
6001,如果我没记错的话,if I remember correctly,,if I have not remembered wrongly,fill_missing
6002,越来越常见,increasingly common,,more and more commonly seen,fill_missing
6003,谁有空谁做,whoever’s free does it,,whoever has free time does it,fill_missing
6004,沟通,communication,,open channels of communication,fill_missing
6006,不管发生什么,no matter what happens,,regardless of what happens,fill_missing
6010,能走多久就走多久,to keep walking for as long as one can,,walk as long as one can walk,fill_missing
6011,催,to urge;hurry,,to urge;hurry,fill_missing
6012,结婚容易离婚难,easy to marry; hard to divorce,,"joining in marriage is easy, leaving marriage is hard",fill_missing
6014,我去,oh my god;damn,,I go! (exclamation),fill_missing
6015,服从,obedient;obey,,submit and follow,fill_missing
6017,打成一片,to mingle closely with; to become part of a group,,mix into one whole,fill_missing
6020,邋遢,sloppy;messy,,slovenly,fill_missing
6021,烟民,smoker,,smoking person,fill_missing
6023,嫉妒,envy;jealous,,envy and jealousy,fill_missing
6025,令人讨厌,disgusting;annoying,,cause people to dislike it,fill_missing
6026,装逼,pretentious;to show off,,put on airs (vulgar slang),fill_missing
6027,栏杆,railing,,railing bars,fill_missing
6031,都能忍受,can tolerate anything,,can endure all of it,fill_missing
6032,脏话,bad language;cursing,,dirty words,fill_missing
6033,不可抗力,force majeure; an uncontrollable event,,force that cannot be resisted,fill_missing
6034,骂,to scold,,to scold,fill_missing
6035,放外音,to play audio through a speaker; to play sound aloud,,play sound externally,fill_missing
6036,请你小一点声,please lower your voice,,please make your voice a little smaller,fill_missing
6041,大吵大闹,making a scene;loud,,make a big noise and a big disturbance,fill_missing
6048,搭子,partner (for activity),,activity companion,fill_missing
6049,洁癖,an obsession with cleanliness; excessive concern about dirt,,cleanliness obsession,fill_missing
6051,牺牲,to sacrifice,,sacrifice (originally sacrificial animal),fill_missing
6055,蹦极,bungee jumping,,bungee (jump plus phonetic element),fill_missing
6058,小燃,mildly exciting or inspiring,,a little burning,fill_missing
6059,中二,"adolescent grandiosity; a melodramatic, self-important fantasy mindset (slang)",,middle-school year two,fill_missing
6060,般配,well-matched,,suitably matched,fill_missing
6062,还行吧,it's alright;not bad,,"still acceptable, I suppose",fill_missing
6063,自学的,self-taught,,learned by oneself,fill_missing
6065,建筑学,architecture,,study of building,fill_missing
6066,天桥,pedestrian bridge,,sky bridge,fill_missing
6067,栈道,plank path,,plank road,fill_missing
6068,重庆,Chongqing,,double celebration,fill_missing
6071,成都,Chengdu,,become a capital,fill_missing
6074,武汉,Wuhan,,Wuchang-Hankou (combined place-name abbreviation),fill_missing
6077,郑州,Zhengzhou,,Zheng prefecture,fill_missing
6078,苏州,Suzhou,,Su prefecture,fill_missing
6079,杭州,Hangzhou,,Hang prefecture,fill_missing
6080,石家庄,Shijiazhuang,,Shi-family village,fill_missing
6081,临沂,Linyi,,beside the Yi River,fill_missing
6083,东莞,Dongguan,,Dongguan (place name; 'eastern guan'),fill_missing
6085,合肥,Hefei,,Hefei (place name),fill_missing
6086,温州,Wenzhou,,warm prefecture,fill_missing
6087,宁波,Ningbo,,peaceful waves,fill_missing
6088,哈尔滨,Harbin,,Harbin (phonetic place name),fill_missing
6091,南阳,Nanyang,,south of the mountain; Nanyang,fill_missing
6092,济南,Jinan,,south of the Ji River,fill_missing
6093,沈阳,Shenyang,,north bank of the Shen River,fill_missing
6094,邯郸,Handan,,Handan (ancient place name),fill_missing
6095,长春,Changchun,,long spring,fill_missing
6096,保定,Baoding,,preserve stability,fill_missing
6097,淄博,Zibo,,Zichuan-Boshan (combined place-name abbreviation),fill_missing
6099,惠州,Huizhou,,benevolent prefecture,fill_missing
6100,洛阳,Luoyang,,north bank of the Luo River,fill_missing
6101,南通,Nantong,,southern passage,fill_missing
6102,呼和浩特,Hohhot,,Hohhot (Mongolian name: blue city),fill_missing
6103,包头,Baotou,wrap head,Baotou (Mongolian-derived place name; character gloss 'wrap head'),refine_existing_in_new_column
6104,莆田,Putian,,reed field,fill_missing
6106,淮安,Huaian,,peace on the Huai River,fill_missing
6107,宜兴,Yixing,,fitting prosperity,fill_missing
6108,珠海,Zhuhai,,pearl sea,fill_missing
6110,大同,Datong,,great unity,fill_missing
6111,鄂尔多斯,Ordos,,Ordos (Mongolian place name),fill_missing
6113,襄阳,Xiangyang,,Xiangyang (place name),fill_missing
6114,宜昌,Yichang,,fitting prosperity,fill_missing
6116,西宁,Xining,,western peace,fill_missing
6117,衡阳,Hengyang,,south of Mount Heng,fill_missing
6118,安阳,Anyang,,Anyang (place name; 'peaceful yang side'),fill_missing
6120,吉林,Jilin,,Jilin (shortened Manchu place name),fill_missing
6122,淮南,Huainan,,south of the Huai River,fill_missing
6123,义乌,Yiwu,,righteous crow,fill_missing
6124,潮州,Chaozhou,tide state,tide prefecture,refine_existing_in_new_column
6125,嘉兴,Jiaxing,,auspicious flourishing,fill_missing
6126,威海,Weihai,,awe-inspiring sea,fill_missing
6127,开封,Kaifeng,,Kaifeng (place name; 'open boundaries'),fill_missing
6128,日照,Rizhao,,sun shining,fill_missing
6129,南充,Nanchong,,south of Chong,fill_missing
6130,徐州,Xuzhou,,Xu prefecture,fill_missing
6131,南宁,Nanning,,southern peace,fill_missing
6132,赣州,Ganzhou,,Gan prefecture,fill_missing
6133,昆明,Kunming,,Kunming (historical place name),fill_missing
6135,菏泽,Heze,,He marsh,fill_missing
6136,福州,Fuzhou,,blessed prefecture,fill_missing
6137,济宁,Jining,,peace on the Ji River,fill_missing
6138,阜阳,Fuyang,,Fuyang (place name; 'mound's sunny side'),fill_missing
6139,唐山,Tangshan,,Tang mountain,fill_missing
6140,商丘,Shangqiu,,Shang mound,fill_missing
6141,大连,Dalian,,Dalian (place name),fill_missing
6144,金华,Jinhua,,golden splendour,fill_missing
6146,潍坊,Weifang,,Wei settlement,fill_missing
6149,辽宁省,Liaoning Province,,peaceful Liao province,fill_missing
6150,吉林省,Jilin Province,,Jilin province (Manchu-derived place name),fill_missing
6152,江苏省,Jiangsu Province,,Jiangning-Suzhou province (combined name),fill_missing
6154,安徽省,Anhui Province,,Anqing-Huizhou province (combined name),fill_missing
6155,福建省,Fujian Province,,Fuzhou-Jianzhou province (combined name),fill_missing
6156,江西省,Jiangxi Province,west-of-the-river province,Jiangxi province (shortened regional name; character gloss 'river west'),refine_existing_in_new_column
6163,四川省,Sichuan Province,four-rivers province,four circuits province (Sichuan; 川 has the character sense 'river'),refine_existing_in_new_column
6164,贵州省,Guizhou Province,,Gui-prefecture province,fill_missing
6167,甘肃省,Gansu Province,,Ganzhou-Suzhou province (combined name),fill_missing
6169,台湾省,Taiwan Province,platform bay province,Taiwan province (place name; character gloss 'platform bay province'),refine_existing_in_new_column
6171,天津市,Tianjin Municipality,,heavenly-ford municipality,fill_missing
6173,重庆市,Chongqing Municipality,,double-celebration municipality,fill_missing
6176,西藏自治区,Tibet Autonomous Region,,Tibet autonomous region,fill_missing
6177,宁夏回族自治区,Ningxia Hui Autonomous Region,,Ningxia Hui-ethnic autonomous region,fill_missing
6178,新疆维吾尔自治区,Xinjiang Uygur Autonomous Region,,new-frontier Uyghur autonomous region,fill_missing
6180,澳门特别行政区,Macau Special Administrative Region,,Macau special administrative region,fill_missing
6182,风筝,kite,,wind zither,fill_missing
6183,扑克牌,deck of cards,,poker cards,fill_missing
6186,犹豫,hesitate,,hesitate,fill_missing
6187,养生,health preservation,,nourish life,fill_missing
6190,干活,to work manual labor,,do work,fill_missing
6192,领养,to adopt (a child or animal),,take in and raise,fill_missing
6193,抱养,to adopt (a child),,take into one's arms and raise,fill_missing
6194,全年无休,open all year without a break,,whole year without rest,fill_missing
6199,顺时针,clockwise,,follow the clock hands,fill_missing
6200,逆时针,counterclockwise,,against the clock hands,fill_missing
6202,语调,intonation (language),,speech tune,fill_missing
6203,口口声声,keep saying,,with every mouthful and every sound,fill_missing
6204,芹菜,celery,,celery vegetable,fill_missing
6205,行李收拾完了,My luggage is packed,,have finished arranging the luggage,fill_missing
6206,厚,thick,,thick,fill_missing
6207,薄,thin,,thin,fill_missing
6209,学费,tuition,,study fees,fill_missing
6211,意图,intention,,intended plan,fill_missing
6212,克制,restraint,,restrain and control,fill_missing
6213,欲望,desire,,desire and longing,fill_missing
6214,为啥,why,,for what reason?,fill_missing
6217,开放式婚姻,open marriage,,open-style marriage,fill_missing
6218,炸掉,blow up,,explode away,fill_missing
6219,成绩,score;grades,,accomplished results,fill_missing
6220,懒,lazy,,lazy,fill_missing
6221,细节,detail,,fine details,fill_missing
6222,内容,content,,what is contained within,fill_missing
6223,上上星期,week before last,,the week before the previous week,fill_missing
6225,转诊单,referral form,,transfer-of-consultation slip,fill_missing
6226,膀胱,bladder,,urinary bladder,fill_missing
6227,干涉,interfere,,intervene,fill_missing
6228,收尾吧,let's wrap it up,,"finish off the tail, then",fill_missing
6229,家家有本难念的经,Every family has its own problems.,,every family has a scripture that is hard to recite,fill_missing
6230,倒霉,unlucky,,have bad luck,fill_missing
6232,多一事不如少一事,"Better to avoid unnecessary trouble; the fewer complications, the better.",,one more matter is not as good as one fewer matter,fill_missing
6235,杀敌一千自毁八百,pyrrhic victory,,"kill a thousand enemies, destroy eight hundred of one's own",fill_missing
6236,飞速,very fast,,flying speed,fill_missing
6237,民法典,civil code,,civil-law code,fill_missing
6238,男扮女装,man dressed as woman,,man disguises himself in women's clothes,fill_missing
6239,艾滋病,AIDS,,AIDS disease (phonetic acronym plus 'disease'),fill_missing
6242,春夏秋冬,"spring, summer, autumn, winter",,"spring, summer, autumn, winter",fill_missing
6243,批评,to criticize,,criticize and evaluate,fill_missing
6244,吃不下了,I can't eat anymore,,cannot eat any more down,fill_missing
6245,恶意,malice; ill intent; malicious intent,,evil intention,fill_missing
6247,人怕出名猪怕壮,"People fear becoming famous, just as pigs fear growing fat.",,people fear gaining a name; pigs fear growing stout,fill_missing
6248,除非,unless;only if,,unless,fill_missing
6249,人性,human nature,,human nature,fill_missing
6250,无解,no solution,,without a solution,fill_missing
6252,椎间盘,intervertebral disc,,between-vertebrae disc,fill_missing
6255,另一方面,on the other hand,,another side,fill_missing
6256,生存,survive,,live and exist,fill_missing
6267,瓶颈,bottleneck,,bottle neck,fill_missing
6268,框架,framework;frame,,frame structure,fill_missing
6271,迪士尼,Disney,,Disney (phonetic name),fill_missing
6272,修身T恤,slim fit T shirt,,body-fitting T-shirt,fill_missing
6275,心态,mindset,,state of mind,fill_missing
6276,训练,training,,instruct and drill,fill_missing
6280,宝马,BMW,,precious horse (BMW),fill_missing
6281,建设,construction;to build,,build and establish,fill_missing
6282,正循环,positive cycle,,positive circulation,fill_missing
6283,待办,to do,,awaiting handling,fill_missing
6284,比亚迪,BYD,,BYD (brand name; character sounds Bi-Ya-Di),fill_missing
6286,丰田,Toyota,,abundant field (Toyota),fill_missing
6287,小猪佩奇,Peppa Pig,,little pig Peppa,fill_missing
6290,好喽,happy OK;alright then,,"all right, then",fill_missing
6295,彼此,each other,,that one and this one,fill_missing
6296,处理,to handle,,handle and manage,fill_missing
6302,越来越差,worse and worse,,increasingly poor,fill_missing
6305,两倍,twice; double,,two times,fill_missing
6306,收拾收拾,tidy up,,tidy up a little,fill_missing
6309,消灭,wipe out;eliminate,,eliminate and extinguish,fill_missing
6312,张白纸,a sheet of blank paper; a blank slate (figurative),,a sheet of white paper,fill_missing
6313,你是否能够接受加班,Are you willing to work overtime?,,can you accept working extra hours?,fill_missing
6315,花花世界迷人眼,the colorful world is distracting,,the flowery world dazzles people's eyes,fill_missing
6317,拜神了,worship;go pray to gods,,have worshipped the gods,fill_missing
6319,哭哭啼啼,crying nonstop;crying and sobbing,,crying and sobbing,fill_missing
6320,逃避,escape,,flee and avoid,fill_missing
6321,潜意识,subconscious,,hidden consciousness,fill_missing
6323,爸爸,dad,,dad,fill_missing
6324,妈妈,mom,,mom,fill_missing
6325,父亲,father (formal),,father,fill_missing
6326,母亲,mother (formal),,mother,fill_missing
6327,家长,parent;guardian,,family head,fill_missing
6328,爷爷,grandfather (paternal),,grandfather (paternal),fill_missing
6329,奶奶,grandmother (paternal),,grandmother (paternal),fill_missing
6332,姥爷,"grandfather (maternal, Northern)",,"grandfather (maternal, Northern)",fill_missing
6333,姥姥,"grandmother (maternal, Northern)",,"grandmother (maternal, Northern)",fill_missing
6338,儿子,son,,son,fill_missing
6339,女儿,daughter,,female child; daughter,fill_missing
6342,孙子,grandson (son’s son),,grandson (son’s son),fill_missing
6343,孙女,granddaughter (son’s daughter),,granddaughter (son’s daughter),fill_missing
6346,哥哥,older brother,,older brother,fill_missing
6347,弟弟,younger brother,,younger brother,fill_missing
6348,姐姐,older sister,,older sister,fill_missing
6349,妹妹,younger sister,,younger sister,fill_missing
6351,叔叔,uncle;father’s younger brother,,uncle;father’s younger brother,fill_missing
6352,伯伯,uncle;father’s older brother,,uncle;father’s older brother,fill_missing
6353,姑姑,aunt;father’s sister,,aunt;father’s sister,fill_missing
6354,姑妈,aunt;father’s sister (formal),,paternal aunt,fill_missing
6355,姑父,uncle;father’s sister's husband,,paternal aunt's husband,fill_missing
6356,舅舅,uncle;mother’s brother,,uncle;mother’s brother,fill_missing
6357,舅妈,aunt;mother’s brother’s wife,,maternal uncle's wife,fill_missing
6358,姨妈,aunt;mother’s sister,,maternal aunt,fill_missing
6359,阿姨,aunt; mother's sister; auntie (polite address); domestic helper,,auntie; maternal aunt,fill_missing
6360,姨父,uncle;mother’s sister's husband,,maternal aunt's husband,fill_missing
6361,表哥,older male cousin (not father's brother's child),,older male cousin outside the paternal male line,fill_missing
6362,表弟,younger male cousin (not father's brother's child),,younger male cousin outside the paternal male line,fill_missing
6363,表姐,older female cousin (not father's brother's child),,older female cousin outside the paternal male line,fill_missing
6364,表妹,younger female cousin (not father's brother's child),,younger female cousin outside the paternal male line,fill_missing
6365,堂哥,older male cousin (father's brother's child),,older male cousin in the paternal male line,fill_missing
6366,堂弟,younger male cousin (father's brother's child),,younger male cousin in the paternal male line,fill_missing
6367,堂姐,older female cousin (father's brother's child),,older female cousin in the paternal male line,fill_missing
6368,堂妹,younger female cousin (father's brother's child),,younger female cousin in the paternal male line,fill_missing
6369,表亲,cousin (not father's brother's child),,cousin outside the paternal male line,fill_missing
6370,亲戚,relative,,kin and relatives,fill_missing
6371,侄子,nephew;brother’s son,,brother's son,fill_missing
6372,侄女,niece;brother’s daughter,,brother's daughter,fill_missing
6373,外甥,nephew;sister’s son,,sister's son,fill_missing
6374,外甥女,niece;sister’s daughter,,sister's daughter,fill_missing
6375,儿媳,daughter-in-law,,son's wife,fill_missing
6376,媳妇,"daughter-in-law; wife (colloquial, often 媳妇儿)",,daughter-in-law; wife (colloquial),fill_missing
6377,女婿,son-in-law,,daughter's husband,fill_missing
6378,岳父,father-in-law (wife’s father),,wife's father,fill_missing
6379,岳母,mother-in-law (wife’s mother),,wife's mother,fill_missing
6380,公公,father-in-law (husband’s father),,husband's father,fill_missing
6381,婆婆,mother-in-law (husband’s mother),,husband's mother,fill_missing
6382,嫂子,sister-in-law (older brother’s wife),,elder brother's wife,fill_missing
6383,弟媳,sister-in-law (younger brother’s wife),,younger brother's wife,fill_missing
6384,姐夫,brother-in-law (older sister’s husband),,elder sister's husband,fill_missing
6385,妹夫,brother-in-law (younger sister’s husband),,younger sister's husband,fill_missing
6398,婆家,husband’s family,,husband's family,fill_missing
6399,娘家,wife’s family,,maternal or natal family,fill_missing
6402,丈夫,husband (formal),,husband,fill_missing
6403,妻子,wife (formal),,wife,fill_missing
6404,恋人,partner;lover,,loved person,fill_missing
6409,伴侣,companion;partner,,companion and partner,fill_missing
6410,婆媳,mother-in-law & daughter-in-law relationship,,mother-in-law and daughter-in-law,fill_missing
6411,姑嫂,sister-in-law relationship,,a woman and her brother's wife,fill_missing
6412,兄嫂,older brother and his wife,,elder brother and his wife,fill_missing
6413,弟妹,younger siblings; younger brother's wife,,younger brother and sister; younger brother's wife (context-dependent),fill_missing
6414,祖先,ancestors,,forebears,fill_missing
6415,宗亲,clan relatives,,ancestral-clan kin,fill_missing
6416,外戚,relatives on one's mother's or wife's side; imperial in-laws,,outer relatives (maternal or marital kin),fill_missing
6417,娘舅,mother’s brother (South China),,mother's brother,fill_missing
6418,表叔,younger male cousin of father (extended),,father's younger male cousin outside the paternal male line,fill_missing
6419,表伯,older male cousin of father (extended),,father's older male cousin outside the paternal male line,fill_missing
6420,堂叔,father's younger male cousin on the paternal line,,father's younger male cousin on the paternal line,fill_missing
6421,堂伯,father's older male cousin on the paternal line,,father's older male cousin on the paternal line,fill_missing
6422,姨甥,nephew through one's sister (from an aunt's perspective); wife's sister's son,,aunt's nephew; wife's sister's son (context-dependent kinship term),fill_missing
6423,姑甥,a paternal aunt and her nephew or niece (contextual usage),,paternal aunt and her sibling's child,fill_missing
6424,舅甥,maternal uncle and nephew; the uncle-nephew relationship,,maternal uncle and his sister's child,fill_missing
6425,婶婶,wife of father’s younger brother,,wife of father’s younger brother,fill_missing
6426,伯母,wife of father’s older brother,,wife of father’s older brother,fill_missing
6427,中国由工程师治理，美国由律师治理。,China is governed by engineers while the US is governed by lawyers,,China is governed by engineers while the US is governed by lawyers,fill_missing
6428,收拾好行李,pack luggage,,put the luggage in order,fill_missing
6429,起初,at first,,at the beginning,fill_missing
6433,坟墓,grave;tomb,,grave mound,fill_missing
6434,似乎,seems;apparently,,seem as if,fill_missing
6435,普遍,common,,widely throughout,fill_missing
6438,闺蜜,bestie,,boudoir confidante,fill_missing
6439,磕磕绊绊,full of setbacks,,bumping and stumbling,fill_missing
6440,破碎,broken,,broken into fragments,fill_missing
6441,男怕入错行，女怕嫁错郎,"Men fear choosing the wrong profession, and women fear marrying the wrong man.",,"Men fear choosing the wrong profession, and women fear marrying the wrong man.",fill_missing
6442,老蚌生珠就把你吓死了,Having a child late in life would scare you to death.,,an old clam producing a pearl would frighten you to death,fill_missing
6446,爹味,condescending dad like tone;dad vibe,,dad flavour,fill_missing
6450,凶猛,fierce;ferocious,,fierce and forceful,fill_missing
6452,无形,invisible,,without form,fill_missing
6454,福星,lucky star,,fortune star,fill_missing
6456,并不意外,not surprised,,not unexpected,fill_missing
6457,徒弟,apprentice,,apprentice disciple,fill_missing
6459,利润,profit,,financial gain,fill_missing
6461,旋律,melody,,musical melody,fill_missing
6463,反复,repeatedly,,back and forth,fill_missing
6465,整理床铺,make the bed,,put the bedding in order,fill_missing
6466,擦,wipe,,wipe,fill_missing
6467,刷牙,brush teeth,,brush teeth,fill_missing
6470,梳子,comb,,comb,fill_missing
6471,醒来,wake up,,wake up,fill_missing
6475,时代,era;Time Magazine,,period and era,fill_missing
6478,小杂种,little bastard;mixed breed or person,,little mixed-breed bastard (insult),fill_missing
6480,肿,swollen,,swollen,fill_missing
6482,副词,adverb,,auxiliary word (adverb),fill_missing
6483,正式,formal;officially,,proper form,fill_missing
6486,搭配词语,collocations (word combinations),,words used in combination,fill_missing
6487,抓痒,scratch an itch,,scratch an itch,fill_missing
6488,配偶,spouse,,marital partner,fill_missing
6489,得不得了,extremely,,to an unbearable degree (intensifier),fill_missing
6495,乞丐,beggar,,beggar,fill_missing
6496,投票,vote,,cast a ballot,fill_missing
6497,选举,election,,select and elect,fill_missing
6498,爱因斯坦,Einstein,,Einstein (phonetic personal name),fill_missing
6499,赞助,sponsor,,support and assist,fill_missing
6502,夏威夷,Hawaii,,Hawaii (phonetic place name),fill_missing
6504,蹑手蹑脚,sneak around,,tiptoe hands and tiptoe feet,fill_missing
6505,悄悄,quietly,,quietly,fill_missing
6506,鬼鬼祟祟,shady,,ghostly and furtive,fill_missing
6507,面无表情,expressionless,,face without expression,fill_missing
6508,支支吾吾,hesitant speech,,hesitant and evasive speech,fill_missing
6509,结结巴巴,stammering,,stammering and stuttering,fill_missing
6511,内情不单纯,the situation is more complicated than it seems.,,the inside circumstances are not simple,fill_missing
6512,大事化小，小事化无,reduce big issues and erase small ones,,"turn big matters small, turn small matters to nothing",fill_missing
6514,腿上,lap;on the legs,,on the legs,fill_missing
6516,叹,sigh,,sigh,fill_missing
6517,淋浴间,shower room,,shower room,fill_missing
6518,报复,revenge,,repay in retaliation,fill_missing
6519,和好,make up;reconcile,,become harmonious again,fill_missing
6520,好莱坞,Hollywood,,Hollywood (phonetic place name),fill_missing
6523,美国的历史和英国的菜谱是世界上最薄的两本书,American history and British cookbooks are the two thinnest books in the world.,,American history and British cookbooks are the two thinnest books in the world.,fill_missing
6527,平安果,Christmas apple,,peace-and-safety fruit,fill_missing
6529,驯鹿,reindeer,,tame deer,fill_missing
6530,圣诞帽,Santa hat,,holy-birth hat,fill_missing
6531,圣诞袜,Christmas stocking,,holy-birth stocking,fill_missing
6537,彩带,ribbon,,coloured ribbon,fill_missing
6538,贺卡,greeting card,,congratulation card,fill_missing
6540,彩灯,string lights,,coloured lights,fill_missing
6542,槲寄生,mistletoe,,oak parasite (mistletoe),fill_missing
6545,烤火鸡,roast turkey,,roast fire-chicken,fill_missing
6553,糖果,candy,,sugar sweets,fill_missing
6558,圣诞快乐,Merry Christmas,,happy holy birth,fill_missing
6563,拆礼物,open presents,,unwrap gifts,fill_missing
6564,愿望清单,wish list,,wish list,fill_missing
6565,礼物袋,gift bag,,gift bag,fill_missing
6566,礼物盒,gift box,,gift box,fill_missing
6567,礼物标签,gift tag,,gift label,fill_missing
6568,黑,black,,black,fill_missing
6569,白,white,,white,fill_missing
6570,红,red,,red,fill_missing
6571,蓝,blue,,blue,fill_missing
6572,绿,green,,green,fill_missing
6573,黄,yellow,,yellow,fill_missing
6574,橙,orange,,orange,fill_missing
6575,紫,purple,,purple,fill_missing
6576,粉,pink,,pink,fill_missing
6578,棕,brown,,brown,fill_missing
6579,金,gold,,gold,fill_missing
6580,银,silver,,silver,fill_missing
6581,青,cyan;blue-green,,blue-green,fill_missing
6603,粉红,pink,powder pink,powder red,refine_existing_in_new_column
6622,卡其,khaki color,,khaki (phonetic colour name),fill_missing
6626,藏蓝,navy blue,Tibetan blue,deep blue (conventional colour term),refine_existing_in_new_column
6661,藕粉,lotus-root starch; pale lotus pink (as a color),lotus-root pink,lotus-root pale pink (colour sense),refine_existing_in_new_column
6666,大疆,DJI drones,,great territory (DJI brand name),fill_missing
6667,脑暴,brainstorm,,brain storm,fill_missing
6668,凭什么,based on what?;on what grounds?,,on what grounds?,fill_missing
6671,东波,Dongbo,,eastern wave (Dongbo personal name),fill_missing
6672,季凌姐,Ji Ling jie,,elder sister Ji Ling (personal name and address),fill_missing
6674,薰衣草,lavender,,clothes-perfuming grass,fill_missing
6675,偶像,idol,,idol image,fill_missing
6676,蓝图,blueprint,,blue plan,fill_missing
6677,组织,organize;organization,,organize and weave together,fill_missing
6679,版本,version;edition,,edition version,fill_missing
6680,生硬,stiff;unnatural,,raw and stiff,fill_missing
6681,双方,both sides,,both parties,fill_missing
6682,遇到,encounter,,meet with,fill_missing
6683,理工,science & engineering,,science and engineering,fill_missing
6684,不愧,worthy of,,not be ashamed to be called,fill_missing
6685,跨国,transnational,,cross national borders,fill_missing
6686,没有孩子的人看起来就是年轻,People without children tend to look younger.,,people without children simply look young,fill_missing
6688,词语,word;term;expression,,words and expressions,fill_missing
6689,上下五千年,five thousand years of history,,five thousand years from past to present,fill_missing
6690,城乡结合部,suburbs;urban-rural fringe,,city-countryside joining area,fill_missing
6691,没事闲的,having nothing better to do,,idle with nothing to do,fill_missing
6692,下雨天打孩子,Beat the kids on a rainy day—just to have something to do (a sardonic saying about idle troublemaking).,,beat children on a rainy day,fill_missing
6697,勒索,blackmail,,extort by coercion,fill_missing
6699,调休,to adjust workdays and days off; compensatory time off,,adjust rest days,fill_missing
6701,立方米,cubic meter,,cubic metre,fill_missing
6703,娱乐,entertainment;to entertain,,amusement and enjoyment,fill_missing
6705,非理性,irrational,,not rational,fill_missing
6707,北约,NATO,,North Atlantic treaty (abbreviation for NATO),fill_missing
6708,金正恩,Kim Jong-un,,Kim Jong-un (personal name),fill_missing
6709,绝命毒师,Breaking Bad,,deadly poison master,fill_missing
6710,坐牢,go to jail,,sit in jail,fill_missing
6711,永远,forever,,forever distant,fill_missing
6713,很伟大的人,very great person,,very great person,fill_missing
6714,冬日则饮汤，夏日则饮水,"drink soup in winter, water in summer",,in winter drink soup; in summer drink water,fill_missing
6715,就到这里,that's all for now,,just up to here,fill_missing
6716,按,to press,,to press,fill_missing
6717,插板,power strip,,plug-in board,fill_missing
6719,监控器,security camera,,monitoring device,fill_missing
6722,捐赠,to donate;donation,,contribute and give,fill_missing
6723,遛狗,walk the dog,,walk the dog,fill_missing
6724,追赶,to chase; to pursue,,chase and pursue,fill_missing
6726,地标,landmark,,land marker,fill_missing
6727,玩得开心,have fun!,,play happily,fill_missing
6728,雕像,statue,,carved figure,fill_missing
6729,亚运,Asian Games,,Asian sports meet,fill_missing
6730,行程,itinerary,,journey course,fill_missing
6731,四条腿除了板凳之外，天上飞的除了飞机之外，广东人都会去吃,"People from Guangdong will eat anything with four legs except stools, and anything that flies except airplanes (a regional stereotype).",,"anything with four legs except benches, anything flying in the sky except planes: Guangdong people will eat it",fill_missing
6736,不美颜不拍照，不化妆不出门,"I won't take photos without filters, and I won't go out without makeup.",,"no beautifying filter, no photo; no makeup, no going out",fill_missing
6737,早睡早起对身体好,Going to bed early and waking up early is good for your health.,,Going to bed early and waking up early is good for your health.,fill_missing
6738,集体,collective,,collective body,fill_missing
6739,崩塌,collapse,,crumble and collapse,fill_missing
6740,长城,The Great Wall,,long wall,fill_missing
6741,故宫,The Forbidden City;Imperial Palace,,former palace,fill_missing
6742,天安门广场,Tiananmen Square,,gate-of-heavenly-peace square,fill_missing
6743,颐和园,"Summer Palace (Beijing), imperial gardens and lakeside retreat",,nourishing-harmony garden,fill_missing
6744,天坛,"Temple of Heaven (Beijing), historic site for imperial ceremonies",,altar of heaven,fill_missing
6745,兵马俑,Terracotta Army,,soldier-and-horse figurines,fill_missing
6746,华山,"Mount Hua (Shaanxi), famous for steep cliffs and hiking trails",,Mount Hua,fill_missing
6747,泰山,Mount Tai,,Mount Tai,fill_missing
6748,黄山,Mount Huangshan,,yellow mountain,fill_missing
6749,峨眉山,"Mount Emei (Sichuan), Buddhist mountain with temples and natural beauty",,Emei mountain (moth-eyebrow mountain),fill_missing
6750,乐山大佛,Leshan Giant Buddha (Sichuan),,Leshan great Buddha,fill_missing
6752,张家界,Zhangjiajie,,Zhang-family boundary,fill_missing
6753,桂林山水,Guilin Scenery,,Guilin mountains and waters,fill_missing
6754,漓江,Li River (with karsts),,Li River,fill_missing
6756,灵隐寺,Lingyin Temple (Hangzhou),,hidden-spirit temple,fill_missing
6757,少林寺,"Shaolin Temple (Henan, martial arts and Buddhist monastery)",,Shaolin temple (Shao mountain forest),fill_missing
6758,布达拉宫,"Potala Palace (Lhasa, Tibet), historic Tibetan palace and monastery",,Potala palace (phonetic name),fill_missing
6759,大昭寺,"Jokhang Temple (Lhasa, Tibet), sacred Tibetan Buddhist temple",,great Zhao temple (Jokhang),fill_missing
6761,莫高窟,"Mogao Caves (Gansu, Buddhist cave paintings and sculptures)",,Mogao caves,fill_missing
6768,周庄,Zhouzhuang (a historic water town in Jiangsu),,Zhou-family village,fill_missing
6770,宏村,Hongcun (a historic village in Anhui),,grand village,fill_missing
6771,平遥古城,"Pingyao Ancient City (Shanxi), well-preserved walled city",,Pingyao ancient city,fill_missing
6772,丽江古城,"Lijiang Old Town (Yunnan), historic town with Naxi culture",,Lijiang ancient town,fill_missing
6773,布依古寨,"Buyi Ancient Village (Guizhou), traditional Buyi ethnic village",,Buyi people's ancient stockaded village,fill_missing
6775,稻城亚丁,"Daocheng Yading (Sichuan), natural reserve with alpine scenery",,Daocheng Yading (place names),fill_missing
6776,喀纳斯湖,"Kanas Lake (Xinjiang), glacial lake with turquoise waters",,Kanas lake (phonetic name),fill_missing
6779,南浔古镇,"Nanxun Ancient Town (Zhejiang), historic water town",,Nanxun ancient town,fill_missing
6780,承德避暑山庄,"Chengde Mountain Resort (Hebei), imperial summer retreat",,Chengde heat-escaping mountain estate,fill_missing
6782,雁荡山,"Yandang Mountain (Zhejiang), scenic mountain area",,wild-goose marsh mountain,fill_missing
6783,龙门石窟,"Longmen Grottoes (Henan), Buddhist cave sculptures",,dragon-gate stone caves,fill_missing
6784,云冈石窟,"Yungang Grottoes (Shanxi), ancient Buddhist rock carvings",,cloud-ridge stone caves,fill_missing
6785,圆明园,"Old Summer Palace (Beijing), ruins of historic imperial gardens",,perfect-brightness garden,fill_missing
6786,恭王府,"Prince Gong Mansion (Beijing), historic Qing dynasty mansion",,Prince Gong's mansion,fill_missing
6787,雍和宫,"Lama Temple (Beijing), Tibetan Buddhist temple",,harmony-and-peace palace,fill_missing
6788,十三陵,"Ming Tombs (Beijing), mausoleums of Ming dynasty emperors",,thirteen imperial tombs,fill_missing
6789,八达岭,Badaling (a section of the Great Wall near Beijing),,eight-directions-reaching ridge,fill_missing
6791,北海公园,"Beihai Park (Beijing), imperial garden with lake and pavilions",,north-sea park,fill_missing
6792,外滩,The Bund (Shanghai),,outer bank,fill_missing
6793,豫园,Yu Garden (Shanghai),,delight garden,fill_missing
6794,陆家嘴,Lujiazui (Shanghai financial district),,Lu-family river point,fill_missing
6795,东方明珠,Oriental Pearl Tower (Shanghai),,eastern bright pearl,fill_missing
6796,鼓浪屿,Gulangyu; Kulangsu (an island in Xiamen),,drum-wave islet,fill_missing
6797,南普陀寺,"Nanputuo Temple (Xiamen, Fujian), Buddhist temple near the coast",,southern Putuo temple,fill_missing
6798,土楼,"tulou; earthen communal buildings, especially those in Fujian",,earth buildings,fill_missing
6799,湄洲岛,"Meizhou Island (Fujian), sacred island for Mazu worship",,Meizhou island,fill_missing
6800,白马寺,"White Horse Temple (Luoyang, Henan), China’s first Buddhist temple",,white-horse temple,fill_missing
6801,清明上河园,"Qingming Riverside Landscape Garden (Kaifeng, Henan), park inspired by painting",,Qingming riverside garden,fill_missing
6804,洪崖洞,"Hongya Cave (Chongqing), riverside entertainment and historic area",,Hongya cave,fill_missing
6805,磁器口,"Ciqikou Ancient Town (Chongqing), historic river town",,porcelain river-mouth,fill_missing
6806,三星堆,"Sanxingdui (Sichuan), archaeological site of ancient Shu civilization",,three-star mound,fill_missing
6807,都江堰,"Dujiangyan Irrigation System (Sichuan), ancient water management project",,Dujiang weir,fill_missing
6808,青城山,"Mount Qingcheng (Sichuan), Taoist mountain with temples",,green-city mountain,fill_missing
6809,海螺沟,"Hailuogou Glacier (Sichuan), glacier and scenic valley",,conch gully,fill_missing
6810,八廓街,"Barkhor Street (Lhasa, Tibet), historic market street around Jokhang Temple",,Barkhor street (Tibetan-derived name),fill_missing
6811,纳木错,"Namtso Lake (Tibet), high-altitude saltwater lake",,Namtso (Tibetan name: heavenly lake),fill_missing
6812,赛里木湖,"Sayram Lake (Xinjiang), alpine lake with clear waters",,Sayram lake (phonetic name),fill_missing
6814,吐鲁番,"Turpan (Xinjiang), oasis city with ancient ruins and vineyards",,Turpan (phonetic place name),fill_missing
6815,塔克拉玛干沙漠,"Taklamakan Desert (Xinjiang), vast desert in western China",,Taklamakan desert (phonetic name),fill_missing
6816,嘉峪关,"Jiayuguan Pass (Gansu), western end of the Great Wall",,Jiayu pass,fill_missing
6817,悬空寺,"Hanging Monastery (Shanxi), temple built on cliffs",,hanging-in-air temple,fill_missing
6818,应县木塔,"Yingxian Wooden Pagoda (Shanxi), ancient wooden pagoda",,Ying County wooden pagoda,fill_missing
6819,乔家大院,"Qiao Family Courtyard (Shanxi), historic merchant residence",,Qiao family's grand courtyard,fill_missing
6820,王家大院,"Wang Family Courtyard (Shanxi), historic mansion complex",,Wang family's grand courtyard,fill_missing
6822,南岳衡山,"Mount Heng (Hunan), sacred mountain with temples",,"southern sacred peak, Mount Heng",fill_missing
6823,岳麓书院,Yuelu Academy (Changsha),,mountain-foot academy,fill_missing
6825,丹霞山,"Danxia Mountain (Guangdong), UNESCO site with red sandstone formations",,red-cloud mountain,fill_missing
6826,武夷山,"Mount Wuyi (Fujian), scenic mountain range and tea region",,Wuyi mountain,fill_missing
6827,土司城,tusi chieftain's city or compound; Tusi City (site name),,native-chieftain city,fill_missing
6828,老君山,"Mount Laojun (Henan), Taoist mountain with temples",,old lord mountain (Laojun),fill_missing
6829,神农架,"Shennongjia (Hubei), forested mountain area with rare wildlife",,divine farmer's scaffolding,fill_missing
6831,疯狂动物城,Zootopia,,crazy animal city,fill_missing
6832,镜柜,mirrored cabinet; bathroom cabinet with a mirror,,mirror cabinet,fill_missing
6833,岁序更替，花长日新,"As the seasons change and flowers bloom anew, each day brings new life; time passes and everything renews",,the year's sequence changes; flowers grow and days renew,fill_missing
6834,十四五,The 14th Five-Year Plan,,fourteenth five-year period,fill_missing
6836,实力,strength;abilities,,real strength,fill_missing
6838,抗日战争,The War of Resistance Against Japan,,war resisting Japan,fill_missing
6839,世界反法西斯战争,World Anti-Fascist War; WWII,,world anti-fascist war,fill_missing
6840,先烈,martyr,,earlier martyrs,fill_missing
6841,赋能,empower,,bestow ability,fill_missing
6842,创新,innovation,,create the new,fill_missing
6843,成果,achievement,,achieved fruit,fill_missing
6845,点燃,ignite,,light and burn,fill_missing
6847,枝叶总关情,care for details and people;the branches and leaves are always a source of affection.,,branches and leaves are all tied to feelings,fill_missing
6849,峰会,summit (meeting),,peak meeting,fill_missing
6850,一国两制,"one country, two systems",,"one country, two systems",fill_missing
6854,小资,bougie,,petty bourgeois (abbreviation),fill_missing
6856,自动续费,automatic renewal,,automatically continue payment,fill_missing
6857,谨防诈骗,beware of scams,,cautiously guard against fraud,fill_missing
6859,关我屁事,What the hell does that have to do with me?; None of my damn business.,,what fart business of mine is it? (vulgar),fill_missing
6861,坏笑,evil smile;wicked grin;mischievous smile,,bad smile,fill_missing
6863,狂笑,laugh wildly,,laugh madly,fill_missing
6864,偷笑,chuckle;snicker,,laugh secretly,fill_missing
6867,嘲笑,laugh at;mock,,mock and laugh,fill_missing
6868,大方,generous,,generous; poised,fill_missing
6869,体贴,thoughtful;considerate,,considerate and attentive,fill_missing
6870,刻薄,mean;harsh,,cutting and unkind,fill_missing
6871,挑剔,picky,,pick faults,fill_missing
6873,嘴唇,lips,,mouth lips,fill_missing
6874,没心情,not in the mood,,have no mood for it,fill_missing
6875,笑死我了,that’s hilarious,,I am laughing to death,fill_missing
6876,悲伤,upset;sadness,,sorrow and hurt,fill_missing
6877,必不可少,essential;indispensable,,absolutely cannot be lacking,fill_missing
6878,腥,fishy (taste),,fishy smell or taste,fill_missing
6879,流鼻血,nosebleed,,flow nose blood,fill_missing
6880,攻略,guide;tourism strategy,,strategy of attack,fill_missing
6882,行李寄存,luggage storage,,deposit luggage for storage,fill_missing
6887,适度,moderate;moderation,,appropriate degree,fill_missing
6892,物种,species,,kind of organism,fill_missing
6894,托运行李,checked baggage,,entrusted-for-transport luggage,fill_missing
6902,"江湖险恶, 好自为之","the world is dangerous, take care of yourself",,rivers and lakes are dangerous and wicked; conduct yourself well,fill_missing
6903,哭天抹泪,weep bitterly,,cry to heaven and wipe tears,fill_missing
6906,红遍,became extremely popular,,red everywhere (popular throughout),fill_missing
6910,戏精,drama queen,,drama spirit,fill_missing
6914,统治,to rule;govern,,control and govern,fill_missing
6915,夸你呢,I am praising you,,I am praising you,fill_missing
6916,吐槽大会,Roast Session (show),,great venting-or-roasting assembly,fill_missing
6917,隔三差五,every now and then,,separated by three or five days,fill_missing
6918,判断,to judge;judgment,,assess and decide,fill_missing
6920,良心,conscience,,good heart,fill_missing
6921,保镖,bodyguard,,protective escort,fill_missing
6922,脱口秀,stand up comedy;talk show,mouth-releasing show,talk show (phonetic loan; character gloss 'mouth-releasing show'),refine_existing_in_new_column
6924,胎记,birthmark,,fetal mark,fill_missing
6928,为你好,for your own good,,for your good,fill_missing
6929,很崩溃,very overwhelmed;devastated;collapse,,very collapsed emotionally,fill_missing
6930,上有老下有小,supporting both parents and children,,"above there are elders, below there are children",fill_missing
6932,尽量,try one's best;as much as possible,,to the greatest extent possible,fill_missing
6933,活在当下,live in the moment,,live in the present moment,fill_missing
6934,顺其自然,let things take their course,,follow its natural course,fill_missing
6935,魔都,magic city;Shanghai,,demon metropolis,fill_missing
6936,原版,original version,,original edition,fill_missing
6938,密室逃脱,escape room,,escape from a secret room,fill_missing
6939,摘,pick (fruit),,pluck,fill_missing
6943,真心话大冒险,truth or dare,,true-heart words or great adventure,fill_missing
6945,班兰,pandan,,pandan (phonetic plant name),fill_missing
6946,专门,specialized,,specifically dedicated,fill_missing
6949,以及,as well as,,and also,fill_missing
6952,低估,to underestimate;underrate,,estimate low,fill_missing
6953,值机,airline check-in,,airline check-in,fill_missing
6954,柜台,counter,,counter platform,fill_missing
6957,打表,run the taxi meter,,activate the meter,fill_missing
6958,狗品种,dog breed,,dog breed,fill_missing
6961,颜色,color,,colour,fill_missing
6963,身体部位,body part,,body position or part,fill_missing
6964,货币,currency,,money currency,fill_missing
6966,超能力,superpower,,beyond-normal ability,fill_missing
6968,宝石,gemstone,,precious stone,fill_missing
6971,角色,role;character,,role,fill_missing
6974,宇航员,astronaut,,space-navigation personnel,fill_missing
6980,限速,speed limit,,limit speed,fill_missing
6986,王者荣耀,Honor of Kings,,glory of kings,fill_missing
6991,煤炭,coal,,coal,fill_missing
6997,神奇女侠,Wonder Woman,,wondrous female hero,fill_missing
7005,阿凡达,Avatar,,Avatar (phonetic title),fill_missing
7009,聚集,to gather,,gather and assemble,fill_missing
7010,太鲁阁,Taroko Gorge (in Taiwan),,Taroko (Indigenous-derived place name),fill_missing
7011,台积电,TSMC,,Taiwan integrated-circuit manufacturing (abbreviated company name),fill_missing
7013,林肯,Abraham Lincoln,,Lincoln (phonetic surname),fill_missing
7014,华盛顿,George Washington,,Washington (phonetic surname),fill_missing
7015,丘吉尔,Winston Churchill,,Churchill (phonetic surname),fill_missing
7016,拿破仑,Napoleon Bonaparte,,Napoleon (phonetic personal name),fill_missing
7017,甘地,Mahatma Gandhi,,Gandhi (phonetic surname),fill_missing
7018,曼德拉,Nelson Mandela,,Mandela (phonetic surname),fill_missing
7019,奥巴马,Barack Obama,,Obama (phonetic surname),fill_missing
7023,蛇,snake,,snake,fill_missing
7024,蜥蜴,lizard,,lizard,fill_missing
7025,鳄鱼,crocodile,,crocodile,fill_missing
7030,左轮手枪,revolver,revolving-wheel hand gun,revolving-cylinder hand gun,refine_existing_in_new_column
7032,阿司匹林,aspirin,,aspirin (phonetic drug name),fill_missing
7033,布洛芬,ibuprofen,,ibuprofen (phonetic drug name),fill_missing
7034,对乙酰氨基酚,acetaminophen,,para-acetylamino phenol,fill_missing
7035,感冒灵,Ganmaoling (a Chinese cold-remedy product),,effective-for-colds (Ganmaoling product name),fill_missing
7036,阿莫西林,amoxicillin,,amoxicillin (phonetic drug name),fill_missing
7037,雀巢,Nestlé,,bird's nest,fill_missing
7038,鲸鱼,whale,,whale,fill_missing
7039,猴子,monkey,,monkey,fill_missing
7040,大象,elephant,,big elephant,fill_missing
7041,老虎,tiger,,tiger (with familiar prefix),fill_missing
7042,狮子,lion,,lion,fill_missing
7043,莎士比亚,William Shakespeare,,Shakespeare (phonetic surname),fill_missing
7044,斯皮尔伯格,Steven Spielberg,,Spielberg (phonetic surname),fill_missing
7045,宫崎骏,Hayao Miyazaki,,Miyazaki Hayao (Japanese personal name),fill_missing
7046,诺兰,Christopher Nolan,,Nolan (phonetic surname),fill_missing
7050,哈利波特,Harry Potter,,Harry Potter (phonetic personal name),fill_missing
7052,达芬奇,da Vinci,,da Vinci (phonetic name),fill_missing
7053,毕加索,Pablo Picasso,,Picasso (phonetic surname),fill_missing
7054,梵高,Vincent van Gogh,,van Gogh (phonetic surname),fill_missing
7055,钻石,diamond,,diamond stone,fill_missing
7058,珍珠,pearl,,precious pearl,fill_missing
7059,水晶,crystal,,water crystal,fill_missing
7060,新闻联播,Xinwen Lianbo;CCTV news,,joint news broadcast,fill_missing
7062,愤怒,anger,,indignation and anger,fill_missing
7063,恐惧,fear,,fear and dread,fill_missing
7064,平静,calm;tranquil,,level and quiet,fill_missing
7065,感动,touched,,emotionally moved,fill_missing
7066,海飞丝,Head & Shoulders,,sea flying strands (Head & Shoulders brand name),fill_missing
7067,多芬,Dove (soap),,Dove (phonetic brand name),fill_missing
7068,鲁迅,Lu Xun (writer),,Lu Xun (pen name),fill_missing
7069,蟑螂,cockroach,,cockroach,fill_missing
7070,蜻蜓,dragonfly,,dragonfly,fill_missing
7072,蝉,cicada,,cicada,fill_missing
7074,米老鼠,Mickey Mouse,,Mickey mouse (shortened phonetic name),fill_missing
7075,唐老鸭,Donald Duck,,Donald duck (shortened phonetic name),fill_missing
7076,孙悟空,Monkey King,,"Sun, awakened to emptiness (Monkey King's name)",fill_missing
7078,史努比,Snoopy,,Snoopy (phonetic character name),fill_missing
7079,蒙娜丽莎,Mona Lisa,,Mona Lisa (phonetic title/name),fill_missing
7080,最后的晚餐,The Last Supper,,the final evening meal,fill_missing
7081,星夜,The Starry Night,,star night,fill_missing
7082,呐喊,shout;The Scream,,cry out,fill_missing
7083,自由女神像,Statue of Liberty,,statue of the freedom goddess,fill_missing
7085,泰姬陵,Taj Mahal,,Taj mausoleum,fill_missing
7088,大英博物馆,British Museum,,Great Britain museum,fill_missing
7089,卢浮宫,Louvre Museum,,Louvre palace (phonetic name plus 'palace'),fill_missing
7095,胡迪尼,Houdini,,Houdini (phonetic name),fill_missing
7096,大卫布莱恩,David Blaine,,David Blaine (phonetic personal name),fill_missing
7097,贝多芬,Beethoven,,Beethoven (phonetic surname),fill_missing
7098,莫扎特,Mozart,,Mozart (phonetic surname),fill_missing
7099,巴赫,Bach,,Bach (phonetic surname),fill_missing
7100,央视新闻,CCTV News,,central-television news,fill_missing
7101,纽约时报,The New York Times,,New York times newspaper,fill_missing
7102,人民网,people’s daily online;people.cn,,people's network,fill_missing
7103,新华网,Xinhua Net,,new-China network,fill_missing
7107,芝加哥公牛,Chicago Bulls,,Chicago bulls,fill_missing
7109,谷爱凌,Eileen Gu,,Gu Ailing (personal name; Eileen Gu),fill_missing
7110,情景喜剧,sitcom,,situation comedy,fill_missing
7114,一对,a couple,,one pair,fill_missing
7115,酷儿,queer,,queer (phonetic loanword),fill_missing
7116,即兴,impromptu,,on-the-spot inspiration,fill_missing
7120,刹车,to brake;a brake,,brake a vehicle,fill_missing
7130,输液架,iv stand,,infusion stand,fill_missing
7131,炒,stir-fry,,stir-fry,fill_missing
7132,煮,boil,,boil,fill_missing
7133,蒸,steam,,steam,fill_missing
7134,炸,deep-fry,,deep-fry,fill_missing
7135,烤,roast,,roast,fill_missing
7136,炖,stew,,stew,fill_missing
7137,煎,pan-fry,,pan-fry,fill_missing
7138,焯,blanch,,blanch,fill_missing
7139,卤,braise in soy sauce,,cook in seasoned brine,fill_missing
7140,拌,mix,,mix,fill_missing
7141,昆汀,Quentin Tarantino,,Quentin (phonetic personal name),fill_missing
7144,案例,case;example,,case example,fill_missing
7145,拉拉,lesbian,,lesbian (colloquial sound-based term),fill_missing
7146,玫瑰,rose,,rose,fill_missing
7148,郁金香,tulip,,tulip (plant name),fill_missing
7150,荷花,lotus,,lotus flower,fill_missing
7152,菊花,chrysanthemum,,chrysanthemum flower,fill_missing
7153,兰花,orchid,,orchid flower,fill_missing
7154,樱花,cherry blossom,,cherry flower,fill_missing
7155,福尔摩斯,Sherlock Holmes,,Holmes (phonetic surname),fill_missing
7158,乐高,LEGO,,LEGO (phonetic brand name),fill_missing
7159,魔方,Rubik's Cube,,magic cube,fill_missing
7160,悠悠球,yo-yo,,yo-yo ball,fill_missing
7161,奥利奥,Oreo,,Oreo (phonetic brand name),fill_missing
7165,精灵,elf,,spirit being,fill_missing
7166,李小龙,Bruce Lee,,Li Little Dragon (Bruce Lee's stage name),fill_missing
7167,爱迪生,Thomas Edison,,Edison (phonetic surname),fill_missing
7168,牛顿,Isaac Newton,,Newton (phonetic surname),fill_missing
7169,德克士,Dicos,,Dicos (phonetic brand name),fill_missing
7170,芭蕾舞,ballet,,ballet dance,fill_missing
7172,民族舞,folk dance,,ethnic-group dance,fill_missing
7173,愤怒的小鸟,Angry Birds,,angry little birds,fill_missing
7176,薄荷,mint,,mint,fill_missing
7177,孜然,cumin,,cumin (loanword),fill_missing
7180,港珠澳大桥,Hong Kong–Zhuhai–Macau Bridge,,Hong Kong-Zhuhai-Macau great bridge,fill_missing
7182,杨利伟,Yang Liwei,,Yang Liwei (personal name),fill_missing
7183,阿姆斯特朗,Armstrong; Neil Armstrong (in astronaut contexts),,Armstrong (phonetic surname),fill_missing
7184,拉布拉多,Labrador retriever,,Labrador (phonetic breed name),fill_missing
7185,哈士奇,Husky,,husky (phonetic breed name),fill_missing
7189,博美,Pomeranian,,Pomeranian (shortened phonetic breed name),fill_missing
7191,比熊,bichon,,bichon (phonetic breed name),fill_missing
7194,鲤鱼,carp,,carp fish,fill_missing
7195,鳕鱼,cod,,cod fish,fill_missing
7196,罗非鱼,tilapia,,tilapia fish (conventional fish name),fill_missing
7197,鲈鱼,bass; perch (species depends on context),,perch or bass fish,fill_missing
7198,八喜,BAXY (ice-cream brand),,eight joys (ice-cream brand),fill_missing
7200,珠穆朗玛峰,Mount Everest,,Qomolangma peak (Tibetan-derived name),fill_missing
7210,加勒比海,Caribbean Sea,,Caribbean sea (phonetic name),fill_missing
7211,康师傅,Master Kong,,Master Kang,fill_missing
7212,吉他,guitar,,guitar (phonetic loanword),fill_missing
7215,鼓,drum,,drum,fill_missing
7216,笛子,bamboo flute,,flute,fill_missing
7217,萨克斯,saxophone,,sax (phonetic instrument name),fill_missing
7218,核桃,walnut,,walnut,fill_missing
7220,榛子,hazelnut,,hazelnut,fill_missing
7223,板栗,chestnut,,chestnut,fill_missing
7224,游轮,cruise ship,,touring ship,fill_missing
7229,渡轮,ferry,,crossing ferry,fill_missing
7234,溺水,drowning,,drown in water,fill_missing
7235,窒息,suffocation;to choke,,choke off breathing,fill_missing
7236,竹子,bamboo,,bamboo,fill_missing
7238,亚马逊河,Amazon River,,Amazon river (phonetic name),fill_missing
7239,尼罗河,Nile River,,Nile river (phonetic name),fill_missing
7240,密西西比河,Mississippi River,,Mississippi river (phonetic name),fill_missing
7254,可颂,croissant,,croissant (phonetic loanword),fill_missing
7256,贝果,bagel,,bagel (phonetic loanword),fill_missing
7259,跳蚤,flea,,jumping flea,fill_missing
7261,法语,French language,,French language,fill_missing
7262,西班牙语,Spanish language,,Spanish language,fill_missing
7263,日语,Japanese language,,Japanese language,fill_missing
7264,德语,German language,,German language,fill_missing
7265,韩语,Korean language,,Korean language,fill_missing
7266,意大利语,Italian language,,Italian language,fill_missing
7267,俄语,Russian language,,Russian language,fill_missing
7268,阿拉伯语,Arabic language,,Arabic language,fill_missing
7269,大润发,RT-Mart,,great-profit prosperity (RT-Mart brand name),fill_missing
7270,高尔夫,golf,,golf (phonetic loanword),fill_missing
7271,保龄球,bowling,,bowling ball (phonetic loan plus 'ball'),fill_missing
7272,感冒,cold,,catch a cold,fill_missing
7273,过敏,allergy,,excessive sensitivity,fill_missing
7276,尺子,ruler,,measuring ruler,fill_missing
7278,剪刀,scissors,,cutting blades,fill_missing
7279,胶水,glue,,glue liquid,fill_missing
7282,欧乐B,Oral-B,,Oral-B (phonetic brand name),fill_missing
7283,鱼竿,fishing rod,,fish pole,fill_missing
7285,鱼钩,fish hook,,fish hook,fill_missing
7292,豌豆,pea,,pea,fill_missing
7294,安抚奶嘴,pacifier,,soothing nipple,fill_missing
7297,李白,Li Bai (poet),,Li Bai (personal name),fill_missing
7300,清华大学,Tsinghua University,,clear-splendour university,fill_missing
7301,复旦大学,Fudan University,,renewed-dawn university,fill_missing
7302,刘翔,Liu Xiang (Olympian),,Liu Xiang (personal name),fill_missing
7303,脖子,neck,,neck,fill_missing
7304,沙发,sofa,,sofa (phonetic loanword),fill_missing
7305,潇洒过,lived freely;lived life with style/grace.,,have lived with carefree grace,fill_missing
7306,阳光灿烂,The sun is shining brightly,,The sun is shining brightly,fill_missing
7307,嘎腰子,to cut out someone's kidneys; organ-harvesting slang,,cut out kidneys (slang),fill_missing
7308,松树,pine tree,,pine tree,fill_missing
7309,榕树,banyan tree,,banyan tree,fill_missing
7310,柏树,cypress,,cypress tree,fill_missing
7311,柳树,willow,,willow,fill_missing
7312,枫树,maple tree,,maple tree,fill_missing
7313,桃树,peach tree,,peach tree,fill_missing
7314,橡树,oak tree,,oak tree,fill_missing
7315,桦树,birch,,birch tree,fill_missing
7316,普洱茶,puer tea,,Pu'er tea (place-name-based tea name),fill_missing
7317,茉莉花,jasmine,,jasmine flower,fill_missing
7318,腾讯,Tencent,,soaring communication (Tencent brand name),fill_missing
7319,网易,Netease,,easy network (NetEase brand name),fill_missing
7322,经济学,economics,,study of economics,fill_missing
7324,瑞士,Switzerland,,Switzerland (phonetic place name),fill_missing
7325,瑞典,Sweden,,Sweden (phonetic place name),fill_missing
7326,荷兰,Holland;Netherlands,,Holland (phonetic place name),fill_missing
7329,飓风,hurricane,,hurricane wind,fill_missing
7337,隐身,invisibility,,hide the body,fill_missing
7338,读心术,mind reading,,art of reading the heart,fill_missing
7340,手册,manual;handbook,,hand book,fill_missing
7341,偷渡,illegal immigration,,cross secretly,fill_missing
7342,谋杀,murder,,plot to kill,fill_missing
7343,纵火,arson,,set fire,fill_missing
7344,贩毒,drug trafficking,,traffic in drugs,fill_missing
7345,绑架,kidnapping,,bind and carry off,fill_missing
7350,阖家幸福,happiness for the whole family,,the whole household happy,fill_missing
7353,事业顺利,may your career go smoothly,,career proceeds smoothly,fill_missing
7355,舒肤佳,Safeguard (soap),,comfort-skin-good (Safeguard brand name),fill_missing
7356,汰渍,Tide (detergent),,wash away stains (Tide brand name),fill_missing
7358,拖延,procrastination,,drag and delay,fill_missing
7361,看剧成瘾,addiction to watching TV series,,watching dramas becomes an addiction,fill_missing
7362,网购成瘾,online shopping addiction,,online shopping becomes an addiction,fill_missing
7365,金星,Venus,,metal star,fill_missing
7367,木星,Jupiter,,wood star,fill_missing
7368,土星,Saturn,,earth star,fill_missing
7369,天王星,Uranus,,heavenly-king star,fill_missing
7373,扫把,broom,,sweeping implement,fill_missing
7374,拖把,mop,,dragging implement,fill_missing
7375,抹布,rag,,wiping cloth,fill_missing
7376,海绵,sponge,,sea cotton,fill_missing
7377,梅西,Lionel Messi,,Messi (phonetic surname),fill_missing
7378,C 罗,Cristiano Ronaldo,,C. Ronaldo (initial and abbreviated phonetic name),fill_missing
7379,显微镜,microscope,,show-the-tiny lens,fill_missing
7380,望远镜,telescope,,look-far lens,fill_missing
7381,天平,balance scale,,balance scale,fill_missing
7384,基督教,Christianity,,Christ's teaching,fill_missing
7385,伊斯兰,Islam,,Islam (phonetic religious name),fill_missing
7386,佛教,Buddhism,,Buddha's teaching,fill_missing
7387,道教,Taoism,,the Way's teaching,fill_missing
7388,印度教,Hinduism,,India's religion,fill_missing
7390,摇滚,rock and roll,,shake and roll,fill_missing
7391,爵士,jazz,,jazz (phonetic loanword),fill_missing
7393,嘻哈,hip hop,,hip-hop (sound-based loanword),fill_missing
7397,拉丁,Latin,,Latin (phonetic name),fill_missing
7398,雷鬼,reggae,,reggae (phonetic loanword),fill_missing
7399,盐,salt,,salt,fill_missing
7405,达美航空,Delta Air Lines,,Delta air navigation (phonetic brand name),fill_missing
7407,音响,speaker,,sound equipment,fill_missing
7413,锤子,hammer,,hammer,fill_missing
7414,钳子,pliers,,pincers,fill_missing
7415,扳手,wrench,,turning tool,fill_missing
7417,卷尺,measuring tape,,rolled ruler,fill_missing
7418,锯子,saw,,saw,fill_missing
7420,水平尺,level (tool),,water-level ruler,fill_missing
7422,雾,fog,,fog,fill_missing
7423,霜,frost,,frost,fill_missing
7424,冰雹,hail,,ice hail,fill_missing
7425,联想,Lenovo,,association of ideas (Lenovo brand name),fill_missing
7426,一加,OnePlus,,one plus,fill_missing
7428,凤梨酥,pineapple cake,,pineapple flaky pastry,fill_missing
7429,链锯,chainsaw,,chain saw,fill_missing
7430,孙中山,Sun Yat-sen,,Sun Zhongshan (personal name; Sun Yat-sen),fill_missing
7433,潜水镜,diving mask,,diving goggles,fill_missing
7435,呼吸管,snorkel,,breathing tube,fill_missing
7436,泰坦尼克号,Titanic,,Titanic (phonetic ship name),fill_missing
7439,欧元,euro,,European currency unit,fill_missing
7440,英镑,British pound,,British pound,fill_missing
7441,日元,Japanese yen,,Japanese currency unit,fill_missing
7442,澳元,Australian dollar,,Australian currency unit,fill_missing
7443,加元,Canadian dollar,,Canadian currency unit,fill_missing
7444,人民日报,People's Daily,,people's daily newspaper,fill_missing
7446,靴子,boots,,boots,fill_missing
7448,麻雀,sparrow,,sparrow,fill_missing
7449,鸽子,pigeon,,pigeon,fill_missing
7451,鹦鹉,parrot,,parrot,fill_missing
7452,燕子,swallow,,swallow,fill_missing
7453,孔雀,peacock,,peacock,fill_missing
7457,糖豆,jelly beans,,sugar beans,fill_missing
7458,牛轧糖,nougat,,nougat candy (phonetic loan plus 'candy'),fill_missing
7459,太妃糖,toffee,,toffee candy (phonetic loan plus 'candy'),fill_missing
7468,长号,trombone,,long horn,fill_missing
7474,共识,consensus,,shared understanding,fill_missing
7476,老美,Americans,,old Americans (familiar nickname),fill_missing
7477,鸡蛋里头挑骨头,nitpick,,pick bones out of an egg,fill_missing
7478,扣除,deduct,,deduct and remove,fill_missing
7479,变道,change lanes,,change lanes,fill_missing
7480,码,yard; code; size; kilometers per hour (colloquial speed usage),,code; yard; size (context-dependent),fill_missing
7482,公证,notarization,,public certification,fill_missing
7483,平淡,dull;plain;ordinary,,plain and mild,fill_missing
7484,教会,Christian church,,religious congregation,fill_missing
7485,抑郁症,depression,,depressive disorder,fill_missing
7486,打耳光,to slap in the face,,strike a slap across the face,fill_missing
7489,鼓起勇气,drum up courage,,rouse one's brave spirit,fill_missing
7493,心灵鸡汤,overly sentimental advice,,chicken soup for the soul,fill_missing
7499,勤奋,diligent,,diligent and striving,fill_missing
7501,陪读妈妈,mom accompanying child’s study,,accompany-study mother,fill_missing
7502,傻乎乎,silly;dim-witted,,silly,fill_missing
7503,儒,Confucian,,Confucian scholar,fill_missing
7504,男儿有泪不轻弹,men don’t cry easily,,men have tears but do not shed them lightly,fill_missing
7506,冷静,calm,,cool and quiet,fill_missing
7508,乖,obedient;well-behaved,,well-behaved,fill_missing
7509,酒足饭饱思淫欲,lust after being full,,"wine sufficient and belly full, think of sexual desire",fill_missing
7510,相对,relatively,,relative to,fill_missing
7513,紧迫,pressing;urgent,,tight and pressing,fill_missing
7515,面子,face; reputation,,face,fill_missing
7518,电诈,telecom fraud,,telecommunications deception,fill_missing
7519,灰产,gray industry,,grey industry,fill_missing
7520,发财,get rich,,develop wealth,fill_missing
7524,障碍,barrier;obstacle,,obstruction and hindrance,fill_missing
7525,吃闷亏,accept loss without complaint,,eat a silent loss,fill_missing
7526,剑术,fencing;swordsmanship,,art of the sword,fill_missing
7528,回声,echo,,returning sound,fill_missing
7529,不是一家人，不进一家门,birds of a feather flock together,,"not one family, do not enter one family door",fill_missing
7530,包水包电,water and electricity included,,"include water, include electricity",fill_missing
7532,胆大,bold,,big gallbladder,fill_missing
7534,从头到尾,from start to finish,,from head to tail,fill_missing
7535,踩雷,step on a landmine; make a blunder,,step on a mine,fill_missing
7536,赔偿,compensation,,make compensation,fill_missing
7540,压抑,oppressive; repressed,,press down and suppress,fill_missing
7541,不仅,not only,,not merely,fill_missing
7543,融入,blend in;to integrate,,melt into,fill_missing
7544,福利,welfare,,well-being and benefits,fill_missing
7545,该说了都说了,I’ve said all that should be said,,have said all that should be said (source wording irregular),fill_missing
7546,屋顶,roof,,house top,fill_missing
7547,不排斥的,not resistant to,,not rejecting,fill_missing
7552,挑衅,provocative;to provoke,,provoke a quarrel,fill_missing
7554,倾诉,to confide;pour out feelings,,pour out one's feelings,fill_missing
7555,摊牌,show one’s cards;showdown,,spread out the cards,fill_missing
7556,底线,bottom line,,bottom line,fill_missing
7557,被迫,be forced,,be compelled,fill_missing
7558,协议,pact;agreement,,mutually agreed terms,fill_missing
7560,遮风挡雨,provide protection,,shelter from wind and block rain,fill_missing
7561,男的多女的少,more men than women,,"many men, few women",fill_missing
7562,不流通的,not in circulation,,not circulating,fill_missing
7565,助理,assistant,,assist in managing,fill_missing
7566,招生,enroll students,,recruit students,fill_missing
7567,好说歹说,try every way to persuade,,speak nicely and speak harshly,fill_missing
7569,恐慌,panic;panicky,,fear and panic,fill_missing
7570,鸡娃,tiger parenting,,chicken-blood the child (push a child to excel),fill_missing
7572,发牌,deal cards,,distribute cards,fill_missing
7574,主角,protagonist,,main role,fill_missing
7577,冷漠,cold;indifferent,,cold and indifferent,fill_missing
7578,人傻钱多,stupid but rich,,"person foolish, money plentiful",fill_missing
7579,应酬,social niceties,,social obligations and entertaining,fill_missing
7580,杂货配送,grocery delivery,,miscellaneous-goods delivery,fill_missing
7581,托福,TOEFL,,TOEFL (phonetic acronym; 'entrust fortune'),fill_missing
7582,多邻国,Duolingo,,many neighbouring countries (Duolingo brand name),fill_missing
7583,c轮融资,Series C funding,,C-round financing,fill_missing
7585,制裁,sanction,,impose sanctions,fill_missing
7586,审查制度,censorship,,review-and-inspection system,fill_missing
7587,季度,quarter,,quarter-year period,fill_missing
7588,营收,revenue,,business income,fill_missing
7589,三位数,three digit number,,three-position number,fill_missing
7591,卫星,satellite;moon,,guarding star,fill_missing
7592,迷迭香,rosemary,,rosemary (plant name),fill_missing
7594,贬义,derogatory;negative connotation,,belittling meaning,fill_missing
7595,头盔,helmet,,head helmet,fill_missing
7599,访谈,to interview,,visit and talk,fill_missing
7600,内容创作者,content creator,,content-creating person,fill_missing
7601,侃侃大山,chat casually;shoot the breeze,,chat about mountains (idle talk),fill_missing
7603,很俗,very tacky,,very vulgar or commonplace,fill_missing
7604,肋骨,rib; ribs,,rib bones,fill_missing
7606,魅力,charm,,enchanting power,fill_missing
7610,美联储,Federal Reserve,,US federal reserve (abbreviation),fill_missing
7611,华尔街,Wall Street,,Wall street (phonetic name),fill_missing
7614,选民,voters,,voting citizens,fill_missing
7615,互联网崩溃期间暴,dot com bubble burst,,internet collapse period (corrupted source fragment),fill_missing
7616,2009年大衰退,2009 Great Recession,,2009 great decline,fill_missing
7617,大盘,overall market,,large market board,fill_missing
7619,风向标,wind vane;indicator,,wind-direction indicator,fill_missing
7620,标普500,S&P 500,,Standard & Poor's 500 (abbreviated name),fill_missing
7621,标准普尔500指数,S&P 500 index,,Standard & Poor's 500 index,fill_missing
7623,考古,archaeology,,investigate antiquity,fill_missing
7629,议会,parliament,,deliberative assembly,fill_missing
7630,定罪,to convict,,determine guilt,fill_missing
7631,顾问,advisor;consultant,,consulted adviser,fill_missing
7632,严肃,serious,,stern and solemn,fill_missing
7633,腻腻歪歪,overly affectionate;lovey dovey,,cloyingly affectionate,fill_missing
7634,情书,love letter,,feeling letter,fill_missing
7635,财经,finance and economics,,finance and economics,fill_missing
7636,说也错不说也错,damned if you do or don’t,,"speaking is wrong, not speaking is also wrong",fill_missing
7638,该死,damn,,deserve to die (curse),fill_missing
7641,法案,bill;act,,proposed law,fill_missing
7642,财政部,treasury;ministry of finance,,public-finance ministry,fill_missing
7645,吸引,attract,,draw and attract,fill_missing
7646,赎回,redeem;redemption,,buy back,fill_missing
7647,非要,insist on,,insist on wanting,fill_missing
7648,误判,misjudge,,judge mistakenly,fill_missing
7650,豪宅,mansion,,grand residence,fill_missing
7653,肘部,elbow,,elbow area,fill_missing
7660,填空,fill in the blank,,fill an empty space,fill_missing
7661,盗版,pirated copy,,stolen edition,fill_missing
7663,肉眼看上去,to the naked eye,,as seen by the flesh eye,fill_missing
7666,挡风被,windproof leg cover (for scooters),,wind-blocking quilt,fill_missing
7667,帐篷,tent,,tent,fill_missing
7668,北上广深,"Beijing, Shanghai, Guangzhou and Shenzhen;Tier-1 cities",,Beijing-Shanghai-Guangzhou-Shenzhen (abbreviation),fill_missing
7669,悠闲,laid back,,leisurely and unhurried,fill_missing
7670,致命,fatal,,cause death,fill_missing
7675,跑酷,"parkour; running and leaping around (playfully, of pets)",,parkour (phonetic loan with 'run'),fill_missing
7679,喇叭,horn,,horn; loudspeaker,fill_missing
7680,花里胡哨,gaudy,,showily patterned,fill_missing
7682,虚惊,false alarm,,empty fright,fill_missing
7685,偷感,"a furtive, self-conscious, or sneaky air (internet slang)",,stealing-like air,fill_missing
7687,泡沫,foam;bubble,,bubbles and foam,fill_missing
7688,吃灰,be unused/neglected,,eat dust,fill_missing
7689,灵感,inspiration,,inspired feeling,fill_missing
7690,菜鸟驿站,Cainiao pickup station,,rookie-bird relay station (Cainiao parcel brand),fill_missing
7691,包裹,package,,wrapped package,fill_missing
7692,取件码,pickup code,,item-collection code,fill_missing
7693,已全部取出,all picked up,,all already taken out,fill_missing
7695,怀旧,nostalgia,,cherish the old,fill_missing
7696,馅,stuffing;filling,,stuffing;filling,fill_missing
7698,结账,pay the bill;bill please,,settle accounts,fill_missing
7699,三部曲,trilogy,,three-part composition,fill_missing
7701,可理解性输入,comprehensible input,,understandable input,fill_missing
7702,忙疯了,extremely busy,,busy to madness,fill_missing
7703,贵得离谱,ridiculously expensive,,expensive beyond the score,fill_missing
7705,省略,omit,,leave out,fill_missing
7708,人艰不拆,"life is hard, don’t expose it",,"life is hard, do not expose it (compressed slang)",fill_missing
7709,相比之下,in contrast;in comparison,,under comparison,fill_missing
7712,复古,retro,,return to antiquity,fill_missing
7715,有失必有得，有得必有失,every gain has a loss,,with loss there must be gain; with gain there must be loss,fill_missing
7716,副驾驶位,front passenger seat,,assistant driver's seat,fill_missing
7717,收购,acquisition,,collect by purchase,fill_missing
7718,天幕,canopy tent,,sky curtain,fill_missing
7719,一次性,one-time use;disposable,,one-time nature,fill_missing
7720,发帖人,poster (online),,person publishing a post,fill_missing
7721,花砖,decorative tile,,patterned brick,fill_missing
7723,气派,impressive;stylish;dignified,,imposing air,fill_missing
7724,牛鬼蛇神,evil or strange people,,ox ghosts and snake spirits,fill_missing
7725,安排特别紧,very tight schedule,,arrangements especially tight,fill_missing
7726,忽冷忽热,inconsistent,,"suddenly cold, suddenly hot",fill_missing
7728,幸亏,fortunately,,fortunately thanks to,fill_missing
7729,久仰大名,long admired your name;I've heard great things about you,,have long admired your great name,fill_missing
7730,气度不凡,impressive demeanor,,bearing not ordinary,fill_missing
7731,一表人才,handsome; distinguished-looking,,a distinguished-looking person,fill_missing
7734,皱皱的,wrinkled,,wrinkly,fill_missing
7737,勉强,barely;reluctantly,,with effort or reluctance,fill_missing
7738,中性,neutral,,neutral nature,fill_missing
7739,布置,layout;arrangement,,lay out and arrange,fill_missing
7740,耶,yay,,yay,fill_missing
7741,文字稿,transcript,,written text draft,fill_missing
7743,吞咽,swallow,,swallow down,fill_missing
7744,萝卜白菜各有所爱,everyone has their own taste;different strokes for different folks,,"radishes and cabbage, each has what they love",fill_missing
7746,传教士,missionary,,person spreading religious teaching,fill_missing
7752,抗议活动,protest,,protest activity,fill_missing
7754,复数,plural (grammar); complex number (mathematics),,multiple number (plural); complex number (mathematics),fill_missing
7756,融合,fusion;integrate,,melt together,fill_missing
7759,水印,watermark,,water mark,fill_missing
7760,日托,daycare,,daytime care,fill_missing
7761,候鸟老人,older people who migrate seasonally to warmer places; snowbirds,,migratory-bird elders,fill_missing
7762,匹克球,pickleball,,pickleball (phonetic loan plus 'ball'),fill_missing
7763,东欧,Eastern Europe,,eastern Europe,fill_missing
7764,解压,unzip;relieve stress,,release pressure,fill_missing
7766,面积,surface area,,surface area,fill_missing
7772,残疾人,disabled people,,people with disabilities,fill_missing
7775,显而易见,obvious,,evident and easy to see,fill_missing
7776,夏令时,daylight saving time,,summer-season time,fill_missing
7777,大跃进,Great Leap Forward,,great leap forward,fill_missing
7778,文革,Cultural Revolution,,cultural revolution (abbreviation),fill_missing
7779,的确,indeed,,indeed,fill_missing
7787,早餐要吃好，午餐要吃饱，晚餐要吃少,"Eat a good breakfast, a full lunch, and a light dinner.",,"breakfast should be good, lunch should fill you, dinner should be small",fill_missing
7788,传奇,legend;legendary,,passed-down marvel,fill_missing
7791,物业费,property management fee,,property-management fee,fill_missing
7792,争议,dispute;controversy,,disputed discussion,fill_missing
7793,自动售卖机,vending machine,,automatic selling machine,fill_missing
7794,打称,to weigh (goods),,weigh on a scale (source uses 称 for 秤),fill_missing
7799,保洁员,cleaning staff,,cleanliness-maintaining personnel,fill_missing
7803,不过如此,that's all;nothing special,,no more than this,fill_missing
7804,毫不夸张地说,without exaggeration,,speaking without the slightest exaggeration,fill_missing
7805,语境,context,,language environment,fill_missing
7806,反向旅游,travel to less popular destinations or against peak travel trends,,reverse-direction travel,fill_missing
7809,出于好奇,out of curiosity,,arising from curiosity,fill_missing
7810,吸引眼球,catch attention,,attract eyeballs,fill_missing
7811,研发,come up with;R&D,,research and develop,fill_missing
7812,一杯没有珍珠的奶茶就像是没有灵魂一样,A milk tea without pearls is like a person without a soul.,,a cup of milk tea without pearls is like being without a soul,fill_missing
7816,侥幸,wishful thinking;put faith in luck;by chance,,luckily by chance,fill_missing
7817,顺丰,SF Express,,smooth abundance (SF Express name),fill_missing
7818,中通,ZTO Express,,central connection (ZTO name),fill_missing
7819,申通,STO Express,,Shen connection (STO name),fill_missing
7820,圆通,YTO Express,,all-round connection (YTO name),fill_missing
7821,扫描,to scan (code),,scan,fill_missing
7822,补差价,to pay or make up the price difference,,make up the price difference,fill_missing
7823,隔离,isolation;quarantine,,separate and isolate,fill_missing
7825,密度,density,,degree of compactness,fill_missing
7828,省会,provincial capital,,provincial seat,fill_missing
7829,滴滤咖啡,drip coffee,,drip-filtered coffee,fill_missing
7830,酵母,yeast,,fermentation mother,fill_missing
7832,折叠,fold,,fold and stack,fill_missing
7835,下降,decrease;decline;drop;fall,,descend downward,fill_missing
7838,速冻,quick-frozen,,rapid freezing,fill_missing
7842,谢天谢地,thank goodness,,thank heaven and thank earth,fill_missing
7843,冲你翻白眼,roll eyes at you,,turn the whites of the eyes at you,fill_missing
7844,翻白眼,roll eyes,,turn the whites of the eyes,fill_missing
7850,剪掉,cut off,,cut off,fill_missing
7851,节俭,frugal,,economical and frugal,fill_missing
7853,分期付款买,buy on installments,,buy by paying in divided periods,fill_missing
7854,防患于未然,take precautions,,guard against trouble before it happens,fill_missing
7856,裸奔,streaking,,run naked,fill_missing
7859,支出,expenditure,,pay out,fill_missing
7860,集体主义,collectivism,,collective doctrine,fill_missing
7861,八大菜系,eight major cuisines,,eight great cuisine systems,fill_missing
7862,怕热,afraid of heat,,afraid of heat,fill_missing
7865,握手,shake hands,,grasp hands,fill_missing
7866,话不多说,without further ado;no more talk,,not say many words,fill_missing
7867,进入正题,get to the point;get down to business,,enter the main topic,fill_missing
7871,酷刑,torture,,cruel punishment,fill_missing
7872,老妹儿,young girl (northeast),,little sister (familiar regional address),fill_missing
7874,斩杀线,execution threshold (gaming); threshold below which defeat or collapse becomes likely (figurative),,beheading-and-killing threshold,fill_missing
7876,手头很紧,short on money,,very tight at hand,fill_missing
7877,物价上涨,prices rising,,goods prices rise,fill_missing
7878,托儿所,childcare center;nursery,,child-entrusting place,fill_missing
7879,一百出头,a little over 100,,one hundred and a little beyond,fill_missing
7880,抓马,drama;dramatic,,drama (phonetic loanword),fill_missing
7882,婚前协议,prenup,,before-marriage agreement,fill_missing
7886,渐渐地,gradually,,gradually,fill_missing
7887,热衷于,passionate about;keen on,,have a heated heart toward,fill_missing
7889,纠结了,feeling torn;conflicted,,have become tangled up,fill_missing
7890,纠结,dilemma;struggle mentally,,intertwined and knotted,fill_missing
7892,没什么两样,no difference,,not much of two different kinds,fill_missing
7893,金发碧眼,blonde hair blue eyes,,"golden hair, blue-green eyes",fill_missing
7894,言论自由,freedom of speech,,freedom of speech and discussion,fill_missing
7895,轻生念头,suicidal thoughts,,thoughts of giving up one's life,fill_missing
7896,实施,implement,,put into practice,fill_missing
7898,小众,niche,,small audience,fill_missing
7899,稀有,rare;uncommon,,rarely existing,fill_missing
7900,拆除,demolish;tear down,,dismantle and remove,fill_missing
7902,竞赛,competition;race;match,,compete in a contest,fill_missing
7903,相当,quite;equivalent to,,correspond to; quite,fill_missing
7904,疑问,a doubt,,doubtful question,fill_missing
7905,刷剧,binge-watch shows,,swipe through dramas,fill_missing
7906,脚本,script,,written script,fill_missing
7907,大纲,outline,,main outline,fill_missing
7910,2000年出的,released in 2000,,came out in 2000,fill_missing
7911,高档,high-end;upscale;fancy,,high grade,fill_missing
7912,多多关照,please take care of me;nice to meet you,,please give much consideration and care,fill_missing
7913,早点休息吧,Get some rest early; go to bed early.,,Get some rest early; go to bed early.,fill_missing
7914,有多大本事享多大的福,enjoy what you’re capable of,,enjoy as much good fortune as one's abilities allow,fill_missing
7915,苦肉计,self-injury trick,,suffering-flesh stratagem,fill_missing
7916,欢乐颂,Ode to Joy (TV show),,ode to joy,fill_missing
7921,吃喝玩乐,eat drink and play,,"eat, drink, play and enjoy",fill_missing
7922,继承,inherit;inheritance,,succeed to and inherit,fill_missing
7923,人如其名,name matches personality,,the person is like their name,fill_missing
7925,特种兵,special forces,,special-type soldiers,fill_missing
7926,用语,expression;term,,used expression,fill_missing
7927,绝大多数,vast majority,,overwhelming majority,fill_missing
7928,每时每刻,every moment,,every time and every moment,fill_missing
7931,儒家,Confucianism,,school of Confucian scholars,fill_missing
7932,君为臣纲，父为子纲、夫为妻纲,"The ruler guides the subject, the father guides the son, and the husband guides the wife (the traditional Three Bonds).",,ruler is the guiding principle for subject; father for son; husband for wife,fill_missing
7935,命令,to order;command,,order and command,fill_missing
7937,子不教父之过,father’s fault if child not taught,,a child not taught is the father's fault,fill_missing
7945,为难我,make it hard for me,,put me in difficulty,fill_missing
7946,巴拉巴拉,blah blah,,blah-blah,fill_missing
7947,打退堂鼓,chicken out;back down;beat the return drum,,beat the retreat drum,fill_missing
7948,傀儡,puppet,,puppet,fill_missing
7950,来不及了,too late,,cannot make it in time now,fill_missing
7953,鱼腥味,fishy smell,,fishy fish smell,fill_missing
7954,腥味,fishy or gamey smell; rank odor of raw meat or fish,,fishy or raw-meat smell,fill_missing
7955,综艺,variety show,,variety arts,fill_missing
7956,金融风控,financial risk control,,financial risk control,fill_missing
7957,拒付,to refuse payment; dishonor; chargeback (card-payment context),,refuse payment,fill_missing
7965,一动不动,don't move once;motionless,,not move a single movement,fill_missing
7966,自查,self-examination;self-check,,check oneself,fill_missing
7968,梯子,ladder;VPN,,ladder,fill_missing
7969,强迫,to force;compel,,force and compel,fill_missing
7972,师傅,master;driver,,master craftsman (also respectful address),fill_missing
7973,引擎,engine,,engine (phonetic loanword),fill_missing
7975,正如我所说,as I said,,just as I said,fill_missing
7976,或多或少,more or less,,either more or less,fill_missing
7977,试图,attempt,,try and attempt,fill_missing
7982,彩虹糖,Skittles,,rainbow candy,fill_missing
7983,福利待遇,work benefits,,welfare benefits and treatment,fill_missing
7985,共鸣,resonance,,sound together,fill_missing
7986,体面,decent;respectable,,respectable appearance,fill_missing
7988,此时此刻,at this moment,,"this time, this moment",fill_missing
7989,寸步难行,hard to move,,hard to walk even an inch,fill_missing
7992,不可或缺,indispensable,,cannot be missing,fill_missing
7994,句型,sentence pattern,,sentence form,fill_missing
7998,步骤1,step 1,,step one,fill_missing
7999,栅栏,fence,,fence railing,fill_missing
8000,翻,flip;turn over,,flip;turn over,fill_missing
8001,大道至简,The greatest truths are the simplest.,,the great Way is supremely simple,fill_missing
8003,碎片化,fragmented,,become fragments,fill_missing
8004,玩家,player,,playing specialist,fill_missing
8006,结扎,ligation; surgical sterilization (such as vasectomy or tubal ligation),,tie and bind,fill_missing
8007,楼群,building complex,,group of buildings,fill_missing
8011,既然,since;now that,,since it is so,fill_missing
8012,中国银联,China UnionPay,,China bank union,fill_missing
8016,支付宝到账十元,Alipay received 10 yuan,,Alipay: ten yuan arrived in the account,fill_missing
8017,微信收款十元,WeChat received 10 yuan,,WeChat: ten yuan received,fill_missing
8018,鸡肋了,of little value but hard to give up,,has become chicken ribs,fill_missing
8019,丝滑,silky smooth;frictionless;easy,,smooth as silk,fill_missing
8022,车轮战,relay-style battle; successive opponents taking turns against one adversary,,wheel-turning battle,fill_missing
8024,拦路虎,obstacle;tiger in the way,,road-blocking tiger,fill_missing
8027,词汇库,vocabulary bank,,word storehouse,fill_missing
8028,尽我所能,do my best,,exhaust what I can do,fill_missing
8029,精听,intensive listening,,fine-grained listening,fill_missing
8030,周末愉快,have a good weekend,,pleasant week-end,fill_missing
8031,体量,scale;size,,body volume,fill_missing
8032,得益于,benefit from;thanks to;due to,,get benefit from,fill_missing
8034,间隔,interval,,space between,fill_missing
8035,漫长,very long (time),,drawn out and long,fill_missing
8036,覆盖,to cover,,cover over,fill_missing
8037,有所耳闻,to have heard about (something),,have heard something with one's ears,fill_missing
8038,踩单车,to pedal a bike,,pedal a bicycle,fill_missing
8040,足足,full;as much as,,a full amount,fill_missing
8041,意愿,willingness;desire,,intention and wish,fill_missing
8044,电助力单车,electric-assist bike,,electric-power-assisted bicycle,fill_missing
8045,随处可见,can be seen everywhere,,can be seen wherever one goes,fill_missing
8046,五味杂陈,five flavors mixed;mixed feelings,,five flavours mixed together,fill_missing
8049,热情,enthusiastic,,warm feeling,fill_missing
8050,冷淡,cold;indifferent,,cold and faint,fill_missing
8051,打交道,to deal with;interact with,,have dealings,fill_missing
8052,意料之外,unexpected,,outside expectations,fill_missing
8053,逃税,tax evasion,,escape taxes,fill_missing
8054,发帖子,to post online,,publish a post,fill_missing
8055,上牌,to get a license plate;register vehicle,,put on a licence plate,fill_missing
8057,杂牌,off-brand;generic,,miscellaneous brand,fill_missing
8058,混乱,chaotic;disorganized,,mixed-up disorder,fill_missing
8059,常识,common sense,,common knowledge,fill_missing
8061,来得及,to have enough time (to do something),,can arrive in time,fill_missing
8062,长达,to extend as long as,,extend in length to,fill_missing
8063,付费,to pay a fee; fee-paying; paid,,pay a fee,fill_missing
8064,转念一想,on second thought;reconsider,,turn one's thoughts and think again,fill_missing
8066,二话不说,without hesitation,,without saying a second word,fill_missing
8067,充分,fully;thorough,,full and sufficient,fill_missing
8069,一晃而过,flash by,,pass in a flash,fill_missing
8070,配置,configuration;specs (of computer),,arrange and equip,fill_missing
8071,意想不到,unexpected,,cannot be anticipated,fill_missing
8074,不足,shortcoming;insufficient,,not enough,fill_missing
8077,互联网大厂,big tech company,,internet big factory,fill_missing
8078,舆论,public opinion,,public discussion,fill_missing
8087,华裔,ethnic Chinese,,Chinese descendants,fill_missing
8088,理科,field of science,,science subjects,fill_missing
8089,文科,liberal arts;humanities,,humanities subjects,fill_missing
8091,嘴上说说,to just pay lip service,,just say it with the mouth,fill_missing
8093,环保少女,environmental girl;Greta Thunberg,environmentally friendly maiden,environmental-protection girl,refine_existing_in_new_column
8096,包容,to be inclusive;tolerant,,encompass and accept,fill_missing
8100,马具,harness,,horse equipment,fill_missing
8101,威胁,threaten;threat,,intimidate and threaten,fill_missing
8102,粤语,Cantonese,,Yue language (Cantonese),fill_missing
8103,藏语,Tibetan language,,Tibetan language,fill_missing
8104,维吾尔语,Uyghur language,,Uyghur language,fill_missing
8105,蒙古语,Mongolian language,,Mongolian language,fill_missing
8106,朝鲜语,Korean language,,Korean language,fill_missing
8108,切身感受,personal experience;firsthand feeling,,personal bodily feeling,fill_missing
8110,其中,among them;one of,,within that,fill_missing
8111,代际差异,generation gap,,differences between generations,fill_missing
8112,00后,people born from 2000 through 2009,,after zero-zero (born in the 2000s),fill_missing
8115,投机,having good rapport;clicking (in conversation);stock market speculation,,fit the opportunity; speculate,fill_missing
8116,刷到,come across (online),,encounter while scrolling,fill_missing
8118,褒义,positive connotation,,praising meaning,fill_missing
8119,人为,artificial;man-made,,human action; human-made,fill_missing
8123,没福硬享,to force enjoyment beyond one's means,,"without good fortune, force the enjoyment",fill_missing
8130,礼让,to yield politely,,yield out of courtesy,fill_missing
8133,托举,parental support;lifting up,,support and lift,fill_missing
8134,改建,to remodel;rebuild;renovate,,alter and build,fill_missing
8135,疹子,rash,,rash,fill_missing
8137,赶时间,in a hurry;rush against time,,chase time,fill_missing
8138,"成也萧何, 败也萧何",success and failure come from same source,,"success is Xiao He, failure is also Xiao He",fill_missing
8139,空置率,vacancy rate,,empty-unit rate,fill_missing
8141,恒大,Evergrande,,ever great (Evergrande name),fill_missing
8142,身家,net worth,,personal and family wealth,fill_missing
8146,除以,divided by,,divide by,fill_missing
8147,苦果,bitter pill,,bitter fruit,fill_missing
8148,离岸,offshore,,away from shore,fill_missing
8149,澄清,to clarify,,settle clear,fill_missing
8150,过滤,to filter,,pass through a filter,fill_missing
8152,间接,indirectly,,connected through an intermediary,fill_missing
8153,搅拌,to stir,,stir and mix,fill_missing
8155,人造,artificial,,made by humans,fill_missing
8159,多巴胺,dopamine,,dopamine (phonetic chemical name),fill_missing
8160,换算,to convert (currency/units),,recalculate by conversion,fill_missing
8162,空无一物,completely empty,,empty without a single thing,fill_missing
8163,偏僻,remote;out-of-the-way,,remote and secluded,fill_missing
8164,回收,to recycle,,collect back,fill_missing
8165,报价,quoted price,,quote a price,fill_missing
8167,续航,battery life,,continue travelling,fill_missing
8168,观望,to wait and see,,watch and wait,fill_missing
8169,又爱又恨,love-hate,,both love and hate,fill_missing
8170,消耗体力,to consume physical energy,,use up bodily strength,fill_missing
8171,消耗精力,to consume mental energy,,use up mental energy,fill_missing
8173,返工,to redo work; rework; to return to work (regional usage),,return to work or redo work,fill_missing
8175,陶冶情操,to cultivate one's taste / character,,mould and refine sentiments and character,fill_missing
8177,办理,to handle (paperwork),,handle affairs,fill_missing
8178,出入境,entry and exit (border),,exit and enter the border,fill_missing
8179,广告费,advertising fee; advertising expenditure,,advertising expense,fill_missing
8180,额度,quota;limit,,allotted amount,fill_missing
8181,删减,to cut; to abridge; to delete portions,,delete and reduce,fill_missing
8182,省时,time-saving,,save time,fill_missing
8183,想当然,to assume without sufficient thought; to take for granted,,think it naturally so,fill_missing
8185,大喊大叫,shout loudly,,shout loudly and call loudly,fill_missing
8186,大哭大闹,to cry and make a scene,,cry loudly and make a big disturbance,fill_missing
8189,耳根清净,peace and quiet;clean ear roots,,ear roots clean and quiet,fill_missing
8190,静音车厢,quiet carriage,,silent carriage,fill_missing
8191,顾名思义,as the name suggests,,look at the name and think of the meaning,fill_missing
8192,标语,slogan,,displayed slogan,fill_missing
8193,班味,"a worn-down, work-dominated air or appearance (slang)",,work-shift flavour,fill_missing
8196,生活化,relatable;life-oriented,,make part of everyday life,fill_missing
8198,走廊,corridor,,walking corridor,fill_missing
8208,P掉,remove digitally,,Photoshop away,fill_missing
8209,美颜,beauty filter,,beautify the face,fill_missing
8211,例外,exception,,outside the usual case,fill_missing
8213,高大上,high-end;classy,,"high-grade, grand, classy (compressed slang)",fill_missing
8214,虚假宣传,false advertising,,false publicity,fill_missing
8216,楼盘,housing development,,property development,fill_missing
8217,雕塑,sculpture,,carve and mould,fill_missing
8218,超国民待遇,special treatment beyond citizens,,treatment beyond that of citizens,fill_missing
8219,指控,accusation;criminal charge,,point out and accuse,fill_missing
8220,夹杂,mix together,,intermingle,fill_missing
8222,误导性,misleading nature; misleading,,misdirecting nature,fill_missing
8225,浅,shallow,,shallow,fill_missing
8226,两个胖子站在一起，你要猜一个城市的名字,"Two fat people stand together, guess a city name",,two fat people stand together; guess a city's name,fill_missing
8228,守护解放西,Guarding Jiefang West (TV show),,guarding Jiefang West,fill_missing
8230,熨烫,ironing,,press with heat,fill_missing
8232,形婚,marriage of convenience,,marriage in form only,fill_missing
8233,打120,call ambulance,,dial 120,fill_missing
8234,B超,ultrasound scan,,B-mode ultrasound,fill_missing
8236,跟踪,to follow; to track; to stalk,,follow the tracks,fill_missing
8237,出卖,to betray,,sell out,fill_missing
8239,撸管,hand job;masturbate,,"stroke the tube (masturbate, vulgar)",fill_missing
8243,十全十美,perfect in every way,,"ten complete, ten beautiful",fill_missing
8244,起眼,eye-catching,,catch the eye,fill_missing
8245,眼前一亮,pleasantly surprised;to brighten one's eyes,,a brightness before the eyes,fill_missing
8247,风投,venture capital,,risk investment,fill_missing
8248,风口期,window of opportunity,,wind-gap period,fill_missing
8250,内陆,inland,,inner land,fill_missing
8252,洋务运动,Westernization Movement,,foreign-affairs movement,fill_missing
8255,资助,to subsidize,,assist with funds,fill_missing
8258,开拓眼界,broaden horizons,,open up the range of sight,fill_missing
8259,大差不差,more or less the same,,roughly not different,fill_missing
8261,老乡,fellow townsman,,fellow home-locality person,fill_missing
8264,何不食肉糜,out of touch with common people;Why don't they eat meat porridge,,why not eat minced-meat porridge?,fill_missing
8265,不切实际,impractical,,not close to reality,fill_missing
8270,刺耳,harsh to the ear,,stab the ears,fill_missing
8275,共处,to coexist,,dwell together,fill_missing
8276,董事会,board of directors,,board of directors,fill_missing
8281,转行,change careers,,change line of work,fill_missing
8282,文凭,diploma,,written credential,fill_missing
8284,粉丝,fans; followers; glass noodles; bean-thread vermicelli,,starch threads; fans (phonetic loan in the follower sense),fill_missing
8285,变现,monetize,,turn into cash,fill_missing
8286,凭感觉,go by feeling;by seat of pants,,rely on feeling,fill_missing
8293,骨灰级,hardcore (enthusiast),,bone-ash level,fill_missing
8294,自问自答,to ask and answer oneself,,ask oneself and answer oneself,fill_missing
8296,粘在一起,to stick together,,stick together,fill_missing
8299,分离焦虑,separation anxiety,,separation worry,fill_missing
8300,喂食器,pet feeder,,food-feeding device,fill_missing
8301,精力旺盛,full of energy,,vital energy flourishing,fill_missing
8302,楼房,building (multi-story),,multi-storey house,fill_missing
8303,独栋,detached house,,single detached building,fill_missing
8304,别墅,villa,,separate villa,fill_missing
8305,猎物,prey,,hunted creature,fill_missing
8306,哈气,to breathe out warm air; to hiss (of a cat),,breathe out; hiss (of a cat),fill_missing
8310,苏联,Soviet Union,,Soviet union (abbreviated name),fill_missing
8312,时髦,fashionable,,currently fashionable,fill_missing
8313,超级马里奥,Super Mario,,Super Mario (phonetic character name),fill_missing
8315,疏而不漏,nothing escapes justice,,wide-meshed but letting nothing through,fill_missing
8318,主题曲,theme song,,main-theme tune,fill_missing
8320,收拾,pack (luggage);tidy up,,collect and put in order,fill_missing
8322,拇指,thumb,,thumb,fill_missing
8325,知识青年上山下乡,Down to the Countryside Movement,,educated youth go up to the mountains and down to the countryside,fill_missing
8327,圈子,social circle,,circle,fill_missing
8328,七大姑八大姨,nosy relatives,,seven paternal aunts and eight maternal aunts,fill_missing
8330,摆拍,staged photo,,pose for a staged photograph,fill_missing
8331,嗤之以鼻,to sniff at;disdain,,snort at it through the nose,fill_missing
8332,肤浅,superficial,,skin-deep,fill_missing
8334,灵感枯竭,creative burnout,,inspiration dried up,fill_missing
8336,形象生动,vivid,,imagery vivid and alive,fill_missing
8337,新奇,novel,,new and unusual,fill_missing
8338,命根子,one's lifeblood;most precious thing,,root of life,fill_missing
8339,棋牌室,mahjong and card room,,chess-and-card room,fill_missing
8344,生怕,be terribly afraid that,,very afraid lest,fill_missing
8346,动漫,anime and comics,,animation and comics (abbreviation),fill_missing
8350,吵闹,noisy,,quarrelling and noisy,fill_missing
8352,剧透,to spoil (plot),,reveal the drama's plot,fill_missing
8355,视觉盛宴,visual feast,,visual grand banquet,fill_missing
8356,三维动画,3D animation,,three-dimensional animation,fill_missing
8360,哮喘,asthma,,wheezing and panting,fill_missing
8363,生动形象,vivid and lively,,vivid and concrete,fill_missing
8365,博取流量,seek traffic;clicks,,seek to gain traffic,fill_missing
8366,骨灰,ashes;cremated remains,,bone ashes,fill_missing
8372,抗美援朝,War to Resist US Aggression and Aid Korea,,resist America and aid Korea,fill_missing
8373,饥荒,famine,,hunger and crop failure,fill_missing
8374,断亲,cut off family ties,,sever kinship,fill_missing
8375,断绝,to break off,,cut off completely,fill_missing
8377,没话找话,to make small talk;awkward conversation,,"having no words, look for words",fill_missing
8378,怨恨,resentment,,resent and hate,fill_missing
8379,过渡,transition,,cross over,fill_missing
8386,送终,to attend to a dying elder and arrange their funeral,,see someone through their end,fill_missing
8396,外放,play audio aloud,,play outward,fill_missing
8398,狸花猫,tabby cat,,wildcat-patterned cat,fill_missing
8399,自助,self-service,,help oneself,fill_missing
8403,续费,to renew membership,,continue paying fees,fill_missing
8406,随身携带,to carry on one's person,,carry along with one's body,fill_missing
8409,紧跟潮流,to keep up with trends,,closely follow the tide,fill_missing
8411,小指,pinky finger,,little finger,fill_missing
8412,克服,overcome,,overcome and subdue,fill_missing
8413,戏法,magic trick,,performance trick,fill_missing
8414,1点5倍,1.5-times,,one point five times,fill_missing
8415,在回来路上,on the way back,,on the returning road,fill_missing
8416,4块5,4.5 yuan,,four yuan and five jiao,fill_missing
8417,皮疹,rash,,skin eruption,fill_missing
8418,细菌,bacteria;germ,,tiny microbes,fill_missing
8419,千兆,giga-; one billion; gigabit (in network contexts),,one thousand mega-units (giga- in computing),fill_missing
8420,小粉红,little pink;nationalistic netizen,,little pink,fill_missing
8421,就事论事,to discuss matters on their merits,,discuss the matter according to the matter itself,fill_missing
8425,执念,obsession;fixation,,clinging thought,fill_missing
8428,米其林,Michelin (guide),,Michelin (phonetic name),fill_missing
8429,利他,altruism,,benefit others,fill_missing
8430,转租,to sublet,,transfer the rental,fill_missing
8432,网感,online instinct;internet sense,,internet sense,fill_missing
8433,调快,to speed up (playback),,adjust faster,fill_missing
8434,巧合,coincidence,,coincidental fit,fill_missing
8436,追平,to catch up and tie,,chase until level,fill_missing
8439,直辖市,province level city,,directly administered city,fill_missing
8440,贴身,fitting;close to body,,close against the body,fill_missing
8441,怕黑,afraid of the dark,,fear the dark,fill_missing
8442,怕高,afraid of heights,,fear heights,fill_missing
8443,泡澡,to soak in a bath,,soak in a bath,fill_missing
8445,走神,to zone out;distracted;absent-minded,,the spirit wanders away,fill_missing
8447,有意识地,consciously;intentionally,,with awareness,fill_missing
8448,环游世界,to travel around the world,,travel around the world,fill_missing
8452,热气,heat; hot air; steam,,hot air,fill_missing
8455,潜力,potential,,hidden capacity,fill_missing
8456,黑五,Black Friday,,black Friday (abbreviation),fill_missing
8457,抢,snatch;rush to get,,snatch,fill_missing
8460,消费降级,downgrade consumption,,lower the grade of consumption,fill_missing
8461,聊得来,to get along well in conversation,,be able to converse congenially,fill_missing
8462,沪漂,Shanghai drifter,,Shanghai drifter,fill_missing
8463,活在自己的泡泡里面,live in one’s own bubble,,live inside one's own bubble,fill_missing
8464,学徒,apprentice,,learning apprentice,fill_missing
8466,宜居,livable,,suitable for residing,fill_missing
8468,追完,to finish watching (binge),,follow to completion,fill_missing
8469,穿越,to pass through; to traverse; to travel through time (fiction),,pass through and cross over,fill_missing
8470,霸道总裁,domineering CEO trope,,overbearing chief executive,fill_missing
8472,凑单,to add items to reach discount threshold,,combine items into an order,fill_missing
8473,囤货,to stockpile,,hoard goods,fill_missing
8474,手速,hand reflex speed,,hand speed,fill_missing
8475,过气,out of fashion,,past one's popular moment,fill_missing
8476,国际妇女节,International Women's Day;March 8,,international women's festival,fill_missing
8477,挤破脑袋,to fight tooth and nail (for something),,squeeze until heads break,fill_missing
8478,不惜花重金,to spare no expense,,not begrudge spending large sums,fill_missing
8480,骨子里,deep down;in one's bones,,inside the bones,fill_missing
8481,拧,to twist; to wring; to screw or unscrew; stubborn (nìng),,twist; wring; stubborn (depending on pronunciation),fill_missing
8482,散养,free-range,,raise free-ranging,fill_missing
8483,散漫,undisciplined;lax,,loose and undisciplined,fill_missing
8487,一眼望不到头,endless as far as the eye can see,,cannot see the end in one glance,fill_missing
8488,荔枝,lychee,,lychee,fill_missing
8489,讲解员,tour guide;museum docent,,explaining personnel,fill_missing
8491,遗址,ruins;historic site,,remaining site,fill_missing
8492,生活气息,sense of everyday life,,breath of daily life,fill_missing
8495,入坑,to get into (a new hobby),,enter the pit,fill_missing
8498,模范夫妻,model couple,,model husband and wife,fill_missing
8499,恩爱,deeply in love (couple),,loving affection,fill_missing
8501,钝感,insensitive;emotionally thick-skinned,,blunt sensitivity,fill_missing
8502,哄,to soothe (someone upset),,coax; soothe,fill_missing
8505,本命年自己会倒霉,you will have bad luck in your zodiac year,,"in one's own zodiac year, one will have bad luck",fill_missing
8507,冷战,cold war; silent treatment,,cold war,fill_missing
8508,栗子,chestnut,,chestnut,fill_missing
8509,后座,back seat,,rear seat,fill_missing
8511,饭后百步走活到九十九,Walk a hundred steps after a meal and you'll live to ninety-nine.,,Walk a hundred steps after a meal and you'll live to ninety-nine.,fill_missing
8512,锒铛入狱,to get shackled and thrown in jail,,enter prison with clanking shackles,fill_missing
8514,掌握,to master;control,,hold in the palm,fill_missing
8519,无奈之举,a last resort,,action taken because there is no alternative,fill_missing
8527,专程,special trip;for a special purpose,,dedicated journey,fill_missing
8528,跳出舒适圈,step out of one's comfort zone,,jump out of the comfort circle,fill_missing
8529,平平无奇,ordinary; unremarkable,,ordinary and without anything unusual,fill_missing
8534,失信名单,blacklist of defaulters,,list of those who break trust,fill_missing
8536,先买后付,buy now pay later,,"buy first, pay later",fill_missing
8540,间断性,intermittent,,intermittent nature,fill_missing
8541,身体发肤受之父母,one's body and hair are given by one's parents,,"body, hair and skin are received from one's parents",fill_missing
8544,抗争到底,fight to the end,,resist and struggle to the end,fill_missing
8547,下属,subordinate,,one belonging below,fill_missing
8548,老豆,old bean;Cantonese dad,,old dad (Cantonese expression),fill_missing
8549,见外,to be polite as an outsider;regard someone as an outsider,,regard as an outsider,fill_missing
8551,个人魅力,personal charisma,,personal charm,fill_missing
8553,答疑解惑,answer questions and clear up confusion,,answer doubts and resolve confusion,fill_missing
8554,大跌眼镜,eye-opening;to be greatly surprised,,make the glasses drop in surprise,fill_missing
8555,代言,to endorse,,speak on behalf of,fill_missing
8560,痰,phlegm,,phlegm,fill_missing
8570,有说服力,persuasive,,have persuasive power,fill_missing
8571,儿化音,erhua; addition of an r-colored suffix in Mandarin,,er-transformed sound,fill_missing
8572,下南洋,Chinese migration to Southeast Asia,,go down to the Southern Seas,fill_missing
8573,百善孝为先,filial piety comes first,,"among a hundred virtues, filial piety is first",fill_missing
8574,仁者爱人,the benevolent love others,,the benevolent person loves people,fill_missing
8575,枯燥无味,dull and boring,,dry and without flavour,fill_missing
8579,最大化,to maximize,,make as large as possible,fill_missing
8580,皮革,leather,,hide and leather,fill_missing
8582,吃喝嫖赌,"indulge in vice;to eat, drink, hire prostitutes, and gamble",,"eat, drink, visit prostitutes and gamble",fill_missing
8584,被宰,to get ripped off,,be slaughtered,fill_missing
8585,众所周知,as everyone knows,,what everyone knows,fill_missing
8586,江浙沪独生女,"a woman from Jiangsu, Zhejiang, or Shanghai who is an only child",,"only daughter from Jiangsu, Zhejiang or Shanghai",fill_missing
8587,瑕疵,flaw;defect;blemish,,blemish or flaw,fill_missing
8588,黑神话悟空,Black Myth Wukong (game),,black myth: Wukong,fill_missing
8589,专利,patent,,exclusive right,fill_missing
8590,活蹦乱跳,full of energy;lively and jumping,,"alive, leaping and jumping about",fill_missing
8591,填饱肚子,fill one's stomach,,fill the belly until full,fill_missing
8592,避风,to shelter from the wind; to lie low,,avoid the wind,fill_missing
8595,俗语,folk saying;common saying,,common expression,fill_missing
8597,丰盛,rich;hearty;sumptuous,,abundant and plentiful,fill_missing
8598,教程,tutorial,,course of instruction,fill_missing
8599,普及率,penetration rate,,rate of widespread adoption,fill_missing
8600,投币式,coin operated,,coin-inserting type,fill_missing
8604,饱和,saturated,,saturated,fill_missing
8605,蓝海,blue ocean;untapped market,,blue sea,fill_missing
8606,拼团,group buying,,join into a buying group,fill_missing
8607,反常识,counterintuitive,,against common knowledge,fill_missing
8611,跑题,to digress (from topic),,run off the topic,fill_missing
8612,何乐而不为,what can you have against it;why not do it (rhetorical),why gladly not do it,why not do something enjoyable?,refine_existing_in_new_column
8613,片头曲,opening theme song,,film-beginning tune,fill_missing
8614,一口气吃不成胖子,you can't get fat in one bite;Rome wasn't built in a day,,one cannot become fat by eating in one breath,fill_missing
8616,费脑子,mentally taxing,,expend brain effort,fill_missing
8617,毫不费力,effortless,,not expend the slightest effort,fill_missing
8618,下定决心,make up one's mind,,set one's resolve firmly,fill_missing
8619,全方位,all around comprehensive,,all directions,fill_missing
8622,非机动车道,non-motorized vehicle lane,,non-motor-vehicle lane,fill_missing
8623,分界线,demarcation line,,boundary-dividing line,fill_missing
8624,绕开,to go around;bypass,,go around to avoid,fill_missing
8629,优越感,sense of superiority,,feeling of superiority,fill_missing
8630,师范学校,normal school;teacher training school,,teacher-model school,fill_missing
8632,旁观者清,the onlooker sees more clearly,,the person watching from the side sees clearly,fill_missing
8636,加减乘除,"addition, subtraction, multiplication, division",,"add, subtract, multiply, divide",fill_missing
8639,华人,ethnic Chinese,,Chinese person,fill_missing
8640,华侨,overseas Chinese citizen,,Chinese national residing abroad,fill_missing
8643,腻,fed up;sick of,,cloying; fed up,fill_missing
8645,胎儿,fetus,,unborn child,fill_missing
8646,白勺的,white ladle de (的),,the de written with 'white' and 'ladle' (的),fill_missing
8647,土字旁的,earth radical de (地),,the de with the earth radical (地),fill_missing
8648,双人旁的,double person radical de (得),,the de with the double-person radical (得),fill_missing
8649,片段,fragment; excerpt; segment; clip,,piece or segment,fill_missing
8651,松弛感,"a relaxed, unstrained manner; a sense of ease",,feeling of looseness and ease,fill_missing
8653,背部,back (body part),,back part,fill_missing
8655,骨骼,skeleton,,bones of the skeleton,fill_missing
8656,傻逼,idiot,,stupid cunt (vulgar insult),fill_missing
8658,滚开,get lost;go away,,roll away,fill_missing
8659,去你的,screw you,,to hell with you,fill_missing
8660,耗材,consumable supplies,,materials consumed in use,fill_missing
8661,杨梅,bayberry,,Chinese bayberry,fill_missing
8662,百年国耻,century of humiliation;1839-1949,,a hundred years of national humiliation,fill_missing
8663,国共内战,Chinese Civil War,,Nationalist-Communist civil war,fill_missing
8664,经济下行,economic downturn,,economy moving downward,fill_missing
8665,科举,imperial examination system,,selection by subject examinations,fill_missing
8666,占座,reserve a seat,,occupy a seat,fill_missing
8667,举重,weightlifting,,raise heavy weights,fill_missing
8670,湿疹,eczema,,damp eruption,fill_missing
8671,穴位,acupressure point,,acupuncture-point location,fill_missing
8672,变通,to be flexible;accommodating,,adapt flexibly,fill_missing
8674,超速,to exceed the speed limit; speeding,,exceed speed,fill_missing
8676,礼让行人,to yield to pedestrians,,courteously yield to pedestrians,fill_missing
8677,油车,gasoline car,,fuel car,fill_missing
8678,劝退,to discourage from continuing,,persuade to withdraw,fill_missing
8679,灵丹妙药,panacea;miracle cure,,effective elixir and wondrous medicine,fill_missing
8680,音节,syllable,,sound segment,fill_missing
8681,气晕,to faint from anger,,faint from anger,fill_missing
8683,吃播,eating broadcast,,eating broadcast,fill_missing
8684,客家人,Hakka people,,guest-family people (Hakka),fill_missing
8685,捷运,Taiwan metro term,,rapid transport,fill_missing
8686,一时兴起,on a whim,,a moment's inspiration arises,fill_missing
8687,循环往复,to cycle over and over,,cycle back and forth,fill_missing
8688,高光,highlight; peak moment,,high light,fill_missing
8689,代驾,designated driver service,,drive in another's place,fill_missing
8690,500强,top 500 companies (in a specified ranking),,five hundred strongest,fill_missing
8691,消毒,to disinfect,,remove germs,fill_missing
8692,起霉,to get moldy,,develop mould,fill_missing
8696,误导,to mislead,,guide wrongly,fill_missing
8698,游牧民族,nomadic people,,roaming pastoral people,fill_missing
8699,通婚,to intermarry,,intermarry,fill_missing
8700,解放军,People's Liberation Army,,liberation army,fill_missing
8704,没有半毛钱关系,to have no relationship at all,,not have even half a mao's worth of connection,fill_missing
8706,正儿八经,serious; proper,,proper and serious,fill_missing
8707,独门秘籍,secret method,,exclusive-school secret manual,fill_missing
8708,演练,to rehearse;drill,,perform and practice,fill_missing
8710,厨房粉碎机,garbage disposal,,kitchen pulverizing machine,fill_missing
8712,陷入,sink into;fall into,,fall into,fill_missing
8713,称呼,call;form of addressing someone,,call or address someone,fill_missing
8714,喔,oh;particle to make things sound softer,,oh (exclamation or softening particle),fill_missing
8715,扇叶,fan blade,,fan leaf,fill_missing
8716,后续,follow-up,,subsequent continuation,fill_missing
8717,价保,price protection,,price guarantee,fill_missing
8718,商战,business battle,,commercial war,fill_missing
8719,代名词,pronoun; byword; a name standing for something,,substitute noun,fill_missing
8721,打折季,sale season,,discount season,fill_missing
8722,走寻常路,to follow the conventional path,,walk the usual road,fill_missing
8723,扫购一空,to buy up everything,,sweep-buy until empty,fill_missing
8725,宝子,dear (internet slang),,dear one (affectionate 'treasure' address),fill_missing
8726,管家,butler,,manage the household,fill_missing
8729,城市化,urbanization,,become urban,fill_missing
8732,菌,fungus; bacterium; germ (depending on compound and context),,fungus or bacterium (context-dependent),fill_missing
8734,要求,to require;requirement;request,,ask for; require,fill_missing
8736,健身器材,fitness equipment,,body-strengthening equipment,fill_missing
8738,女士们，先生们，大家晚上好,"Ladies and gentlemen, good evening.",,"Ladies and gentlemen, good evening.",fill_missing
8739,聚聚,to hang out (internet slang),,gather a little,fill_missing
8740,先生,Mr.; sir; gentleman; husband,,one born earlier; Mr or sir,fill_missing
8744,淡妆,light makeup,,light makeup,fill_missing
8746,腮红,blush,,cheek red,fill_missing
8749,受众,target audience,,receiving audience,fill_missing
8750,重农轻商,to value agriculture over commerce,,regard agriculture as weighty and commerce as light,fill_missing
8751,士农工商,"social hierarchy: scholars, farmers, artisans, merchants",,"scholars, farmers, workers, merchants",fill_missing
8752,倒爷,speculator;reseller,,reselling lord,fill_missing
8756,板球,cricket,,bat-and-ball game (cricket),fill_missing
8757,被泄漏,to be leaked,,be leaked out,fill_missing
8758,手机支架,phone stand,,mobile-phone support frame,fill_missing
8759,前置摄像头,front-facing camera,,front-positioned camera,fill_missing
8761,榜单,ranking list,,ranked list,fill_missing
8763,世界末日,doomsday;the end of the world,,world's final day,fill_missing
8764,停滞,to stagnate;stagnant,,stop and stagnate,fill_missing
8765,积累,to accumulate,,gather and accumulate,fill_missing
8766,听说读写,listening speaking reading and writing,,"listen, speak, read, write",fill_missing
8767,资产,assets,,financial property,fill_missing
8768,天文数字,astronomical figure,,astronomical number,fill_missing
8769,丰俭由人,it's up to one's means,,abundance or frugality is up to the person,fill_missing
8771,稀里糊涂,confused; muddle-headed,,muddled and confused,fill_missing
8772,自动取款机,ATM,,automatic cash-withdrawing machine,fill_missing
8773,售票处,ticket office,,ticket-selling place,fill_missing
8774,遥可及,out of reach,,distant but reachable (source says 遥可及; 'out of reach' would require 不),fill_missing
8775,气质,temperament;disposition,,bearing and temperament,fill_missing
8776,穿搭,outfit; styling,,clothing combinations,fill_missing
8783,内疚,guilty,,inner guilt,fill_missing
8785,催婚,to pressure someone to marry,,urge marriage,fill_missing
8786,搁置,to shelve; put aside,,set aside,fill_missing
8787,自传,autobiography,,one's own biography,fill_missing
8788,业务员,salesperson,,business-affairs personnel,fill_missing
8792,拗口,hard to pronounce;awkward sounding,,awkward in the mouth,fill_missing
8795,老牌,established brand,,long-established brand,fill_missing
8797,翻新,to refurbish,,make new again,fill_missing
8798,暗病,hidden illness; concealed ailment; latent defect,,hidden illness,fill_missing
8802,抱团,to stick together (group),,huddle together,fill_missing
8803,本国人,one's compatriots; people of one's own country,,people of one's own country,fill_missing
8804,比例大概是多少,what is the approximate proportion?,,what is the approximate proportion?,fill_missing
8814,诸如此类,and so on; such things like that,,various things of this kind,fill_missing
8815,许可证,permit; license,,permission certificate,fill_missing
8816,登天还难,extremely difficult,,even harder than ascending to heaven (fragmentary source wording),fill_missing
8819,翻车,to fail badly; to backfire,,overturn a vehicle,fill_missing
8820,原型,prototype; original model,,original model,fill_missing
8821,初一,first day of a lunar month; first year of junior high school,,first day; first year of junior secondary school (context-dependent),fill_missing
8822,除夕,Chinese New Year's Eve,,year-ending eve,fill_missing
8824,请见谅,please forgive me,,please show understanding and forgiveness,fill_missing
8825,走亲戚,to visit relatives,,go visiting relatives,fill_missing
8827,宜人,pleasant,,pleasing to people,fill_missing
8828,难熬,hard to endure,,hard to endure,fill_missing
8829,酷热,scorching hot,,severe heat,fill_missing
8830,语文,literature and language (school subject),,language and writing,fill_missing
8851,国际足联,FIFA,,international football federation (abbreviation),fill_missing
8852,协会,association,,association,fill_missing
8854,年老体弱,old and physically weak,,"old in years, weak in body",fill_missing
8855,昏迷不醒,unconscious,,unconscious and not waking,fill_missing
8857,见义勇为,act bravely for a just cause,,see a just cause and act bravely,fill_missing
8860,神经过敏,overly sensitive,,nerves excessively sensitive,fill_missing
8861,监管,regulation,,supervise and manage,fill_missing
8862,商业机密,trade secret,,commercial secret,fill_missing
8864,别狗叫了,stop barking,,stop barking like a dog,fill_missing
8865,蛐蛐,cricket;mocking someone behind their back,,cricket; criticize privately (sound-pun slang),fill_missing
8866,破防了,to have one's emotional defenses broken; to become deeply upset or moved (slang),,the defences have been breached,fill_missing
8867,绝逼是,absofuckinglutely,,abso-fucking-lutely is (vulgar intensifier),fill_missing
8868,海后,playgirl,,sea queen,fill_missing
8869,懒驴上磨屎尿多,lazy people always have excuses,,a lazy donkey at the mill has much shit and urine,fill_missing
8870,没人伺候你,no one is here to serve you,,no one is here to serve you,fill_missing
8871,我弄死你,"I'll kill you; I'll finish you off (threat or hyperbole, depending on context).",,I will make you dead,fill_missing
8872,丑人多做怪,ugly people cause the most drama,,ugly people often act strangely (source variant of 做怪),fill_missing
8873,公鸭嗓,croaky voice,,male-duck voice,fill_missing
8874,你行不行啊,can you even do it?,,can you do it or not?,fill_missing
8875,狗改不了吃屎,"A leopard never changes its spots (literally, a dog can't stop eating shit; vulgar).",,a dog cannot stop eating shit,fill_missing
8876,你给我等着,just you wait,,you just wait for me,fill_missing
8878,眼不见，心不烦,"Out of sight, out of mind.",,"eyes do not see, heart is not troubled",fill_missing
8879,你装什么逼,who do you think you are?,,what are you putting on airs for? (vulgar),fill_missing
8880,太佛了,so chill,,too Buddha-like,fill_missing
8881,太夯了,top-tier;super trendy,,very hot/top-tier (slang 夯; ordinarily 'ram or tamp'),fill_missing
8882,你傻逼吧,are you fucking stupid?,,are you a stupid cunt? (vulgar insult),fill_missing
8883,闲得蛋疼,bored out of one's mind; having nothing better to do (vulgar slang),,so idle that one's balls hurt,fill_missing
8884,真彪,completely reckless;crazy,,really reckless (regional slang),fill_missing
8885,你找抽啊,are you looking for trouble?,,are you looking for a beating?,fill_missing
8886,关你屁事,none of your business,,what fart business of yours is it? (vulgar),fill_missing
8887,你有病啊,what's wrong with you?,,are you ill?,fill_missing
8888,滚,leave me alone;get lost,,roll away,fill_missing
8889,烦死了,I'm so annoyed,,annoyed to death,fill_missing
8890,太飒了,so cool;slayed,,very dashing,fill_missing
8891,我操,fuck;damn,,fuck! (vulgar exclamation),fill_missing
8896,属于,belong to,,belong to,fill_missing
8897,精品,premium product,,fine-quality product,fill_missing
8898,参数,parameter,,parameter value,fill_missing
8899,上瘾,be addicted,,become addicted,fill_missing
8901,会员,member,,association member,fill_missing
8902,同音字,characters with the same pronunciation; homophonous characters,,same-sound characters,fill_missing
8905,晒娃,show off one's children online,,air one's children in public,fill_missing
8906,字如其人,handwriting reflects the person,,the writing is like the person,fill_missing
8909,六艺,the Six Arts,,six arts,fill_missing
8910,贵族,nobility,,noble clan,fill_missing
8911,古装剧,period costume drama,,ancient-costume drama,fill_missing
8912,必经之路,necessary path,,road that must be passed,fill_missing
8913,法庭,courtroom,,court of law,fill_missing
8914,各位早上好,good morning everyone,,good morning to all,fill_missing
8917,第三方,third party,,third party,fill_missing
8918,外包公司,outsourcing company,,outside-contracting company,fill_missing
8919,运营,operations; to operate,,operate and manage,fill_missing
8920,旗下,under the umbrella of,,under the flag,fill_missing
8921,差异化,differentiation,,make differentiated,fill_missing
8923,中场秀,halftime show,,middle-of-game show,fill_missing
8924,戴上耳机,put on headphones,,put on earphones,fill_missing
8925,淘汰赛阶段,knockout stage,,elimination-contest stage,fill_missing
8926,六成,sixty percent,,six tenths,fill_missing
8927,霍尔木兹海峡,Strait of Hormuz,,Hormuz sea strait,fill_missing
8929,铀,uranium,,uranium,fill_missing
8930,爱泼斯坦,Epstein,,Epstein (phonetic surname),fill_missing
8933,离心机,centrifuge,,leave-the-centre machine,fill_missing
8938,助手,assistant,,helping hand,fill_missing
8949,脑力,brainpower; mental capacity,,brain power,fill_missing
8951,简化,to simplify,,make simple,fill_missing
8952,退而求其次,to settle for second best,,retreat and seek the next best,fill_missing
8953,韩剧,Korean drama,,Korean drama,fill_missing
8954,阅读器,e-reader,,reading device,fill_missing
8957,阴凉,shady and cool,,shady and cool,fill_missing
8958,不妥,inappropriate,,not appropriate,fill_missing
8959,招聘,to recruit;invite applications;hiring,,invite applications for employment,fill_missing
8962,优势,advantage,,advantageous position,fill_missing
8963,换句话说,in other words,,change the words and say,fill_missing
8964,央视,China Central Television (CCTV),,central television (abbreviation),fill_missing
8967,英国卫报,The Guardian,,Britain's Guardian newspaper,fill_missing
8968,委员会,committee,,committee-member assembly,fill_missing
8969,人形机器人,humanoid robot,,human-shaped machine person,fill_missing
8973,尺寸,size;dimensions;measurements,,chi and cun (units); dimensions,fill_missing
8974,年少成名,to become famous at a young age,,become named while young,fill_missing
8976,时令,season; time of year; seasonal,,seasonal time,fill_missing
8977,当季,in season,,the current season,fill_missing
8978,应季,in season;seasonal,,suited to the season,fill_missing
8979,仓储式超市,warehouse supermarket,,warehouse-style supermarket,fill_missing
8981,气象,weather conditions; meteorological phenomena; atmosphere or scene,,atmospheric phenomena,fill_missing
8984,有可能,possibly,,have a possibility,fill_missing
8985,老城区,old town,,old city district,fill_missing
8986,桑拿,sauna,,sauna (phonetic loanword),fill_missing
8987,亩,"mu (Chinese unit of area), about 666.7 square meters",,mu (traditional area unit),fill_missing
8989,同比增长,year-on-year growth,,growth compared with the same period,fill_missing
8990,宝可梦,Pokémon,,Pokemon (phonetic brand name),fill_missing
8993,外来的,foreign,,coming from outside,fill_missing
8994,预警,warning;alert,,warn in advance,fill_missing
8995,黑产,illegal industry,,black industry,fill_missing
8997,美东时间,US Eastern Time,,US eastern time,fill_missing
8998,爆炸声,sound of an explosion,,explosion sound,fill_missing
8999,震级,earthquake magnitude,,earthquake magnitude level,fill_missing
9001,两位数,two-digit number,,two-position number,fill_missing
9002,身上有汗,to be sweaty,,there is sweat on the body,fill_missing
9003,眼里有光,eyes full of hope,,there is light in the eyes,fill_missing
9007,防晒,sun protection,,guard against sun exposure,fill_missing
9008,面罩,face covering,,face cover,fill_missing
9009,干燥,dry;arid,,dry and parched,fill_missing
9011,洋节,foreign holiday,,foreign festival,fill_missing
9012,积极参与,actively participate,,participate actively,fill_missing
9015,思维,way of thinking,,thinking,fill_missing
9017,大丹犬,Great Dane,,great Danish dog,fill_missing
9018,禁令,ban; prohibition,,prohibiting order,fill_missing
9019,兆瓦,megawatt,,million watts,fill_missing
9020,瓦,watt,,watt (abbreviated phonetic unit),fill_missing
9021,千瓦,kilowatt,,thousand watts,fill_missing
9024,假一赔十,tenfold compensation for a fake product,,"one fake, compensate ten",fill_missing
9025,消费,to consume; spend,,consume and spend,fill_missing
9030,游乐园,amusement park,,play-and-amusement park,fill_missing
9032,秋千,swing,,swing,fill_missing
9036,合租,to share a rental,,rent together,fill_missing
9037,悄悄话,whisperings; private conversation,,quiet words,fill_missing
9038,售卖,to sell,,sell,fill_missing
9039,监控,surveillance; to monitor,,monitor and control,fill_missing
9044,部位,part; area of the body or object,,part position,fill_missing
9048,班次,scheduled service; departure frequency,,scheduled run or shift,fill_missing
9049,招手,to wave; beckon,,beckon with the hand,fill_missing
9050,经过,to pass by; go through,,pass through,fill_missing
9053,文档,document,,written document,fill_missing
9054,一个一个来,one at a time,,come one by one,fill_missing
9055,转变,to transform; change,,turn and change,fill_missing
9058,改正,to correct,,change to correct,fill_missing
9059,音调,pitch; intonation,,sound pitch,fill_missing
9060,心流,flow state,,mind flow,fill_missing
9061,抱石,bouldering,,hug the rock,fill_missing
9062,顶绳,top-rope climbing,,top rope,fill_missing
9067,次卡,punch card (per-visit pass),,per-use card,fill_missing
9068,季卡,three-month pass; seasonal pass,,season card,fill_missing
9069,照常,as usual,,according to the usual,fill_missing
9070,种种,all kinds of; various,,kind after kind,fill_missing
9071,断断续续,on and off; intermittently,,breaking off and continuing,fill_missing
9072,宣泄,to vent; release emotions,,let out and release,fill_missing
9075,个体商店,individually-owned shop,,individual-owned shop,fill_missing
9076,容器,container,,containing vessel,fill_missing
9082,粗门,event organizing mini-app,,"coarse door (app name, sound pun on 'go out')",fill_missing
9083,胖友,friend; pal (playful internet spelling of 朋友),,fat friend (playful sound spelling of 'friend'),fill_missing
9084,旁友,friend (shanghai dialect),,friend (Shanghai-dialect sound spelling),fill_missing
9085,女票,girlfriend (internet slang),,female ticket (sound-pun slang for girlfriend),fill_missing
9086,男票,boyfriend (internet slang),,male ticket (sound-pun slang for boyfriend),fill_missing
9087,烂尾娃,child whose development or upbringing is seen as having stalled (internet slang),,unfinished-project child,fill_missing
9089,切身,firsthand,,close to one's own person,fill_missing
9090,非典,SARS,,atypical pneumonia (abbreviation used for SARS),fill_missing
9093,绝望,despair; hopeless,,cut off hope,fill_missing
